ID;EMPRESA;CATEGORIA;DETALHE;IMPACTO;ACAO_RECOMENDADA
"3";"ESCOLA BAIANA DE ADMINISTRAÇÃO";"Coparticipação sem Política";"Fator Moderador ""Mensalidade + Coparticipação"", porém Política_Coparticipacao está vazia";"Não aplicável política com coparticipação específica; deve permanecer não associada sem inferir padrão";"Decisão comercial: aguardar definição da operadora ou manter em branco"
"4";"PLANSUL PLANEJAMENTO E CONSULTORIA LTDA";"Coparticipação sem Política";"Fator Moderador ""Mensalidade + Coparticipação"", porém Política_Coparticipacao está vazia";"Não aplicável política com coparticipação específica; deve permanecer não associada sem inferir padrão";"Decisão comercial: aguardar definição da operadora ou manter em branco"
"5";"FIBRASA S.A";"Coparticipação sem Política";"Fator Moderador ""Mensalidade + Coparticipação"", porém Política_Coparticipacao está vazia";"Não aplicável política com coparticipação específica; deve permanecer não associada sem inferir padrão";"Decisão comercial: aguardar definição da operadora ou manter em branco"
"7";"GESTOR SERVICOS";"Coparticipação sem Política";"Fator Moderador ""Mensalidade + Coparticipação"", porém Política_Coparticipacao está vazia";"Não aplicável política com coparticipação específica; deve permanecer não associada sem inferir padrão";"Decisão comercial: aguardar definição da operadora ou manter em branco"
"8";"Expresso Nepomuceno S/A";"Coparticipação sem Política";"Fator Moderador ""Mensalidade + Coparticipação"", porém Política_Coparticipacao está vazia";"Não aplicável política com coparticipação específica; deve permanecer não associada sem inferir padrão";"Decisão comercial: aguardar definição da operadora ou manter em branco"
"9";"COTEMON CONSTRUCOES TUBULACOES E MONTAGENS INDUSTRIAIS LTDA";"Coparticipação sem Política";"Fator Moderador ""Mensalidade + Coparticipação"", porém Política_Coparticipacao está vazia";"Não aplicável política com coparticipação específica; deve permanecer não associada sem inferir padrão";"Decisão comercial: aguardar definição da operadora ou manter em branco"
"10";"INDUSTRIA BAIANA DE VIDROS LTDA";"Coparticipação sem Política";"Fator Moderador ""Mensalidade + Coparticipação"", porém Política_Coparticipacao está vazia";"Não aplicável política com coparticipação específica; deve permanecer não associada sem inferir padrão";"Decisão comercial: aguardar definição da operadora ou manter em branco"
"15";"VERZZON EMPREENDIMENTOS LTDA";"Coparticipação sem Política";"Fator Moderador ""Mensalidade + Coparticipação"", porém Política_Coparticipacao está vazia";"Não aplicável política com coparticipação específica; deve permanecer não associada sem inferir padrão";"Decisão comercial: aguardar definição da operadora ou manter em branco"
"22";"CAMATEX CONFECCOES LTDA";"Coparticipação sem Política";"Fator Moderador ""Mensalidade + Coparticipação"", porém Política_Coparticipacao está vazia";"Não aplicável política com coparticipação específica; deve permanecer não associada sem inferir padrão";"Decisão comercial: aguardar definição da operadora ou manter em branco"
"23";"TELLUS INFORMATICA E TELECOMUNICACOES LTDA";"Coparticipação sem Política";"Fator Moderador ""Mensalidade + Coparticipação"", porém Política_Coparticipacao está vazia";"Não aplicável política com coparticipação específica; deve permanecer não associada sem inferir padrão";"Decisão comercial: aguardar definição da operadora ou manter em branco"
"24";"CONSOLIS SOLUCOES INTELIG LTDA";"Coparticipação sem Política";"Fator Moderador ""Mensalidade + Coparticipação"", porém Política_Coparticipacao está vazia";"Não aplicável política com coparticipação específica; deve permanecer não associada sem inferir padrão";"Decisão comercial: aguardar definição da operadora ou manter em branco"
"28";"CONFIANÇA";"Coparticipação sem Política";"Fator Moderador ""Mensalidade + Coparticipação"", porém Política_Coparticipacao está vazia";"Não aplicável política com coparticipação específica; deve permanecer não associada sem inferir padrão";"Decisão comercial: aguardar definição da operadora ou manter em branco"
"31";"MUNICÍPIO DE ALAGOINHAS - BAHIA";"Coparticipação sem Política";"Fator Moderador ""Mensalidade + Coparticipação"", porém Política_Coparticipacao está vazia";"Não aplicável política com coparticipação específica; deve permanecer não associada sem inferir padrão";"Decisão comercial: aguardar definição da operadora ou manter em branco"
"32";"SINDICATO DA IND DE PANIFICACAO E CONFEITARIA DO EST PE";"Coparticipação sem Política";"Fator Moderador ""Mensalidade + Coparticipação"", porém Política_Coparticipacao está vazia";"Não aplicável política com coparticipação específica; deve permanecer não associada sem inferir padrão";"Decisão comercial: aguardar definição da operadora ou manter em branco"
"35";"PROTEMAXI SEGURANÇA PATRIMONIAL";"Coparticipação sem Política";"Fator Moderador ""Mensalidade + Coparticipação"", porém Política_Coparticipacao está vazia";"Não aplicável política com coparticipação específica; deve permanecer não associada sem inferir padrão";"Decisão comercial: aguardar definição da operadora ou manter em branco"
"36";"NORAL NORDESTE ALUMINIO LTDA";"Coparticipação sem Política";"Fator Moderador ""Mensalidade + Coparticipação"", porém Política_Coparticipacao está vazia";"Não aplicável política com coparticipação específica; deve permanecer não associada sem inferir padrão";"Decisão comercial: aguardar definição da operadora ou manter em branco"
"37";"ENGECAMPO ENGENHARIA S/A";"Coparticipação sem Política";"Fator Moderador ""Mensalidade + Coparticipação"", porém Política_Coparticipacao está vazia";"Não aplicável política com coparticipação específica; deve permanecer não associada sem inferir padrão";"Decisão comercial: aguardar definição da operadora ou manter em branco"
"38";"MAIS HOTEL";"Coparticipação sem Política";"Fator Moderador ""Mensalidade + Coparticipação"", porém Política_Coparticipacao está vazia";"Não aplicável política com coparticipação específica; deve permanecer não associada sem inferir padrão";"Decisão comercial: aguardar definição da operadora ou manter em branco"
"40";"JMC SERVIÇOS E TERCEIRIZAÇÕES LTDA";"Coparticipação sem Política";"Fator Moderador ""Mensalidade + Coparticipação"", porém Política_Coparticipacao está vazia";"Não aplicável política com coparticipação específica; deve permanecer não associada sem inferir padrão";"Decisão comercial: aguardar definição da operadora ou manter em branco"
"41";"LE JAZZ BAR E RESTAURANTE LTDA";"Coparticipação sem Política";"Fator Moderador ""Mensalidade + Coparticipação"", porém Política_Coparticipacao está vazia";"Não aplicável política com coparticipação específica; deve permanecer não associada sem inferir padrão";"Decisão comercial: aguardar definição da operadora ou manter em branco"
"42";"VIKSERVICES OUTSOURCING S.A";"Coparticipação sem Política";"Fator Moderador ""Mensalidade + Coparticipação"", porém Política_Coparticipacao está vazia";"Não aplicável política com coparticipação específica; deve permanecer não associada sem inferir padrão";"Decisão comercial: aguardar definição da operadora ou manter em branco"
"43";"CENTRO COMERCIAL ALPHAVILLE (funcionários CLT)";"Coparticipação sem Política";"Fator Moderador ""Mensalidade + Coparticipação"", porém Política_Coparticipacao está vazia";"Não aplicável política com coparticipação específica; deve permanecer não associada sem inferir padrão";"Decisão comercial: aguardar definição da operadora ou manter em branco"
"46";"CAPRICCHE S.A";"Coparticipação sem Política";"Fator Moderador ""Mensalidade + Coparticipação"", porém Política_Coparticipacao está vazia";"Não aplicável política com coparticipação específica; deve permanecer não associada sem inferir padrão";"Decisão comercial: aguardar definição da operadora ou manter em branco"
"47";"FOUR RUBBER INDÚSTRIA E COMERCIO DE BORRACHAS E PLASTICO LTDA";"Coparticipação sem Política";"Fator Moderador ""Mensalidade + Coparticipação"", porém Política_Coparticipacao está vazia";"Não aplicável política com coparticipação específica; deve permanecer não associada sem inferir padrão";"Decisão comercial: aguardar definição da operadora ou manter em branco"
"51";"INSTITUICAO ASSISTENCIAL EMMANUEL";"Coparticipação sem Política";"Fator Moderador ""Mensalidade + Coparticipação"", porém Política_Coparticipacao está vazia";"Não aplicável política com coparticipação específica; deve permanecer não associada sem inferir padrão";"Decisão comercial: aguardar definição da operadora ou manter em branco"
"52";"LEAP TECHNOLOGIES MANUTENCAO LTDA";"Coparticipação sem Política";"Fator Moderador ""Mensalidade + Coparticipação"", porém Política_Coparticipacao está vazia";"Não aplicável política com coparticipação específica; deve permanecer não associada sem inferir padrão";"Decisão comercial: aguardar definição da operadora ou manter em branco"
"53";"LOCAR GUINDASTES E TRANSPORTES INTERMODAIS S A";"Coparticipação sem Política";"Fator Moderador ""Mensalidade + Coparticipação"", porém Política_Coparticipacao está vazia";"Não aplicável política com coparticipação específica; deve permanecer não associada sem inferir padrão";"Decisão comercial: aguardar definição da operadora ou manter em branco"
"57";"TERRABEL EMPREENDIEMNTOS LTDA";"Coparticipação sem Política";"Fator Moderador ""Mensalidade + Coparticipação"", porém Política_Coparticipacao está vazia";"Não aplicável política com coparticipação específica; deve permanecer não associada sem inferir padrão";"Decisão comercial: aguardar definição da operadora ou manter em branco"
"58";"ITS";"Coparticipação sem Política";"Fator Moderador ""Mensalidade + Coparticipação"", porém Política_Coparticipacao está vazia";"Não aplicável política com coparticipação específica; deve permanecer não associada sem inferir padrão";"Decisão comercial: aguardar definição da operadora ou manter em branco"
"59";"SERMAC";"Coparticipação sem Política";"Fator Moderador ""Mensalidade + Coparticipação"", porém Política_Coparticipacao está vazia";"Não aplicável política com coparticipação específica; deve permanecer não associada sem inferir padrão";"Decisão comercial: aguardar definição da operadora ou manter em branco"
"60";"COTEMON";"Coparticipação sem Política";"Fator Moderador ""Mensalidade + Coparticipação"", porém Política_Coparticipacao está vazia";"Não aplicável política com coparticipação específica; deve permanecer não associada sem inferir padrão";"Decisão comercial: aguardar definição da operadora ou manter em branco"
"62";"CAVALO MARINHO COMBUSTIVEIS";"Coparticipação sem Política";"Fator Moderador ""Mensalidade + Coparticipação"", porém Política_Coparticipacao está vazia";"Não aplicável política com coparticipação específica; deve permanecer não associada sem inferir padrão";"Decisão comercial: aguardar definição da operadora ou manter em branco"
"63";"CAVALO MARINHO COMBUSTIVEIS LOG E DIST";"Coparticipação sem Política";"Fator Moderador ""Mensalidade + Coparticipação"", porém Política_Coparticipacao está vazia";"Não aplicável política com coparticipação específica; deve permanecer não associada sem inferir padrão";"Decisão comercial: aguardar definição da operadora ou manter em branco"
"64";"REDE NOVO MIX";"Coparticipação sem Política";"Fator Moderador ""Mensalidade + Coparticipação"", porém Política_Coparticipacao está vazia";"Não aplicável política com coparticipação específica; deve permanecer não associada sem inferir padrão";"Decisão comercial: aguardar definição da operadora ou manter em branco"
"65";"TROPICAL MensalidadeIENTAL RESIDUOS LTDA";"Coparticipação sem Política";"Fator Moderador ""Mensalidade + Coparticipação"", porém Política_Coparticipacao está vazia";"Não aplicável política com coparticipação específica; deve permanecer não associada sem inferir padrão";"Decisão comercial: aguardar definição da operadora ou manter em branco"
"66";"CTA TREINAMENTO ASSESSORIA E SERVICOS COORP";"Coparticipação sem Política";"Fator Moderador ""Mensalidade + Coparticipação"", porém Política_Coparticipacao está vazia";"Não aplicável política com coparticipação específica; deve permanecer não associada sem inferir padrão";"Decisão comercial: aguardar definição da operadora ou manter em branco"
"67";"AGENCIA MARITIMA E TRANSPORTES LUMAR LTDA";"Coparticipação sem Política";"Fator Moderador ""Mensalidade + Coparticipação"", porém Política_Coparticipacao está vazia";"Não aplicável política com coparticipação específica; deve permanecer não associada sem inferir padrão";"Decisão comercial: aguardar definição da operadora ou manter em branco"
"68";"DECMINAS DISTRIBUICAO E LOGISTICA S.A";"Coparticipação sem Política";"Fator Moderador ""Mensalidade + Coparticipação"", porém Política_Coparticipacao está vazia";"Não aplicável política com coparticipação específica; deve permanecer não associada sem inferir padrão";"Decisão comercial: aguardar definição da operadora ou manter em branco"
"69";"COOPERTAXI – COOPERATIVA DOS MOT AUT. DA REG. DA REG. MET. LTDA";"Coparticipação sem Política";"Fator Moderador ""Mensalidade + Coparticipação"", porém Política_Coparticipacao está vazia";"Não aplicável política com coparticipação específica; deve permanecer não associada sem inferir padrão";"Decisão comercial: aguardar definição da operadora ou manter em branco"
"70";"TELLUS INFORMÁTICA E TELECOMUNICAÇÕES LTDA";"Coparticipação sem Política";"Fator Moderador ""Mensalidade + Coparticipação"", porém Política_Coparticipacao está vazia";"Não aplicável política com coparticipação específica; deve permanecer não associada sem inferir padrão";"Decisão comercial: aguardar definição da operadora ou manter em branco"
"71";"OS RODRIGUES CONFECÇÕES";"Coparticipação sem Política";"Fator Moderador ""Mensalidade + Coparticipação"", porém Política_Coparticipacao está vazia";"Não aplicável política com coparticipação específica; deve permanecer não associada sem inferir padrão";"Decisão comercial: aguardar definição da operadora ou manter em branco"
"73";"FACILIT";"Coparticipação sem Política";"Fator Moderador ""Mensalidade + Coparticipação"", porém Política_Coparticipacao está vazia";"Não aplicável política com coparticipação específica; deve permanecer não associada sem inferir padrão";"Decisão comercial: aguardar definição da operadora ou manter em branco"
"74";"FACILIT";"Coparticipação sem Política";"Fator Moderador ""Mensalidade + Coparticipação"", porém Política_Coparticipacao está vazia";"Não aplicável política com coparticipação específica; deve permanecer não associada sem inferir padrão";"Decisão comercial: aguardar definição da operadora ou manter em branco"
"75";"CONDOMINIO EDIFICIO MORADA DOS CARDEAIS";"Coparticipação sem Política";"Fator Moderador ""Mensalidade + Coparticipação"", porém Política_Coparticipacao está vazia";"Não aplicável política com coparticipação específica; deve permanecer não associada sem inferir padrão";"Decisão comercial: aguardar definição da operadora ou manter em branco"
"76";"CONSORCIO LOCAT";"Coparticipação sem Política";"Fator Moderador ""Mensalidade + Coparticipação"", porém Política_Coparticipacao está vazia";"Não aplicável política com coparticipação específica; deve permanecer não associada sem inferir padrão";"Decisão comercial: aguardar definição da operadora ou manter em branco"
"79";"QUANT BRASIL MANUTENÇÃO INDUSTRIAL LTDA";"Coparticipação sem Política";"Fator Moderador ""Mensalidade + Coparticipação"", porém Política_Coparticipacao está vazia";"Não aplicável política com coparticipação específica; deve permanecer não associada sem inferir padrão";"Decisão comercial: aguardar definição da operadora ou manter em branco"
"80";"CONCREMAT ENGENHARIA E TECNOLOGIA S.A";"Coparticipação sem Política";"Fator Moderador ""Mensalidade + Coparticipação"", porém Política_Coparticipacao está vazia";"Não aplicável política com coparticipação específica; deve permanecer não associada sem inferir padrão";"Decisão comercial: aguardar definição da operadora ou manter em branco"
"81";"SANTANA SERVICE EMPREENDIMENTOS LTDA";"Coparticipação sem Política";"Fator Moderador ""Mensalidade + Coparticipação"", porém Política_Coparticipacao está vazia";"Não aplicável política com coparticipação específica; deve permanecer não associada sem inferir padrão";"Decisão comercial: aguardar definição da operadora ou manter em branco"
"82";"SIEEC/PE";"Coparticipação sem Política";"Fator Moderador ""Mensalidade + Coparticipação"", porém Política_Coparticipacao está vazia";"Não aplicável política com coparticipação específica; deve permanecer não associada sem inferir padrão";"Decisão comercial: aguardar definição da operadora ou manter em branco"
"83";"TELECOMUNICAÇÕES NORDESTE LTDA";"Coparticipação sem Política";"Fator Moderador ""Mensalidade + Coparticipação"", porém Política_Coparticipacao está vazia";"Não aplicável política com coparticipação específica; deve permanecer não associada sem inferir padrão";"Decisão comercial: aguardar definição da operadora ou manter em branco"
"86";"ORGANIZACAO FARMACEUTICA NAKANO LTDA";"Coparticipação sem Política";"Fator Moderador ""Mensalidade + Coparticipação"", porém Política_Coparticipacao está vazia";"Não aplicável política com coparticipação específica; deve permanecer não associada sem inferir padrão";"Decisão comercial: aguardar definição da operadora ou manter em branco"
"90";"PARAIBA PLAST COMERCIAL LTDA";"Coparticipação sem Política";"Fator Moderador ""Mensalidade + Coparticipação"", porém Política_Coparticipacao está vazia";"Não aplicável política com coparticipação específica; deve permanecer não associada sem inferir padrão";"Decisão comercial: aguardar definição da operadora ou manter em branco"
"91";"SUPERMERCADO OURINHOS LTDA";"Coparticipação sem Política";"Fator Moderador ""Mensalidade + Coparticipação"", porém Política_Coparticipacao está vazia";"Não aplicável política com coparticipação específica; deve permanecer não associada sem inferir padrão";"Decisão comercial: aguardar definição da operadora ou manter em branco"
"93";"ALPI DISTRIBUIDORA DE PRODUTOS ALIMENTICIOS LTDA";"Coparticipação sem Política";"Fator Moderador ""Mensalidade + Coparticipação"", porém Política_Coparticipacao está vazia";"Não aplicável política com coparticipação específica; deve permanecer não associada sem inferir padrão";"Decisão comercial: aguardar definição da operadora ou manter em branco"
"106";"DRS ENGENHARIA LTDA";"Coparticipação sem Política";"Fator Moderador ""Mensalidade + Coparticipação"", porém Política_Coparticipacao está vazia";"Não aplicável política com coparticipação específica; deve permanecer não associada sem inferir padrão";"Decisão comercial: aguardar definição da operadora ou manter em branco"
"107";"HOSPITAL DE BROTAS";"Coparticipação sem Política";"Fator Moderador ""Mensalidade + Coparticipação"", porém Política_Coparticipacao está vazia";"Não aplicável política com coparticipação específica; deve permanecer não associada sem inferir padrão";"Decisão comercial: aguardar definição da operadora ou manter em branco"
"108";"CESTA DO POVO SUPERMERCADO";"Coparticipação sem Política";"Fator Moderador ""Mensalidade + Coparticipação"", porém Política_Coparticipacao está vazia";"Não aplicável política com coparticipação específica; deve permanecer não associada sem inferir padrão";"Decisão comercial: aguardar definição da operadora ou manter em branco"
"109";"ENGEVALE ENGENHARIA S.A";"Coparticipação sem Política";"Fator Moderador ""Mensalidade + Coparticipação"", porém Política_Coparticipacao está vazia";"Não aplicável política com coparticipação específica; deve permanecer não associada sem inferir padrão";"Decisão comercial: aguardar definição da operadora ou manter em branco"
"110";"MG SERVIOS MANUTENCAO PROJETOS E OBRAS LTDA - ME";"Coparticipação sem Política";"Fator Moderador ""Mensalidade + Coparticipação"", porém Política_Coparticipacao está vazia";"Não aplicável política com coparticipação específica; deve permanecer não associada sem inferir padrão";"Decisão comercial: aguardar definição da operadora ou manter em branco"
"111";"SOLUCOES SERVICOS TERCEIRIZADOS- EIRELI";"Coparticipação sem Política";"Fator Moderador ""Mensalidade + Coparticipação"", porém Política_Coparticipacao está vazia";"Não aplicável política com coparticipação específica; deve permanecer não associada sem inferir padrão";"Decisão comercial: aguardar definição da operadora ou manter em branco"
"112";"CNB - CENTRAL DE NOTICIAS BRASILEIRAS LTDA";"Coparticipação sem Política";"Fator Moderador ""Mensalidade + Coparticipação"", porém Política_Coparticipacao está vazia";"Não aplicável política com coparticipação específica; deve permanecer não associada sem inferir padrão";"Decisão comercial: aguardar definição da operadora ou manter em branco"
"113";"FORTGIRO DISTRIBUIDORA DE AUTO PECAS LTDA";"Coparticipação sem Política";"Fator Moderador ""Mensalidade + Coparticipação"", porém Política_Coparticipacao está vazia";"Não aplicável política com coparticipação específica; deve permanecer não associada sem inferir padrão";"Decisão comercial: aguardar definição da operadora ou manter em branco"
"114";"ESCOLA SENHOR DO BONFIM";"Coparticipação sem Política";"Fator Moderador ""Mensalidade + Coparticipação"", porém Política_Coparticipacao está vazia";"Não aplicável política com coparticipação específica; deve permanecer não associada sem inferir padrão";"Decisão comercial: aguardar definição da operadora ou manter em branco"
"115";"CONDOMINIO EDIFICIO MORADA DOS CARDEAIS";"Coparticipação sem Política";"Fator Moderador ""Mensalidade + Coparticipação"", porém Política_Coparticipacao está vazia";"Não aplicável política com coparticipação específica; deve permanecer não associada sem inferir padrão";"Decisão comercial: aguardar definição da operadora ou manter em branco"
"116";"CONSORCIO CITELUM – 2 MS";"Coparticipação sem Política";"Fator Moderador ""Mensalidade + Coparticipação"", porém Política_Coparticipacao está vazia";"Não aplicável política com coparticipação específica; deve permanecer não associada sem inferir padrão";"Decisão comercial: aguardar definição da operadora ou manter em branco"
"117";"COMERCIAL DE FERRAGENS SÃO LUIS LTDA";"Coparticipação sem Política";"Fator Moderador ""Mensalidade + Coparticipação"", porém Política_Coparticipacao está vazia";"Não aplicável política com coparticipação específica; deve permanecer não associada sem inferir padrão";"Decisão comercial: aguardar definição da operadora ou manter em branco"
"118";"CONSORCIO LIMPA GUARULHOS";"Coparticipação sem Política";"Fator Moderador ""Mensalidade + Coparticipação"", porém Política_Coparticipacao está vazia";"Não aplicável política com coparticipação específica; deve permanecer não associada sem inferir padrão";"Decisão comercial: aguardar definição da operadora ou manter em branco"
"119";"SANTA CASA DE LEME";"Coparticipação sem Política";"Fator Moderador ""Mensalidade + Coparticipação"", porém Política_Coparticipacao está vazia";"Não aplicável política com coparticipação específica; deve permanecer não associada sem inferir padrão";"Decisão comercial: aguardar definição da operadora ou manter em branco"
"121";"PARAIBA PLAST COMERCIAL LTDA";"Coparticipação sem Política";"Fator Moderador ""Mensalidade + Coparticipação"", porém Política_Coparticipacao está vazia";"Não aplicável política com coparticipação específica; deve permanecer não associada sem inferir padrão";"Decisão comercial: aguardar definição da operadora ou manter em branco"
"122";"HEALTH BRASIL COMERCIO ATACADISTA DE MEDICAMENTOS LTDA";"Coparticipação sem Política";"Fator Moderador ""Mensalidade + Coparticipação"", porém Política_Coparticipacao está vazia";"Não aplicável política com coparticipação específica; deve permanecer não associada sem inferir padrão";"Decisão comercial: aguardar definição da operadora ou manter em branco"
"123";"HIGICLEAN TECNOLOGIA EM HIGIENIZAÇÃO E CONSERVAÇÃO LTDA";"Coparticipação sem Política";"Fator Moderador ""Mensalidade + Coparticipação"", porém Política_Coparticipacao está vazia";"Não aplicável política com coparticipação específica; deve permanecer não associada sem inferir padrão";"Decisão comercial: aguardar definição da operadora ou manter em branco"
"124";"ENOTEL - HOTELS & RESORTS S/A";"Coparticipação sem Política";"Fator Moderador ""Mensalidade + Coparticipação"", porém Política_Coparticipacao está vazia";"Não aplicável política com coparticipação específica; deve permanecer não associada sem inferir padrão";"Decisão comercial: aguardar definição da operadora ou manter em branco"
"125";"OBJETIVA SERVICOS TERCEIRIZADOS LTDA";"Coparticipação sem Política";"Fator Moderador ""Mensalidade + Coparticipação"", porém Política_Coparticipacao está vazia";"Não aplicável política com coparticipação específica; deve permanecer não associada sem inferir padrão";"Decisão comercial: aguardar definição da operadora ou manter em branco"
"126";"NAUTILLUS CONSTRUCOES E COMERCIO LTDA";"Coparticipação sem Política";"Fator Moderador ""Mensalidade + Coparticipação"", porém Política_Coparticipacao está vazia";"Não aplicável política com coparticipação específica; deve permanecer não associada sem inferir padrão";"Decisão comercial: aguardar definição da operadora ou manter em branco"
"127";"CANAA SERVICOS DE MANUTENCAO E CONSERVAÇÃO LTDA";"Coparticipação sem Política";"Fator Moderador ""Mensalidade + Coparticipação"", porém Política_Coparticipacao está vazia";"Não aplicável política com coparticipação específica; deve permanecer não associada sem inferir padrão";"Decisão comercial: aguardar definição da operadora ou manter em branco"
"128";"DESENVOLVIDA INSTITUTO PARA O DESENV";"Coparticipação sem Política";"Fator Moderador ""Mensalidade + Coparticipação"", porém Política_Coparticipacao está vazia";"Não aplicável política com coparticipação específica; deve permanecer não associada sem inferir padrão";"Decisão comercial: aguardar definição da operadora ou manter em branco"
"129";"TEL CENTRO DE CONTATOS LTDA";"Coparticipação sem Política";"Fator Moderador ""Mensalidade + Coparticipação"", porém Política_Coparticipacao está vazia";"Não aplicável política com coparticipação específica; deve permanecer não associada sem inferir padrão";"Decisão comercial: aguardar definição da operadora ou manter em branco"
"130";"MUNICIPIO DE IRANDUBA";"Coparticipação sem Política";"Fator Moderador ""Mensalidade + Coparticipação"", porém Política_Coparticipacao está vazia";"Não aplicável política com coparticipação específica; deve permanecer não associada sem inferir padrão";"Decisão comercial: aguardar definição da operadora ou manter em branco"
"131";"TAPS - TMensalidadeAI AUTOS, PECAS E SERVICOS LTDA(JOÃO PESSOA-PB)";"Coparticipação sem Política";"Fator Moderador ""Mensalidade + Coparticipação"", porém Política_Coparticipacao está vazia";"Não aplicável política com coparticipação específica; deve permanecer não associada sem inferir padrão";"Decisão comercial: aguardar definição da operadora ou manter em branco"
"132";"PADARIA E CONVENIENCIA SILVEIRA LTDA";"Coparticipação sem Política";"Fator Moderador ""Mensalidade + Coparticipação"", porém Política_Coparticipacao está vazia";"Não aplicável política com coparticipação específica; deve permanecer não associada sem inferir padrão";"Decisão comercial: aguardar definição da operadora ou manter em branco"
"134";"DRS ENGENHARIA LTDA";"Coparticipação sem Política";"Fator Moderador ""Mensalidade + Coparticipação"", porém Política_Coparticipacao está vazia";"Não aplicável política com coparticipação específica; deve permanecer não associada sem inferir padrão";"Decisão comercial: aguardar definição da operadora ou manter em branco"
"137";"HOSPITAL DE BROTAS";"Coparticipação sem Política";"Fator Moderador ""Mensalidade + Coparticipação"", porém Política_Coparticipacao está vazia";"Não aplicável política com coparticipação específica; deve permanecer não associada sem inferir padrão";"Decisão comercial: aguardar definição da operadora ou manter em branco"
"138";"CESTA DO POVO SUPERMERCADO";"Coparticipação sem Política";"Fator Moderador ""Mensalidade + Coparticipação"", porém Política_Coparticipacao está vazia";"Não aplicável política com coparticipação específica; deve permanecer não associada sem inferir padrão";"Decisão comercial: aguardar definição da operadora ou manter em branco"
"139";"ENGEVALE ENGENHARIA S.A";"Coparticipação sem Política";"Fator Moderador ""Mensalidade + Coparticipação"", porém Política_Coparticipacao está vazia";"Não aplicável política com coparticipação específica; deve permanecer não associada sem inferir padrão";"Decisão comercial: aguardar definição da operadora ou manter em branco"
"143";"MG SERVIOS MANUTENCAO PROJETOS E OBRAS LTDA - ME";"Coparticipação sem Política";"Fator Moderador ""Mensalidade + Coparticipação"", porém Política_Coparticipacao está vazia";"Não aplicável política com coparticipação específica; deve permanecer não associada sem inferir padrão";"Decisão comercial: aguardar definição da operadora ou manter em branco"
"144";"SOLUCOES SERVICOS TERCEIRIZADOS- EIRELI";"Coparticipação sem Política";"Fator Moderador ""Mensalidade + Coparticipação"", porém Política_Coparticipacao está vazia";"Não aplicável política com coparticipação específica; deve permanecer não associada sem inferir padrão";"Decisão comercial: aguardar definição da operadora ou manter em branco"
"145";"CNB - CENTRAL DE NOTICIAS BRASILEIRAS LTDA";"Coparticipação sem Política";"Fator Moderador ""Mensalidade + Coparticipação"", porém Política_Coparticipacao está vazia";"Não aplicável política com coparticipação específica; deve permanecer não associada sem inferir padrão";"Decisão comercial: aguardar definição da operadora ou manter em branco"
"146";"FORTGIRO DISTRIBUIDORA DE AUTO PECAS LTDA";"Coparticipação sem Política";"Fator Moderador ""Mensalidade + Coparticipação"", porém Política_Coparticipacao está vazia";"Não aplicável política com coparticipação específica; deve permanecer não associada sem inferir padrão";"Decisão comercial: aguardar definição da operadora ou manter em branco"
"147";"ESCOLA SENHOR DO BONFIM";"Coparticipação sem Política";"Fator Moderador ""Mensalidade + Coparticipação"", porém Política_Coparticipacao está vazia";"Não aplicável política com coparticipação específica; deve permanecer não associada sem inferir padrão";"Decisão comercial: aguardar definição da operadora ou manter em branco"
"148";"CONDOMINIO EDIFICIO MORADA DOS CARDEAIS";"Coparticipação sem Política";"Fator Moderador ""Mensalidade + Coparticipação"", porém Política_Coparticipacao está vazia";"Não aplicável política com coparticipação específica; deve permanecer não associada sem inferir padrão";"Decisão comercial: aguardar definição da operadora ou manter em branco"
"152";"CONSORCIO CITELUM – 2 MS";"Coparticipação sem Política";"Fator Moderador ""Mensalidade + Coparticipação"", porém Política_Coparticipacao está vazia";"Não aplicável política com coparticipação específica; deve permanecer não associada sem inferir padrão";"Decisão comercial: aguardar definição da operadora ou manter em branco"
"153";"COMERCIAL DE FERRAGENS SÃO LUIS LTDA";"Coparticipação sem Política";"Fator Moderador ""Mensalidade + Coparticipação"", porém Política_Coparticipacao está vazia";"Não aplicável política com coparticipação específica; deve permanecer não associada sem inferir padrão";"Decisão comercial: aguardar definição da operadora ou manter em branco"
"154";"CONSORCIO LIMPA GUARULHOS";"Coparticipação sem Política";"Fator Moderador ""Mensalidade + Coparticipação"", porém Política_Coparticipacao está vazia";"Não aplicável política com coparticipação específica; deve permanecer não associada sem inferir padrão";"Decisão comercial: aguardar definição da operadora ou manter em branco"
"155";"SANTA CASA DE LEME";"Coparticipação sem Política";"Fator Moderador ""Mensalidade + Coparticipação"", porém Política_Coparticipacao está vazia";"Não aplicável política com coparticipação específica; deve permanecer não associada sem inferir padrão";"Decisão comercial: aguardar definição da operadora ou manter em branco"
"156";"CONDOMINIO HANGAR BUSINESS PARK";"Coparticipação sem Política";"Fator Moderador ""Mensalidade + Coparticipação"", porém Política_Coparticipacao está vazia";"Não aplicável política com coparticipação específica; deve permanecer não associada sem inferir padrão";"Decisão comercial: aguardar definição da operadora ou manter em branco"
"157";"PARAIBA PLAST COMERCIAL LTDA";"Coparticipação sem Política";"Fator Moderador ""Mensalidade + Coparticipação"", porém Política_Coparticipacao está vazia";"Não aplicável política com coparticipação específica; deve permanecer não associada sem inferir padrão";"Decisão comercial: aguardar definição da operadora ou manter em branco"
"158";"HEALTH BRASIL COMERCIO ATACADISTA DE MEDICAMENTOS LTDA";"Coparticipação sem Política";"Fator Moderador ""Mensalidade + Coparticipação"", porém Política_Coparticipacao está vazia";"Não aplicável política com coparticipação específica; deve permanecer não associada sem inferir padrão";"Decisão comercial: aguardar definição da operadora ou manter em branco"
"159";"HIGICLEAN TECNOLOGIA EM HIGIENIZAÇÃO E CONSERVAÇÃO LTDA";"Coparticipação sem Política";"Fator Moderador ""Mensalidade + Coparticipação"", porém Política_Coparticipacao está vazia";"Não aplicável política com coparticipação específica; deve permanecer não associada sem inferir padrão";"Decisão comercial: aguardar definição da operadora ou manter em branco"
"160";"ENOTEL - HOTELS & RESORTS S/A";"Coparticipação sem Política";"Fator Moderador ""Mensalidade + Coparticipação"", porém Política_Coparticipacao está vazia";"Não aplicável política com coparticipação específica; deve permanecer não associada sem inferir padrão";"Decisão comercial: aguardar definição da operadora ou manter em branco"
"161";"OBJETIVA SERVICOS TERCEIRIZADOS LTDA";"Coparticipação sem Política";"Fator Moderador ""Mensalidade + Coparticipação"", porém Política_Coparticipacao está vazia";"Não aplicável política com coparticipação específica; deve permanecer não associada sem inferir padrão";"Decisão comercial: aguardar definição da operadora ou manter em branco"
"162";"NAUTILLUS CONSTRUCOES E COMERCIO LTDA";"Coparticipação sem Política";"Fator Moderador ""Mensalidade + Coparticipação"", porém Política_Coparticipacao está vazia";"Não aplicável política com coparticipação específica; deve permanecer não associada sem inferir padrão";"Decisão comercial: aguardar definição da operadora ou manter em branco"
"163";"CANAA SERVICOS DE MANUTENCAO E CONSERVAÇÃO LTDA";"Coparticipação sem Política";"Fator Moderador ""Mensalidade + Coparticipação"", porém Política_Coparticipacao está vazia";"Não aplicável política com coparticipação específica; deve permanecer não associada sem inferir padrão";"Decisão comercial: aguardar definição da operadora ou manter em branco"
"164";"DESENVOLVIDA INSTITUTO PARA O DESENV";"Coparticipação sem Política";"Fator Moderador ""Mensalidade + Coparticipação"", porém Política_Coparticipacao está vazia";"Não aplicável política com coparticipação específica; deve permanecer não associada sem inferir padrão";"Decisão comercial: aguardar definição da operadora ou manter em branco"
"165";"TEL CENTRO DE CONTATOS LTDA";"Coparticipação sem Política";"Fator Moderador ""Mensalidade + Coparticipação"", porém Política_Coparticipacao está vazia";"Não aplicável política com coparticipação específica; deve permanecer não associada sem inferir padrão";"Decisão comercial: aguardar definição da operadora ou manter em branco"
"167";"MUNICIPIO DE IRANDUBA";"Coparticipação sem Política";"Fator Moderador ""Mensalidade + Coparticipação"", porém Política_Coparticipacao está vazia";"Não aplicável política com coparticipação específica; deve permanecer não associada sem inferir padrão";"Decisão comercial: aguardar definição da operadora ou manter em branco"
"169";"TAPS - TMensalidadeAI AUTOS, PECAS E SERVICOS LTDA(JOÃO PESSOA-PB)";"Coparticipação sem Política";"Fator Moderador ""Mensalidade + Coparticipação"", porém Política_Coparticipacao está vazia";"Não aplicável política com coparticipação específica; deve permanecer não associada sem inferir padrão";"Decisão comercial: aguardar definição da operadora ou manter em branco"
"170";"SINDUSCON";"Coparticipação sem Política";"Fator Moderador ""Mensalidade + Coparticipação"", porém Política_Coparticipacao está vazia";"Não aplicável política com coparticipação específica; deve permanecer não associada sem inferir padrão";"Decisão comercial: aguardar definição da operadora ou manter em branco"
"171";"TORRE EMPREENDIMENTOS RURAL E CONSTRUCAO LTDA";"Coparticipação sem Política";"Fator Moderador ""Mensalidade + Coparticipação"", porém Política_Coparticipacao está vazia";"Não aplicável política com coparticipação específica; deve permanecer não associada sem inferir padrão";"Decisão comercial: aguardar definição da operadora ou manter em branco"
"172";"ESTILO SOLUÇOES EMPRESARIAIS";"Coparticipação sem Política";"Fator Moderador ""Mensalidade + Coparticipação"", porém Política_Coparticipacao está vazia";"Não aplicável política com coparticipação específica; deve permanecer não associada sem inferir padrão";"Decisão comercial: aguardar definição da operadora ou manter em branco"
"174";"URT SERVICOS DE MANUTENCAO E CONSERVACAO";"Coparticipação sem Política";"Fator Moderador ""Mensalidade + Coparticipação"", porém Política_Coparticipacao está vazia";"Não aplicável política com coparticipação específica; deve permanecer não associada sem inferir padrão";"Decisão comercial: aguardar definição da operadora ou manter em branco"
"175";"INSTITUTO NACIONAL DE DESENVOLVIMENTO SOCIAL E HUMANO - INDSH";"Coparticipação sem Política";"Fator Moderador ""Mensalidade + Coparticipação"", porém Política_Coparticipacao está vazia";"Não aplicável política com coparticipação específica; deve permanecer não associada sem inferir padrão";"Decisão comercial: aguardar definição da operadora ou manter em branco"
"176";"BOTECO 27 BAR";"Coparticipação sem Política";"Fator Moderador ""Mensalidade + Coparticipação"", porém Política_Coparticipacao está vazia";"Não aplicável política com coparticipação específica; deve permanecer não associada sem inferir padrão";"Decisão comercial: aguardar definição da operadora ou manter em branco"
"177";"GALLOTTI EMPREENDIMENTOS E SERVIÇOS";"Coparticipação sem Política";"Fator Moderador ""Mensalidade + Coparticipação"", porém Política_Coparticipacao está vazia";"Não aplicável política com coparticipação específica; deve permanecer não associada sem inferir padrão";"Decisão comercial: aguardar definição da operadora ou manter em branco"
"178";"AEC CENTRO DE CONTATOS S/A";"Coparticipação sem Política";"Fator Moderador ""Mensalidade + Coparticipação"", porém Política_Coparticipacao está vazia";"Não aplicável política com coparticipação específica; deve permanecer não associada sem inferir padrão";"Decisão comercial: aguardar definição da operadora ou manter em branco"
"183";"INSTITUTO MANTENEDOR DE ENSINO SUPERIOR DA BAHIA S.A";"Coparticipação sem Política";"Fator Moderador ""Mensalidade + Coparticipação"", porém Política_Coparticipacao está vazia";"Não aplicável política com coparticipação específica; deve permanecer não associada sem inferir padrão";"Decisão comercial: aguardar definição da operadora ou manter em branco"
"184";"SAGA FACILITIES SERVICOS DE MANUTENCAO DE EQUIPAMENTOS LTDA";"Coparticipação sem Política";"Fator Moderador ""Mensalidade + Coparticipação"", porém Política_Coparticipacao está vazia";"Não aplicável política com coparticipação específica; deve permanecer não associada sem inferir padrão";"Decisão comercial: aguardar definição da operadora ou manter em branco"
"185";"H R C DE ASSUNCAO - EMBALAGENS";"Coparticipação sem Política";"Fator Moderador ""Mensalidade + Coparticipação"", porém Política_Coparticipacao está vazia";"Não aplicável política com coparticipação específica; deve permanecer não associada sem inferir padrão";"Decisão comercial: aguardar definição da operadora ou manter em branco"
"186";"WN FACILITTIES";"Coparticipação sem Política";"Fator Moderador ""Mensalidade + Coparticipação"", porém Política_Coparticipacao está vazia";"Não aplicável política com coparticipação específica; deve permanecer não associada sem inferir padrão";"Decisão comercial: aguardar definição da operadora ou manter em branco"
"187";"INDUSTRIA DE BEBIDAS SAO MIGUEL LTDA";"Coparticipação sem Política";"Fator Moderador ""Mensalidade + Coparticipação"", porém Política_Coparticipacao está vazia";"Não aplicável política com coparticipação específica; deve permanecer não associada sem inferir padrão";"Decisão comercial: aguardar definição da operadora ou manter em branco"
"189";"MEMORIAL OFTALMO HOSPITAL DE OLHOS LTDA";"Coparticipação sem Política";"Fator Moderador ""Mensalidade + Coparticipação"", porém Política_Coparticipacao está vazia";"Não aplicável política com coparticipação específica; deve permanecer não associada sem inferir padrão";"Decisão comercial: aguardar definição da operadora ou manter em branco"
"190";"EMEC EMPREENDIMENTOS MEDICO CIRURGICOS LTDA";"Coparticipação sem Política";"Fator Moderador ""Mensalidade + Coparticipação"", porém Política_Coparticipacao está vazia";"Não aplicável política com coparticipação específica; deve permanecer não associada sem inferir padrão";"Decisão comercial: aguardar definição da operadora ou manter em branco"
"191";"HOSPITAL MATER DEI S.A";"Coparticipação sem Política";"Fator Moderador ""Mensalidade + Coparticipação"", porém Política_Coparticipacao está vazia";"Não aplicável política com coparticipação específica; deve permanecer não associada sem inferir padrão";"Decisão comercial: aguardar definição da operadora ou manter em branco"
"192";"REDE CLASSEFARMA DROGARIAS LTDA";"Coparticipação sem Política";"Fator Moderador ""Mensalidade + Coparticipação"", porém Política_Coparticipacao está vazia";"Não aplicável política com coparticipação específica; deve permanecer não associada sem inferir padrão";"Decisão comercial: aguardar definição da operadora ou manter em branco"
"194";"EMPRESA DE TELEVISÃO JOÃO PESSOA LTDA";"Coparticipação sem Política";"Fator Moderador ""Mensalidade + Coparticipação"", porém Política_Coparticipacao está vazia";"Não aplicável política com coparticipação específica; deve permanecer não associada sem inferir padrão";"Decisão comercial: aguardar definição da operadora ou manter em branco"
"196";"TECHSOL - INDUSTRIA, COMERCIO E SERVICOS LTDA";"Coparticipação sem Política";"Fator Moderador ""Mensalidade + Coparticipação"", porém Política_Coparticipacao está vazia";"Não aplicável política com coparticipação específica; deve permanecer não associada sem inferir padrão";"Decisão comercial: aguardar definição da operadora ou manter em branco"
"197";"POST IT GRAFICA LAURO DE FREITAS LTDA";"Coparticipação sem Política";"Fator Moderador ""Mensalidade + Coparticipação"", porém Política_Coparticipacao está vazia";"Não aplicável política com coparticipação específica; deve permanecer não associada sem inferir padrão";"Decisão comercial: aguardar definição da operadora ou manter em branco"
"198";"LONDON COSMETICOS BAHIA LTDA";"Coparticipação sem Política";"Fator Moderador ""Mensalidade + Coparticipação"", porém Política_Coparticipacao está vazia";"Não aplicável política com coparticipação específica; deve permanecer não associada sem inferir padrão";"Decisão comercial: aguardar definição da operadora ou manter em branco"
"199";"NSFSEG SERVICOS DE SEGURANCA LTDA";"Coparticipação sem Política";"Fator Moderador ""Mensalidade + Coparticipação"", porém Política_Coparticipacao está vazia";"Não aplicável política com coparticipação específica; deve permanecer não associada sem inferir padrão";"Decisão comercial: aguardar definição da operadora ou manter em branco"
"200";"SERVIT SERVICOS TERCEIRIZADOS";"Coparticipação sem Política";"Fator Moderador ""Mensalidade + Coparticipação"", porém Política_Coparticipacao está vazia";"Não aplicável política com coparticipação específica; deve permanecer não associada sem inferir padrão";"Decisão comercial: aguardar definição da operadora ou manter em branco"
"201";"OTICA DA GENTE";"Coparticipação sem Política";"Fator Moderador ""Mensalidade + Coparticipação"", porém Política_Coparticipacao está vazia";"Não aplicável política com coparticipação específica; deve permanecer não associada sem inferir padrão";"Decisão comercial: aguardar definição da operadora ou manter em branco"
"202";"MADEIREIRA ITAPOA";"Coparticipação sem Política";"Fator Moderador ""Mensalidade + Coparticipação"", porém Política_Coparticipacao está vazia";"Não aplicável política com coparticipação específica; deve permanecer não associada sem inferir padrão";"Decisão comercial: aguardar definição da operadora ou manter em branco"
"203";"PIPE SOLUTION REPAROS EM TUBOS LTDA";"Coparticipação sem Política";"Fator Moderador ""Mensalidade + Coparticipação"", porém Política_Coparticipacao está vazia";"Não aplicável política com coparticipação específica; deve permanecer não associada sem inferir padrão";"Decisão comercial: aguardar definição da operadora ou manter em branco"
"204";"DIAGSON DIAGNOSTICO EM ULTRA SONOGRAFIA MED FETAL LTDA";"Coparticipação sem Política";"Fator Moderador ""Mensalidade + Coparticipação"", porém Política_Coparticipacao está vazia";"Não aplicável política com coparticipação específica; deve permanecer não associada sem inferir padrão";"Decisão comercial: aguardar definição da operadora ou manter em branco"
"205";"IMPÉRIO MÓVEIS E ELETRO SA";"Coparticipação sem Política";"Fator Moderador ""Mensalidade + Coparticipação"", porém Política_Coparticipacao está vazia";"Não aplicável política com coparticipação específica; deve permanecer não associada sem inferir padrão";"Decisão comercial: aguardar definição da operadora ou manter em branco"
"209";"HOME AGENT TELESERVICOS";"Coparticipação sem Política";"Fator Moderador ""Mensalidade + Coparticipação"", porém Política_Coparticipacao está vazia";"Não aplicável política com coparticipação específica; deve permanecer não associada sem inferir padrão";"Decisão comercial: aguardar definição da operadora ou manter em branco"
"210";"ROLTEK DISTRIBUIDORA INDUSTRIAL DO NORDESTE LTDA";"Coparticipação sem Política";"Fator Moderador ""Mensalidade + Coparticipação"", porém Política_Coparticipacao está vazia";"Não aplicável política com coparticipação específica; deve permanecer não associada sem inferir padrão";"Decisão comercial: aguardar definição da operadora ou manter em branco"
"211";"GREIF EMBALAGENS INDUSTRIAIS DO AMAZONAS LTDA";"Coparticipação sem Política";"Fator Moderador ""Mensalidade + Coparticipação"", porém Política_Coparticipacao está vazia";"Não aplicável política com coparticipação específica; deve permanecer não associada sem inferir padrão";"Decisão comercial: aguardar definição da operadora ou manter em branco"
"212";"RODOTRIL TRANSPORTE DE GARGAS LTDA";"Coparticipação sem Política";"Fator Moderador ""Mensalidade + Coparticipação"", porém Política_Coparticipacao está vazia";"Não aplicável política com coparticipação específica; deve permanecer não associada sem inferir padrão";"Decisão comercial: aguardar definição da operadora ou manter em branco"
"214";"CONSTRUTORA ELOS ENGENHARIA LTDA";"Coparticipação sem Política";"Fator Moderador ""Mensalidade + Coparticipação"", porém Política_Coparticipacao está vazia";"Não aplicável política com coparticipação específica; deve permanecer não associada sem inferir padrão";"Decisão comercial: aguardar definição da operadora ou manter em branco"
"215";"Polo SMS Engenharia LTDA";"Coparticipação sem Política";"Fator Moderador ""Mensalidade + Coparticipação"", porém Política_Coparticipacao está vazia";"Não aplicável política com coparticipação específica; deve permanecer não associada sem inferir padrão";"Decisão comercial: aguardar definição da operadora ou manter em branco"
"217";"Conselho Regional de Farmacia do Estado da Bahia Conselho Regional de Farmacia do Estado da Bahia";"Coparticipação sem Política";"Fator Moderador ""Mensalidade + Coparticipação"", porém Política_Coparticipacao está vazia";"Não aplicável política com coparticipação específica; deve permanecer não associada sem inferir padrão";"Decisão comercial: aguardar definição da operadora ou manter em branco"
"218";"Diagson Diagnostico em Ultra Sonografia Med Fetal LTDA";"Coparticipação sem Política";"Fator Moderador ""Mensalidade + Coparticipação"", porém Política_Coparticipacao está vazia";"Não aplicável política com coparticipação específica; deve permanecer não associada sem inferir padrão";"Decisão comercial: aguardar definição da operadora ou manter em branco"
"219";"GUABI NUTRICAO E SAUDE ANIMAL LTDA";"Coparticipação sem Política";"Fator Moderador ""Mensalidade + Coparticipação"", porém Política_Coparticipacao está vazia";"Não aplicável política com coparticipação específica; deve permanecer não associada sem inferir padrão";"Decisão comercial: aguardar definição da operadora ou manter em branco"
"221";"ASSOCIACAO COMERCIAL E INDUSTRIAL DE SAO FELIPE";"Coparticipação sem Política";"Fator Moderador ""Mensalidade + Coparticipação"", porém Política_Coparticipacao está vazia";"Não aplicável política com coparticipação específica; deve permanecer não associada sem inferir padrão";"Decisão comercial: aguardar definição da operadora ou manter em branco"
"222";"CONSTRUTORA ELOS ENGENHARIA LTDA";"Coparticipação sem Política";"Fator Moderador ""Mensalidade + Coparticipação"", porém Política_Coparticipacao está vazia";"Não aplicável política com coparticipação específica; deve permanecer não associada sem inferir padrão";"Decisão comercial: aguardar definição da operadora ou manter em branco"
"224";"FERREIRA COSTA & CIA LTDA";"Coparticipação sem Política";"Fator Moderador ""Mensalidade + Coparticipação"", porém Política_Coparticipacao está vazia";"Não aplicável política com coparticipação específica; deve permanecer não associada sem inferir padrão";"Decisão comercial: aguardar definição da operadora ou manter em branco"
"225";"REDE BRASILEIRA DE DIAGNOSTICOS";"Coparticipação sem Política";"Fator Moderador ""Mensalidade + Coparticipação"", porém Política_Coparticipacao está vazia";"Não aplicável política com coparticipação específica; deve permanecer não associada sem inferir padrão";"Decisão comercial: aguardar definição da operadora ou manter em branco"
"226";"AL COMERCIO E ATACADO DE ALIMENTOS LTDA";"Coparticipação sem Política";"Fator Moderador ""Mensalidade + Coparticipação"", porém Política_Coparticipacao está vazia";"Não aplicável política com coparticipação específica; deve permanecer não associada sem inferir padrão";"Decisão comercial: aguardar definição da operadora ou manter em branco"
"227";"CSP INDUSTRIA E COMERCIO DE SACOS DE PAPEIS E PLASTICOS LTDA";"Coparticipação sem Política";"Fator Moderador ""Mensalidade + Coparticipação"", porém Política_Coparticipacao está vazia";"Não aplicável política com coparticipação específica; deve permanecer não associada sem inferir padrão";"Decisão comercial: aguardar definição da operadora ou manter em branco"
"228";"REFRIAL DISTRIBUIDORA COMERCIAL DE MAQUINAS E PEÇAS LTDA";"Coparticipação sem Política";"Fator Moderador ""Mensalidade + Coparticipação"", porém Política_Coparticipacao está vazia";"Não aplicável política com coparticipação específica; deve permanecer não associada sem inferir padrão";"Decisão comercial: aguardar definição da operadora ou manter em branco"
"229";"CASA BMensalidadeINI";"Coparticipação sem Política";"Fator Moderador ""Mensalidade + Coparticipação"", porém Política_Coparticipacao está vazia";"Não aplicável política com coparticipação específica; deve permanecer não associada sem inferir padrão";"Decisão comercial: aguardar definição da operadora ou manter em branco"
"231";"ABRIGO SALVADOR";"Coparticipação sem Política";"Fator Moderador ""Mensalidade + Coparticipação"", porém Política_Coparticipacao está vazia";"Não aplicável política com coparticipação específica; deve permanecer não associada sem inferir padrão";"Decisão comercial: aguardar definição da operadora ou manter em branco"
"232";"SAGA FACILITIES SERVICOS DE MANUTENCAO DE EQUIPAMENTOS LTDA";"Coparticipação sem Política";"Fator Moderador ""Mensalidade + Coparticipação"", porém Política_Coparticipacao está vazia";"Não aplicável política com coparticipação específica; deve permanecer não associada sem inferir padrão";"Decisão comercial: aguardar definição da operadora ou manter em branco"
"233";"MANTECON MATERIAL DE CONSTRUCAO LTDA";"Coparticipação sem Política";"Fator Moderador ""Mensalidade + Coparticipação"", porém Política_Coparticipacao está vazia";"Não aplicável política com coparticipação específica; deve permanecer não associada sem inferir padrão";"Decisão comercial: aguardar definição da operadora ou manter em branco"
"234";"MATRIZ LEGACY";"Coparticipação sem Política";"Fator Moderador ""Mensalidade + Coparticipação"", porém Política_Coparticipacao está vazia";"Não aplicável política com coparticipação específica; deve permanecer não associada sem inferir padrão";"Decisão comercial: aguardar definição da operadora ou manter em branco"
"235";"BELISSIMA INDUSTRIA DE COSMETICOS LTDA";"Coparticipação sem Política";"Fator Moderador ""Mensalidade + Coparticipação"", porém Política_Coparticipacao está vazia";"Não aplicável política com coparticipação específica; deve permanecer não associada sem inferir padrão";"Decisão comercial: aguardar definição da operadora ou manter em branco"
"236";"LINE INDUSTRIA DE COSMETICOS LTDA";"Coparticipação sem Política";"Fator Moderador ""Mensalidade + Coparticipação"", porém Política_Coparticipacao está vazia";"Não aplicável política com coparticipação específica; deve permanecer não associada sem inferir padrão";"Decisão comercial: aguardar definição da operadora ou manter em branco"
"237";"RTEC COMERCIO DE ARTIGOS EM ALUMINIO LTDA";"Coparticipação sem Política";"Fator Moderador ""Mensalidade + Coparticipação"", porém Política_Coparticipacao está vazia";"Não aplicável política com coparticipação específica; deve permanecer não associada sem inferir padrão";"Decisão comercial: aguardar definição da operadora ou manter em branco"
"238";"CONDOMINIO PEDRA E SAL";"Coparticipação sem Política";"Fator Moderador ""Mensalidade + Coparticipação"", porém Política_Coparticipacao está vazia";"Não aplicável política com coparticipação específica; deve permanecer não associada sem inferir padrão";"Decisão comercial: aguardar definição da operadora ou manter em branco"
"239";"STAUMMAQ SERVIÇOS TÉCNICOS AUTOMAÇÃO MOTORES E MÁQUINAS LTDA / ELÉTRICA MOTORES COMERCIAL LTDA";"Coparticipação sem Política";"Fator Moderador ""Mensalidade + Coparticipação"", porém Política_Coparticipacao está vazia";"Não aplicável política com coparticipação específica; deve permanecer não associada sem inferir padrão";"Decisão comercial: aguardar definição da operadora ou manter em branco"
"240";"PROMAM COMERCIO SERVICOS LTDA ME";"Coparticipação sem Política";"Fator Moderador ""Mensalidade + Coparticipação"", porém Política_Coparticipacao está vazia";"Não aplicável política com coparticipação específica; deve permanecer não associada sem inferir padrão";"Decisão comercial: aguardar definição da operadora ou manter em branco"
"241";"REDE BRASILEIRA DE DIAGNOSTICOS";"Coparticipação sem Política";"Fator Moderador ""Mensalidade + Coparticipação"", porém Política_Coparticipacao está vazia";"Não aplicável política com coparticipação específica; deve permanecer não associada sem inferir padrão";"Decisão comercial: aguardar definição da operadora ou manter em branco"
"244";"LPATSA ALIMENTACAO E TERCEIRIZACAO DE SERVICOS ADMINISTRATIVOS LTDA";"Coparticipação sem Política";"Fator Moderador ""Mensalidade + Coparticipação"", porém Política_Coparticipacao está vazia";"Não aplicável política com coparticipação específica; deve permanecer não associada sem inferir padrão";"Decisão comercial: aguardar definição da operadora ou manter em branco"
"245";"BARATEADO DISTRIBUIDORA E COMERCIO ONLINE";"Coparticipação sem Política";"Fator Moderador ""Mensalidade + Coparticipação"", porém Política_Coparticipacao está vazia";"Não aplicável política com coparticipação específica; deve permanecer não associada sem inferir padrão";"Decisão comercial: aguardar definição da operadora ou manter em branco"
"246";"ENCANTOS COSMETICOS LTDA";"Coparticipação sem Política";"Fator Moderador ""Mensalidade + Coparticipação"", porém Política_Coparticipacao está vazia";"Não aplicável política com coparticipação específica; deve permanecer não associada sem inferir padrão";"Decisão comercial: aguardar definição da operadora ou manter em branco"
"247";"PREST SERVIÇOS DE SISTEMAS DE SEGURANÇA LTDA";"Coparticipação sem Política";"Fator Moderador ""Mensalidade + Coparticipação"", porém Política_Coparticipacao está vazia";"Não aplicável política com coparticipação específica; deve permanecer não associada sem inferir padrão";"Decisão comercial: aguardar definição da operadora ou manter em branco"
"248";"PARCEIRO SEGURANCA LTDA";"Coparticipação sem Política";"Fator Moderador ""Mensalidade + Coparticipação"", porém Política_Coparticipacao está vazia";"Não aplicável política com coparticipação específica; deve permanecer não associada sem inferir padrão";"Decisão comercial: aguardar definição da operadora ou manter em branco"
"249";"PRIME LOG SERVIÇOS E LOGISTICA LTDA";"Coparticipação sem Política";"Fator Moderador ""Mensalidade + Coparticipação"", porém Política_Coparticipacao está vazia";"Não aplicável política com coparticipação específica; deve permanecer não associada sem inferir padrão";"Decisão comercial: aguardar definição da operadora ou manter em branco"
"250";"IPLASA INDUSTRIA DE PLASTICOS SALVADOR LTDA";"Coparticipação sem Política";"Fator Moderador ""Mensalidade + Coparticipação"", porém Política_Coparticipacao está vazia";"Não aplicável política com coparticipação específica; deve permanecer não associada sem inferir padrão";"Decisão comercial: aguardar definição da operadora ou manter em branco"
"251";"DIVEPE AUTOMOVEIS LTDA";"Coparticipação sem Política";"Fator Moderador ""Mensalidade + Coparticipação"", porém Política_Coparticipacao está vazia";"Não aplicável política com coparticipação específica; deve permanecer não associada sem inferir padrão";"Decisão comercial: aguardar definição da operadora ou manter em branco"
"252";"TRANSLIX LOGISTICA MensalidadeIENTAL LTDA";"Coparticipação sem Política";"Fator Moderador ""Mensalidade + Coparticipação"", porém Política_Coparticipacao está vazia";"Não aplicável política com coparticipação específica; deve permanecer não associada sem inferir padrão";"Decisão comercial: aguardar definição da operadora ou manter em branco"
"253";"CONCEPT - ON RENTAL l CONCEPT - ON";"Coparticipação sem Política";"Fator Moderador ""Mensalidade + Coparticipação"", porém Política_Coparticipacao está vazia";"Não aplicável política com coparticipação específica; deve permanecer não associada sem inferir padrão";"Decisão comercial: aguardar definição da operadora ou manter em branco"
"254";"LUNA ROSA ITALIAN FOOD LTDA";"Coparticipação sem Política";"Fator Moderador ""Mensalidade + Coparticipação"", porém Política_Coparticipacao está vazia";"Não aplicável política com coparticipação específica; deve permanecer não associada sem inferir padrão";"Decisão comercial: aguardar definição da operadora ou manter em branco"
"255";"RESTAURANTE KAM SUSHI LTDA";"Coparticipação sem Política";"Fator Moderador ""Mensalidade + Coparticipação"", porém Política_Coparticipacao está vazia";"Não aplicável política com coparticipação específica; deve permanecer não associada sem inferir padrão";"Decisão comercial: aguardar definição da operadora ou manter em branco"
"257";"WD CONSTRUÇÃO DE MONTAGEM LTDA";"Coparticipação sem Política";"Fator Moderador ""Mensalidade + Coparticipação"", porém Política_Coparticipacao está vazia";"Não aplicável política com coparticipação específica; deve permanecer não associada sem inferir padrão";"Decisão comercial: aguardar definição da operadora ou manter em branco"
"263";"BMF ENGENHARIA";"Coparticipação sem Política";"Fator Moderador ""Mensalidade + Coparticipação"", porém Política_Coparticipacao está vazia";"Não aplicável política com coparticipação específica; deve permanecer não associada sem inferir padrão";"Decisão comercial: aguardar definição da operadora ou manter em branco"
"264";"SINDICATO DOS TRABALHADORES EM EMPRESAS DE TRANSPORTE METROVIARIOS E CONEXOS DO ESTADO DE PERNMensalidadeUCO";"Coparticipação sem Política";"Fator Moderador ""Mensalidade + Coparticipação"", porém Política_Coparticipacao está vazia";"Não aplicável política com coparticipação específica; deve permanecer não associada sem inferir padrão";"Decisão comercial: aguardar definição da operadora ou manter em branco"
"265";"LABI EXAMES S/A";"Coparticipação sem Política";"Fator Moderador ""Mensalidade + Coparticipação"", porém Política_Coparticipacao está vazia";"Não aplicável política com coparticipação específica; deve permanecer não associada sem inferir padrão";"Decisão comercial: aguardar definição da operadora ou manter em branco"
"266";"R CRUZ SUPERMERCADO LTDA";"Coparticipação sem Política";"Fator Moderador ""Mensalidade + Coparticipação"", porém Política_Coparticipacao está vazia";"Não aplicável política com coparticipação específica; deve permanecer não associada sem inferir padrão";"Decisão comercial: aguardar definição da operadora ou manter em branco"
"267";"RPM TECNOLOGIA LTDA";"Coparticipação sem Política";"Fator Moderador ""Mensalidade + Coparticipação"", porém Política_Coparticipacao está vazia";"Não aplicável política com coparticipação específica; deve permanecer não associada sem inferir padrão";"Decisão comercial: aguardar definição da operadora ou manter em branco"
"268";"ASSOCIACAO DE PROTECAO A MATERNIDADE E INFANCIA UBAIRA";"Coparticipação sem Política";"Fator Moderador ""Mensalidade + Coparticipação"", porém Política_Coparticipacao está vazia";"Não aplicável política com coparticipação específica; deve permanecer não associada sem inferir padrão";"Decisão comercial: aguardar definição da operadora ou manter em branco"
"270";"NORDE SERVICOS DE ESCRITORIO LTDA";"Coparticipação sem Política";"Fator Moderador ""Mensalidade + Coparticipação"", porém Política_Coparticipacao está vazia";"Não aplicável política com coparticipação específica; deve permanecer não associada sem inferir padrão";"Decisão comercial: aguardar definição da operadora ou manter em branco"
"271";"PLANTAO SERVICO DE TELECOMUNICACAO LTDA";"Coparticipação sem Política";"Fator Moderador ""Mensalidade + Coparticipação"", porém Política_Coparticipacao está vazia";"Não aplicável política com coparticipação específica; deve permanecer não associada sem inferir padrão";"Decisão comercial: aguardar definição da operadora ou manter em branco"
"272";"ASAP SEA REPAROS NAVAIS LTDA";"Coparticipação sem Política";"Fator Moderador ""Mensalidade + Coparticipação"", porém Política_Coparticipacao está vazia";"Não aplicável política com coparticipação específica; deve permanecer não associada sem inferir padrão";"Decisão comercial: aguardar definição da operadora ou manter em branco"
"273";"CEMITERIO E CREMATORIO SAO PAULO";"Coparticipação sem Política";"Fator Moderador ""Mensalidade + Coparticipação"", porém Política_Coparticipacao está vazia";"Não aplicável política com coparticipação específica; deve permanecer não associada sem inferir padrão";"Decisão comercial: aguardar definição da operadora ou manter em branco"
"274";"ZARA ALIMENTACAO LTDA";"Coparticipação sem Política";"Fator Moderador ""Mensalidade + Coparticipação"", porém Política_Coparticipacao está vazia";"Não aplicável política com coparticipação específica; deve permanecer não associada sem inferir padrão";"Decisão comercial: aguardar definição da operadora ou manter em branco"
"276";"CONSORCIO JBR/ ASTEP SUPERVISAO DNIT/PE";"Coparticipação sem Política";"Fator Moderador ""Mensalidade + Coparticipação"", porém Política_Coparticipacao está vazia";"Não aplicável política com coparticipação específica; deve permanecer não associada sem inferir padrão";"Decisão comercial: aguardar definição da operadora ou manter em branco"
"277";"ALESSANDRA CALADO PINHO PESSOA";"Coparticipação sem Política";"Fator Moderador ""Mensalidade + Coparticipação"", porém Política_Coparticipacao está vazia";"Não aplicável política com coparticipação específica; deve permanecer não associada sem inferir padrão";"Decisão comercial: aguardar definição da operadora ou manter em branco"
"279";"LRS EMPREENDIMENTOS TURISTICOS LTDA";"Coparticipação sem Política";"Fator Moderador ""Mensalidade + Coparticipação"", porém Política_Coparticipacao está vazia";"Não aplicável política com coparticipação específica; deve permanecer não associada sem inferir padrão";"Decisão comercial: aguardar definição da operadora ou manter em branco"
"280";"UHT INVESTIMENTOS PARTICIPACOES E EMPREENDIMENTOS LTDA";"Coparticipação sem Política";"Fator Moderador ""Mensalidade + Coparticipação"", porém Política_Coparticipacao está vazia";"Não aplicável política com coparticipação específica; deve permanecer não associada sem inferir padrão";"Decisão comercial: aguardar definição da operadora ou manter em branco"
"282";"MAX SERVICOS ASSESORIA EMPRESARIAL";"Coparticipação sem Política";"Fator Moderador ""Mensalidade + Coparticipação"", porém Política_Coparticipacao está vazia";"Não aplicável política com coparticipação específica; deve permanecer não associada sem inferir padrão";"Decisão comercial: aguardar definição da operadora ou manter em branco"
"283";"CLINIPAR SEVICOS MEDICOS LTDA";"Coparticipação sem Política";"Fator Moderador ""Mensalidade + Coparticipação"", porém Política_Coparticipacao está vazia";"Não aplicável política com coparticipação específica; deve permanecer não associada sem inferir padrão";"Decisão comercial: aguardar definição da operadora ou manter em branco"
"284";"WORLD SIGN COMERCIO LTDA";"Coparticipação sem Política";"Fator Moderador ""Mensalidade + Coparticipação"", porém Política_Coparticipacao está vazia";"Não aplicável política com coparticipação específica; deve permanecer não associada sem inferir padrão";"Decisão comercial: aguardar definição da operadora ou manter em branco"
"285";"SINDICATO DOS ESTIVADORES NOS PORTOS DO ESTADO DE PERNMensalidadeUCO";"Coparticipação sem Política";"Fator Moderador ""Mensalidade + Coparticipação"", porém Política_Coparticipacao está vazia";"Não aplicável política com coparticipação específica; deve permanecer não associada sem inferir padrão";"Decisão comercial: aguardar definição da operadora ou manter em branco"
"286";"CH MINERAÇÃO E COMERCIO DE MINERIOS LTDA";"Coparticipação sem Política";"Fator Moderador ""Mensalidade + Coparticipação"", porém Política_Coparticipacao está vazia";"Não aplicável política com coparticipação específica; deve permanecer não associada sem inferir padrão";"Decisão comercial: aguardar definição da operadora ou manter em branco"
"287";"CONDOMINIO PATIO JARDINS";"Coparticipação sem Política";"Fator Moderador ""Mensalidade + Coparticipação"", porém Política_Coparticipacao está vazia";"Não aplicável política com coparticipação específica; deve permanecer não associada sem inferir padrão";"Decisão comercial: aguardar definição da operadora ou manter em branco"
"288";"NMS SERVICOS LTDA";"Coparticipação sem Política";"Fator Moderador ""Mensalidade + Coparticipação"", porém Política_Coparticipacao está vazia";"Não aplicável política com coparticipação específica; deve permanecer não associada sem inferir padrão";"Decisão comercial: aguardar definição da operadora ou manter em branco"
"289";"PRIME CONECT LTDA";"Coparticipação sem Política";"Fator Moderador ""Mensalidade + Coparticipação"", porém Política_Coparticipacao está vazia";"Não aplicável política com coparticipação específica; deve permanecer não associada sem inferir padrão";"Decisão comercial: aguardar definição da operadora ou manter em branco"
"290";"TEBY PLASTICOS E FERRAMENTAS LTDA";"Coparticipação sem Política";"Fator Moderador ""Mensalidade + Coparticipação"", porém Política_Coparticipacao está vazia";"Não aplicável política com coparticipação específica; deve permanecer não associada sem inferir padrão";"Decisão comercial: aguardar definição da operadora ou manter em branco"
"291";"VT ACADEMIA/ VB QUADRAMARES/ VB INTERMARES";"Coparticipação sem Política";"Fator Moderador ""Mensalidade + Coparticipação"", porém Política_Coparticipacao está vazia";"Não aplicável política com coparticipação específica; deve permanecer não associada sem inferir padrão";"Decisão comercial: aguardar definição da operadora ou manter em branco"
"292";"J F MERCEARIA LTDA";"Coparticipação sem Política";"Fator Moderador ""Mensalidade + Coparticipação"", porém Política_Coparticipacao está vazia";"Não aplicável política com coparticipação específica; deve permanecer não associada sem inferir padrão";"Decisão comercial: aguardar definição da operadora ou manter em branco"
"293";"NPE SERVICE MANUTENCAO E MONTAGEM S.A";"Coparticipação sem Política";"Fator Moderador ""Mensalidade + Coparticipação"", porém Política_Coparticipacao está vazia";"Não aplicável política com coparticipação específica; deve permanecer não associada sem inferir padrão";"Decisão comercial: aguardar definição da operadora ou manter em branco"
"294";"UBA USINA DE BENEFICIAMENTO MensalidadeIENTAL LTDA / ATREVIDA SOLUCOES EM";"Coparticipação sem Política";"Fator Moderador ""Mensalidade + Coparticipação"", porém Política_Coparticipacao está vazia";"Não aplicável política com coparticipação específica; deve permanecer não associada sem inferir padrão";"Decisão comercial: aguardar definição da operadora ou manter em branco"
"295";"DUE EMPREENDIMENTOS IMOBILIARIOS LTDA";"Coparticipação sem Política";"Fator Moderador ""Mensalidade + Coparticipação"", porém Política_Coparticipacao está vazia";"Não aplicável política com coparticipação específica; deve permanecer não associada sem inferir padrão";"Decisão comercial: aguardar definição da operadora ou manter em branco"
"297";"MORYA COMUNICACAO E PROPAGANDA LTDA";"Coparticipação sem Política";"Fator Moderador ""Mensalidade + Coparticipação"", porém Política_Coparticipacao está vazia";"Não aplicável política com coparticipação específica; deve permanecer não associada sem inferir padrão";"Decisão comercial: aguardar definição da operadora ou manter em branco"
"299";"MADEIREIRA ITAPOAN LTDA";"Coparticipação sem Política";"Fator Moderador ""Mensalidade + Coparticipação"", porém Política_Coparticipacao está vazia";"Não aplicável política com coparticipação específica; deve permanecer não associada sem inferir padrão";"Decisão comercial: aguardar definição da operadora ou manter em branco"
"300";"RIZOMA ENGENHARIA PAISAGISMO E SERVICOS LTDA";"Coparticipação sem Política";"Fator Moderador ""Mensalidade + Coparticipação"", porém Política_Coparticipacao está vazia";"Não aplicável política com coparticipação específica; deve permanecer não associada sem inferir padrão";"Decisão comercial: aguardar definição da operadora ou manter em branco"
"301";"INDUSTRIA DE BEBIDAS SAO MIGUEL LTDA";"Coparticipação sem Política";"Fator Moderador ""Mensalidade + Coparticipação"", porém Política_Coparticipacao está vazia";"Não aplicável política com coparticipação específica; deve permanecer não associada sem inferir padrão";"Decisão comercial: aguardar definição da operadora ou manter em branco"
"302";"O BARATAO AUTO PECAS LTDA";"Coparticipação sem Política";"Fator Moderador ""Mensalidade + Coparticipação"", porém Política_Coparticipacao está vazia";"Não aplicável política com coparticipação específica; deve permanecer não associada sem inferir padrão";"Decisão comercial: aguardar definição da operadora ou manter em branco"
"303";"MINERAL MINERIOS DA BAHIA LTDA";"Coparticipação sem Política";"Fator Moderador ""Mensalidade + Coparticipação"", porém Política_Coparticipacao está vazia";"Não aplicável política com coparticipação específica; deve permanecer não associada sem inferir padrão";"Decisão comercial: aguardar definição da operadora ou manter em branco"
"304";"GRUPO TOKAI";"Coparticipação sem Política";"Fator Moderador ""Mensalidade + Coparticipação"", porém Política_Coparticipacao está vazia";"Não aplicável política com coparticipação específica; deve permanecer não associada sem inferir padrão";"Decisão comercial: aguardar definição da operadora ou manter em branco"
"306";"QUINTO APOIO ADMINISTRATIVO LTDA";"Coparticipação sem Política";"Fator Moderador ""Mensalidade + Coparticipação"", porém Política_Coparticipacao está vazia";"Não aplicável política com coparticipação específica; deve permanecer não associada sem inferir padrão";"Decisão comercial: aguardar definição da operadora ou manter em branco"
"307";"GOTEMBURGO VEICULOS LTDA";"Coparticipação sem Política";"Fator Moderador ""Mensalidade + Coparticipação"", porém Política_Coparticipacao está vazia";"Não aplicável política com coparticipação específica; deve permanecer não associada sem inferir padrão";"Decisão comercial: aguardar definição da operadora ou manter em branco"
"309";"AGRO INDUSTRIAIS DO VALE DO SÃO FRANCISCO S/A AGROVALE";"Coparticipação sem Política";"Fator Moderador ""Mensalidade + Coparticipação"", porém Política_Coparticipacao está vazia";"Não aplicável política com coparticipação específica; deve permanecer não associada sem inferir padrão";"Decisão comercial: aguardar definição da operadora ou manter em branco"
"310";"AGRO INDUSTRIAIS DO VALE DO SÃO FRANCISCO S/A AGROVALE";"Coparticipação sem Política";"Fator Moderador ""Mensalidade + Coparticipação"", porém Política_Coparticipacao está vazia";"Não aplicável política com coparticipação específica; deve permanecer não associada sem inferir padrão";"Decisão comercial: aguardar definição da operadora ou manter em branco"
"311";"BOTEQUIM SÃO PAULO";"Coparticipação sem Política";"Fator Moderador ""Mensalidade + Coparticipação"", porém Política_Coparticipacao está vazia";"Não aplicável política com coparticipação específica; deve permanecer não associada sem inferir padrão";"Decisão comercial: aguardar definição da operadora ou manter em branco"
"312";"VAZ EXPRESS LTDA ( DOCELANDIA)";"Coparticipação sem Política";"Fator Moderador ""Mensalidade + Coparticipação"", porém Política_Coparticipacao está vazia";"Não aplicável política com coparticipação específica; deve permanecer não associada sem inferir padrão";"Decisão comercial: aguardar definição da operadora ou manter em branco"
"313";"ITAYA ENGENHARIA CONSTRUCAO E MANUTENCAO LTDA";"Coparticipação sem Política";"Fator Moderador ""Mensalidade + Coparticipação"", porém Política_Coparticipacao está vazia";"Não aplicável política com coparticipação específica; deve permanecer não associada sem inferir padrão";"Decisão comercial: aguardar definição da operadora ou manter em branco"
"314";"YACHT CLUBE DA BAHIA";"Coparticipação sem Política";"Fator Moderador ""Mensalidade + Coparticipação"", porém Política_Coparticipacao está vazia";"Não aplicável política com coparticipação específica; deve permanecer não associada sem inferir padrão";"Decisão comercial: aguardar definição da operadora ou manter em branco"
"315";"REISTAR INDUSTRIA E COMERCIO DE ELETRONICOS LTDA";"Coparticipação sem Política";"Fator Moderador ""Mensalidade + Coparticipação"", porém Política_Coparticipacao está vazia";"Não aplicável política com coparticipação específica; deve permanecer não associada sem inferir padrão";"Decisão comercial: aguardar definição da operadora ou manter em branco"
"316";"DERALDO RIOS";"Coparticipação sem Política";"Fator Moderador ""Mensalidade + Coparticipação"", porém Política_Coparticipacao está vazia";"Não aplicável política com coparticipação específica; deve permanecer não associada sem inferir padrão";"Decisão comercial: aguardar definição da operadora ou manter em branco"
"317";"BLUE TINTAS";"Coparticipação sem Política";"Fator Moderador ""Mensalidade + Coparticipação"", porém Política_Coparticipacao está vazia";"Não aplicável política com coparticipação específica; deve permanecer não associada sem inferir padrão";"Decisão comercial: aguardar definição da operadora ou manter em branco"
"318";"MEMORIATEC INTELIGENCIA DOCUMENTAL LTDA";"Coparticipação sem Política";"Fator Moderador ""Mensalidade + Coparticipação"", porém Política_Coparticipacao está vazia";"Não aplicável política com coparticipação específica; deve permanecer não associada sem inferir padrão";"Decisão comercial: aguardar definição da operadora ou manter em branco"
"319";"MACAM COMERCIO IMP E EXP DE ALIMENTOS LTDA";"Coparticipação sem Política";"Fator Moderador ""Mensalidade + Coparticipação"", porém Política_Coparticipacao está vazia";"Não aplicável política com coparticipação específica; deve permanecer não associada sem inferir padrão";"Decisão comercial: aguardar definição da operadora ou manter em branco"
"320";"PARANAPANEMA S/A";"Coparticipação sem Política";"Fator Moderador ""Mensalidade + Coparticipação"", porém Política_Coparticipacao está vazia";"Não aplicável política com coparticipação específica; deve permanecer não associada sem inferir padrão";"Decisão comercial: aguardar definição da operadora ou manter em branco"
"323";"PENHA PAPEIS";"Coparticipação sem Política";"Fator Moderador ""Mensalidade + Coparticipação"", porém Política_Coparticipacao está vazia";"Não aplicável política com coparticipação específica; deve permanecer não associada sem inferir padrão";"Decisão comercial: aguardar definição da operadora ou manter em branco"
"324";"ROSSET ARTES GRAFICAS E EDITORA S.A";"Coparticipação sem Política";"Fator Moderador ""Mensalidade + Coparticipação"", porém Política_Coparticipacao está vazia";"Não aplicável política com coparticipação específica; deve permanecer não associada sem inferir padrão";"Decisão comercial: aguardar definição da operadora ou manter em branco"
"326";"RF ATACADO DE ALIMENTOS";"Coparticipação sem Política";"Fator Moderador ""Mensalidade + Coparticipação"", porém Política_Coparticipacao está vazia";"Não aplicável política com coparticipação específica; deve permanecer não associada sem inferir padrão";"Decisão comercial: aguardar definição da operadora ou manter em branco"
"328";"ADEPOM";"Coparticipação sem Política";"Fator Moderador ""Mensalidade + Coparticipação"", porém Política_Coparticipacao está vazia";"Não aplicável política com coparticipação específica; deve permanecer não associada sem inferir padrão";"Decisão comercial: aguardar definição da operadora ou manter em branco"
"329";"KATIA CILENE CARNEIRO DE OLIVEIRA";"Coparticipação sem Política";"Fator Moderador ""Mensalidade + Coparticipação"", porém Política_Coparticipacao está vazia";"Não aplicável política com coparticipação específica; deve permanecer não associada sem inferir padrão";"Decisão comercial: aguardar definição da operadora ou manter em branco"
"331";"FAST SHOP S.A";"Coparticipação sem Política";"Fator Moderador ""Mensalidade + Coparticipação"", porém Política_Coparticipacao está vazia";"Não aplicável política com coparticipação específica; deve permanecer não associada sem inferir padrão";"Decisão comercial: aguardar definição da operadora ou manter em branco"
"332";"STEFANINI CONSULTORIA E ASSESSORIA EM INFORMATICA SA";"Coparticipação sem Política";"Fator Moderador ""Mensalidade + Coparticipação"", porém Política_Coparticipacao está vazia";"Não aplicável política com coparticipação específica; deve permanecer não associada sem inferir padrão";"Decisão comercial: aguardar definição da operadora ou manter em branco"
"333";"OUTBACK";"Coparticipação sem Política";"Fator Moderador ""Mensalidade + Coparticipação"", porém Política_Coparticipacao está vazia";"Não aplicável política com coparticipação específica; deve permanecer não associada sem inferir padrão";"Decisão comercial: aguardar definição da operadora ou manter em branco"
"334";"SWISSPORT BRASIL LTDA";"Coparticipação sem Política";"Fator Moderador ""Mensalidade + Coparticipação"", porém Política_Coparticipacao está vazia";"Não aplicável política com coparticipação específica; deve permanecer não associada sem inferir padrão";"Decisão comercial: aguardar definição da operadora ou manter em branco"
"335";"NUTRISERVICE REFEICOES COLETIVAS LTDA";"Coparticipação sem Política";"Fator Moderador ""Mensalidade + Coparticipação"", porém Política_Coparticipacao está vazia";"Não aplicável política com coparticipação específica; deve permanecer não associada sem inferir padrão";"Decisão comercial: aguardar definição da operadora ou manter em branco"
"338";"USINA DESIGN INDUSTRIA E COMERCIO DE ILUMINACAO LIMITADA";"Coparticipação sem Política";"Fator Moderador ""Mensalidade + Coparticipação"", porém Política_Coparticipacao está vazia";"Não aplicável política com coparticipação específica; deve permanecer não associada sem inferir padrão";"Decisão comercial: aguardar definição da operadora ou manter em branco"
"339";"ALPHA COLOR S/A- ETIQUETAS E ROTULOS";"Coparticipação sem Política";"Fator Moderador ""Mensalidade + Coparticipação"", porém Política_Coparticipacao está vazia";"Não aplicável política com coparticipação específica; deve permanecer não associada sem inferir padrão";"Decisão comercial: aguardar definição da operadora ou manter em branco"
"340";"REFIL SOLUÇÕES MensalidadeIENTAIS";"Coparticipação sem Política";"Fator Moderador ""Mensalidade + Coparticipação"", porém Política_Coparticipacao está vazia";"Não aplicável política com coparticipação específica; deve permanecer não associada sem inferir padrão";"Decisão comercial: aguardar definição da operadora ou manter em branco"
"341";"R2M EQUIPAMENTOS PARA CONSTRUÇÃO LTDA";"Coparticipação sem Política";"Fator Moderador ""Mensalidade + Coparticipação"", porém Política_Coparticipacao está vazia";"Não aplicável política com coparticipação específica; deve permanecer não associada sem inferir padrão";"Decisão comercial: aguardar definição da operadora ou manter em branco"
"343";"PRIVATE CONSTRUTORA";"Coparticipação sem Política";"Fator Moderador ""Mensalidade + Coparticipação"", porém Política_Coparticipacao está vazia";"Não aplicável política com coparticipação específica; deve permanecer não associada sem inferir padrão";"Decisão comercial: aguardar definição da operadora ou manter em branco"
"344";"REALBRAS INDUSTRIA, COMERCIO E SERVICOS LTDA";"Coparticipação sem Política";"Fator Moderador ""Mensalidade + Coparticipação"", porém Política_Coparticipacao está vazia";"Não aplicável política com coparticipação específica; deve permanecer não associada sem inferir padrão";"Decisão comercial: aguardar definição da operadora ou manter em branco"
"345";"CONTERP";"Coparticipação sem Política";"Fator Moderador ""Mensalidade + Coparticipação"", porém Política_Coparticipacao está vazia";"Não aplicável política com coparticipação específica; deve permanecer não associada sem inferir padrão";"Decisão comercial: aguardar definição da operadora ou manter em branco"
"346";"COMERCIAL DE MATERIAIS PARA CONSTRUÇÃO CASTOR LTDA";"Coparticipação sem Política";"Fator Moderador ""Mensalidade + Coparticipação"", porém Política_Coparticipacao está vazia";"Não aplicável política com coparticipação específica; deve permanecer não associada sem inferir padrão";"Decisão comercial: aguardar definição da operadora ou manter em branco"
"347";"GRUPO FALLCON";"Coparticipação sem Política";"Fator Moderador ""Mensalidade + Coparticipação"", porém Política_Coparticipacao está vazia";"Não aplicável política com coparticipação específica; deve permanecer não associada sem inferir padrão";"Decisão comercial: aguardar definição da operadora ou manter em branco"
"348";"INDUSTRIA DE BEBIDAS SÃO MIGUEL LTDA";"Coparticipação sem Política";"Fator Moderador ""Mensalidade + Coparticipação"", porém Política_Coparticipacao está vazia";"Não aplicável política com coparticipação específica; deve permanecer não associada sem inferir padrão";"Decisão comercial: aguardar definição da operadora ou manter em branco"
"349";"JAPURÁ PNEUS";"Coparticipação sem Política";"Fator Moderador ""Mensalidade + Coparticipação"", porém Política_Coparticipacao está vazia";"Não aplicável política com coparticipação específica; deve permanecer não associada sem inferir padrão";"Decisão comercial: aguardar definição da operadora ou manter em branco"
"350";"MADERO INDUSTRIA E COMERCIO S.A.";"Coparticipação sem Política";"Fator Moderador ""Mensalidade + Coparticipação"", porém Política_Coparticipacao está vazia";"Não aplicável política com coparticipação específica; deve permanecer não associada sem inferir padrão";"Decisão comercial: aguardar definição da operadora ou manter em branco"
"351";"COMERCIAL DE FERRAGENS SÃO LUIS LTDA";"Coparticipação sem Política";"Fator Moderador ""Mensalidade + Coparticipação"", porém Política_Coparticipacao está vazia";"Não aplicável política com coparticipação específica; deve permanecer não associada sem inferir padrão";"Decisão comercial: aguardar definição da operadora ou manter em branco"
"352";"MULTI IMAGEM LTDA";"Coparticipação sem Política";"Fator Moderador ""Mensalidade + Coparticipação"", porém Política_Coparticipacao está vazia";"Não aplicável política com coparticipação específica; deve permanecer não associada sem inferir padrão";"Decisão comercial: aguardar definição da operadora ou manter em branco"
"353";"LIMIAR SERVIÇOS DE CARGA E LIMPEZA E PAISAGISTICOS LTDA";"Coparticipação sem Política";"Fator Moderador ""Mensalidade + Coparticipação"", porém Política_Coparticipacao está vazia";"Não aplicável política com coparticipação específica; deve permanecer não associada sem inferir padrão";"Decisão comercial: aguardar definição da operadora ou manter em branco"
"354";"PEREIRA FABRICA DE CONFEFCOES LTDA";"Coparticipação sem Política";"Fator Moderador ""Mensalidade + Coparticipação"", porém Política_Coparticipacao está vazia";"Não aplicável política com coparticipação específica; deve permanecer não associada sem inferir padrão";"Decisão comercial: aguardar definição da operadora ou manter em branco"
"357";"GRAFICA J.B";"Coparticipação sem Política";"Fator Moderador ""Mensalidade + Coparticipação"", porém Política_Coparticipacao está vazia";"Não aplicável política com coparticipação específica; deve permanecer não associada sem inferir padrão";"Decisão comercial: aguardar definição da operadora ou manter em branco"
"358";"RIA HOTELARIA SUSTENTAVEL LTDA";"Coparticipação sem Política";"Fator Moderador ""Mensalidade + Coparticipação"", porém Política_Coparticipacao está vazia";"Não aplicável política com coparticipação específica; deve permanecer não associada sem inferir padrão";"Decisão comercial: aguardar definição da operadora ou manter em branco"
"359";"IJ RIBEIRO CONSTRUÇÃO LTDA";"Coparticipação sem Política";"Fator Moderador ""Mensalidade + Coparticipação"", porém Política_Coparticipacao está vazia";"Não aplicável política com coparticipação específica; deve permanecer não associada sem inferir padrão";"Decisão comercial: aguardar definição da operadora ou manter em branco"
"360";"SB SAUDE";"Coparticipação sem Política";"Fator Moderador ""Mensalidade + Coparticipação"", porém Política_Coparticipacao está vazia";"Não aplicável política com coparticipação específica; deve permanecer não associada sem inferir padrão";"Decisão comercial: aguardar definição da operadora ou manter em branco"
"361";"COFEL COMERCIAL DE FERRAGENS CRUZALMENTE LTDA";"Coparticipação sem Política";"Fator Moderador ""Mensalidade + Coparticipação"", porém Política_Coparticipacao está vazia";"Não aplicável política com coparticipação específica; deve permanecer não associada sem inferir padrão";"Decisão comercial: aguardar definição da operadora ou manter em branco"
"363";"YACHT CLUBE DA BAHIA";"Coparticipação sem Política";"Fator Moderador ""Mensalidade + Coparticipação"", porém Política_Coparticipacao está vazia";"Não aplicável política com coparticipação específica; deve permanecer não associada sem inferir padrão";"Decisão comercial: aguardar definição da operadora ou manter em branco"
"364";"BIONICA TRANSPORTE E TURISMO MARITIMO REGIONAL LTDA";"Coparticipação sem Política";"Fator Moderador ""Mensalidade + Coparticipação"", porém Política_Coparticipacao está vazia";"Não aplicável política com coparticipação específica; deve permanecer não associada sem inferir padrão";"Decisão comercial: aguardar definição da operadora ou manter em branco"
"365";"BYD AUTO DO BRASIL LTDA";"Coparticipação sem Política";"Fator Moderador ""Mensalidade + Coparticipação"", porém Política_Coparticipacao está vazia";"Não aplicável política com coparticipação específica; deve permanecer não associada sem inferir padrão";"Decisão comercial: aguardar definição da operadora ou manter em branco"
"367";"OEC";"Coparticipação sem Política";"Fator Moderador ""Mensalidade + Coparticipação"", porém Política_Coparticipacao está vazia";"Não aplicável política com coparticipação específica; deve permanecer não associada sem inferir padrão";"Decisão comercial: aguardar definição da operadora ou manter em branco"
"368";"FUNDAÇÃO BAHIANA PARA DESENVOLVIMENTO DAS CIENCIAS";"Coparticipação sem Política";"Fator Moderador ""Mensalidade + Coparticipação"", porém Política_Coparticipacao está vazia";"Não aplicável política com coparticipação específica; deve permanecer não associada sem inferir padrão";"Decisão comercial: aguardar definição da operadora ou manter em branco"
"370";"INFINITY SERVICOS E GESTAO EMPRESARIAL LTDA";"Coparticipação sem Política";"Fator Moderador ""Mensalidade + Coparticipação"", porém Política_Coparticipacao está vazia";"Não aplicável política com coparticipação específica; deve permanecer não associada sem inferir padrão";"Decisão comercial: aguardar definição da operadora ou manter em branco"
"371";"DBL INDÚSTRIA E COMERCIO DE BEBIDAS E EMBALAGENS";"Coparticipação sem Política";"Fator Moderador ""Mensalidade + Coparticipação"", porém Política_Coparticipacao está vazia";"Não aplicável política com coparticipação específica; deve permanecer não associada sem inferir padrão";"Decisão comercial: aguardar definição da operadora ou manter em branco"
"372";"MULTICRED PROMOTORA DE VENDAS E SERVIÇOS LTDA";"Coparticipação sem Política";"Fator Moderador ""Mensalidade + Coparticipação"", porém Política_Coparticipacao está vazia";"Não aplicável política com coparticipação específica; deve permanecer não associada sem inferir padrão";"Decisão comercial: aguardar definição da operadora ou manter em branco"
"373";"RIZOMA ENGENHARIA PAISAGISMO E SERVICOS LTDA";"Coparticipação sem Política";"Fator Moderador ""Mensalidade + Coparticipação"", porém Política_Coparticipacao está vazia";"Não aplicável política com coparticipação específica; deve permanecer não associada sem inferir padrão";"Decisão comercial: aguardar definição da operadora ou manter em branco"
"376";"COOTRELUZ COOPERATIVA DE TRANSPORTE DE PASSAGEIROS E ESCOLARES LUZ";"Coparticipação sem Política";"Fator Moderador ""Mensalidade + Coparticipação"", porém Política_Coparticipacao está vazia";"Não aplicável política com coparticipação específica; deve permanecer não associada sem inferir padrão";"Decisão comercial: aguardar definição da operadora ou manter em branco"
"377";"MensalidadeIPAR";"Coparticipação sem Política";"Fator Moderador ""Mensalidade + Coparticipação"", porém Política_Coparticipacao está vazia";"Não aplicável política com coparticipação específica; deve permanecer não associada sem inferir padrão";"Decisão comercial: aguardar definição da operadora ou manter em branco"
"378";"BOMPLASTIL EMBALAGENS LTDA";"Coparticipação sem Política";"Fator Moderador ""Mensalidade + Coparticipação"", porém Política_Coparticipacao está vazia";"Não aplicável política com coparticipação específica; deve permanecer não associada sem inferir padrão";"Decisão comercial: aguardar definição da operadora ou manter em branco"
"379";"ELETRODATA ENGENHARIA LTDA";"Coparticipação sem Política";"Fator Moderador ""Mensalidade + Coparticipação"", porém Política_Coparticipacao está vazia";"Não aplicável política com coparticipação específica; deve permanecer não associada sem inferir padrão";"Decisão comercial: aguardar definição da operadora ou manter em branco"
"383";"SHOPPER COMERCIO ALIMENTICIO LTDA";"Coparticipação sem Política";"Fator Moderador ""Mensalidade + Coparticipação"", porém Política_Coparticipacao está vazia";"Não aplicável política com coparticipação específica; deve permanecer não associada sem inferir padrão";"Decisão comercial: aguardar definição da operadora ou manter em branco"
"220c76e1";"LAAGE MONTAGEM E ENGENHARIA LTDA";"Coparticipação sem Política";"Fator Moderador ""Mensalidade + Coparticipação"", porém Política_Coparticipacao está vazia";"Não aplicável política com coparticipação específica; deve permanecer não associada sem inferir padrão";"Decisão comercial: aguardar definição da operadora ou manter em branco"
"e81d96f5";"NOVA BRINK INDUSTRIA DE PLASTICOS LTDA";"Coparticipação sem Política";"Fator Moderador ""Mensalidade + Coparticipação"", porém Política_Coparticipacao está vazia";"Não aplicável política com coparticipação específica; deve permanecer não associada sem inferir padrão";"Decisão comercial: aguardar definição da operadora ou manter em branco"
"915aaf77";"FCG TRANSPORTES E LOGISTICA LTDA";"Coparticipação sem Política";"Fator Moderador ""Mensalidade + Coparticipação"", porém Política_Coparticipacao está vazia";"Não aplicável política com coparticipação específica; deve permanecer não associada sem inferir padrão";"Decisão comercial: aguardar definição da operadora ou manter em branco"
"7b6503b2";"SERVIT SERVIÇOS TERCERIZADOS LTDA";"Coparticipação sem Política";"Fator Moderador ""Mensalidade + Coparticipação"", porém Política_Coparticipacao está vazia";"Não aplicável política com coparticipação específica; deve permanecer não associada sem inferir padrão";"Decisão comercial: aguardar definição da operadora ou manter em branco"
"18e41add";"MONSERTEC ENGENHARIA LTDA";"Coparticipação sem Política";"Fator Moderador ""Mensalidade + Coparticipação"", porém Política_Coparticipacao está vazia";"Não aplicável política com coparticipação específica; deve permanecer não associada sem inferir padrão";"Decisão comercial: aguardar definição da operadora ou manter em branco"
"6df66367";"APPA SERVIÇOS TEMPORARIOS E EFETIVOS";"Coparticipação sem Política";"Fator Moderador ""Mensalidade + Coparticipação"", porém Política_Coparticipacao está vazia";"Não aplicável política com coparticipação específica; deve permanecer não associada sem inferir padrão";"Decisão comercial: aguardar definição da operadora ou manter em branco"
"778187a3";"PODIUM ALIMENTOS";"Coparticipação sem Política";"Fator Moderador ""Mensalidade + Coparticipação"", porém Política_Coparticipacao está vazia";"Não aplicável política com coparticipação específica; deve permanecer não associada sem inferir padrão";"Decisão comercial: aguardar definição da operadora ou manter em branco"
"fb952ea0";"MULTI IMAGEM LTDA";"Coparticipação sem Política";"Fator Moderador ""Mensalidade + Coparticipação"", porém Política_Coparticipacao está vazia";"Não aplicável política com coparticipação específica; deve permanecer não associada sem inferir padrão";"Decisão comercial: aguardar definição da operadora ou manter em branco"
"7f2d2abd";"BASTO MESQUITA";"Coparticipação sem Política";"Fator Moderador ""Mensalidade + Coparticipação"", porém Política_Coparticipacao está vazia";"Não aplicável política com coparticipação específica; deve permanecer não associada sem inferir padrão";"Decisão comercial: aguardar definição da operadora ou manter em branco"
"c97b1acb";"DIFALUX TRANSPORTE LTDA";"Coparticipação sem Política";"Fator Moderador ""Mensalidade + Coparticipação"", porém Política_Coparticipacao está vazia";"Não aplicável política com coparticipação específica; deve permanecer não associada sem inferir padrão";"Decisão comercial: aguardar definição da operadora ou manter em branco"
"7fdc0394";"UNIT8 SERVIÇOS ESPECIALIZADOS LTDA";"Coparticipação sem Política";"Fator Moderador ""Mensalidade + Coparticipação"", porém Política_Coparticipacao está vazia";"Não aplicável política com coparticipação específica; deve permanecer não associada sem inferir padrão";"Decisão comercial: aguardar definição da operadora ou manter em branco"
"1e86cde1";"DIEFRA ENGENHARIA E CONSULTORIA LTDA";"Coparticipação sem Política";"Fator Moderador ""Mensalidade + Coparticipação"", porém Política_Coparticipacao está vazia";"Não aplicável política com coparticipação específica; deve permanecer não associada sem inferir padrão";"Decisão comercial: aguardar definição da operadora ou manter em branco"
"998c6e7a";"BAGERTECH COMERCIO E MANUTENÇÃO DE EQUIPAMENTOS INDUSTRIAIS LTDA";"Coparticipação sem Política";"Fator Moderador ""Mensalidade + Coparticipação"", porém Política_Coparticipacao está vazia";"Não aplicável política com coparticipação específica; deve permanecer não associada sem inferir padrão";"Decisão comercial: aguardar definição da operadora ou manter em branco"
"43e388b1";"DESTAQUE AMBIENTAL";"Coparticipação sem Política";"Fator Moderador ""Mensalidade + Coparticipação"", porém Política_Coparticipacao está vazia";"Não aplicável política com coparticipação específica; deve permanecer não associada sem inferir padrão";"Decisão comercial: aguardar definição da operadora ou manter em branco"
"401dd390";"TECHNO PLAST";"Coparticipação sem Política";"Fator Moderador ""Mensalidade + Coparticipação"", porém Política_Coparticipacao está vazia";"Não aplicável política com coparticipação específica; deve permanecer não associada sem inferir padrão";"Decisão comercial: aguardar definição da operadora ou manter em branco"
"9563d98e";"ATACADÃO CENTRO SUL LTDA";"Coparticipação sem Política";"Fator Moderador ""Mensalidade + Coparticipação"", porém Política_Coparticipacao está vazia";"Não aplicável política com coparticipação específica; deve permanecer não associada sem inferir padrão";"Decisão comercial: aguardar definição da operadora ou manter em branco"
"b90b1ff8";"LED IN BRASIL ARTIGOS DE ILUMINAÇÃO LTDA";"Coparticipação sem Política";"Fator Moderador ""Mensalidade + Coparticipação"", porém Política_Coparticipacao está vazia";"Não aplicável política com coparticipação específica; deve permanecer não associada sem inferir padrão";"Decisão comercial: aguardar definição da operadora ou manter em branco"
"3639bf1e";"CONDOMINIO VILLAGGIO PANAMBY";"Coparticipação sem Política";"Fator Moderador ""Mensalidade + Coparticipação"", porém Política_Coparticipacao está vazia";"Não aplicável política com coparticipação específica; deve permanecer não associada sem inferir padrão";"Decisão comercial: aguardar definição da operadora ou manter em branco"
"56f8b82e";"ASSOCIAÇÃO HUMANA POVO PARA POVO BRASIL";"Coparticipação sem Política";"Fator Moderador ""Mensalidade + Coparticipação"", porém Política_Coparticipacao está vazia";"Não aplicável política com coparticipação específica; deve permanecer não associada sem inferir padrão";"Decisão comercial: aguardar definição da operadora ou manter em branco"
"eec42848";"COTECNA SERVIÇOS LTDA";"Coparticipação sem Política";"Fator Moderador ""Mensalidade + Coparticipação"", porém Política_Coparticipacao está vazia";"Não aplicável política com coparticipação específica; deve permanecer não associada sem inferir padrão";"Decisão comercial: aguardar definição da operadora ou manter em branco"
"5ad23ba4";"ARGET LOGISTICA E TRANSPORTES LTDA";"Coparticipação sem Política";"Fator Moderador ""Mensalidade + Coparticipação"", porém Política_Coparticipacao está vazia";"Não aplicável política com coparticipação específica; deve permanecer não associada sem inferir padrão";"Decisão comercial: aguardar definição da operadora ou manter em branco"
"fd01a658";"PORTO ITACIMIRIM CONSTRUÇÃO E INCORPOTAÇÃO";"Coparticipação sem Política";"Fator Moderador ""Mensalidade + Coparticipação"", porém Política_Coparticipacao está vazia";"Não aplicável política com coparticipação específica; deve permanecer não associada sem inferir padrão";"Decisão comercial: aguardar definição da operadora ou manter em branco"
"9b9fc184";"MIRASOL TRANSPORTE E ARMAZENAGEM";"Coparticipação sem Política";"Fator Moderador ""Mensalidade + Coparticipação"", porém Política_Coparticipacao está vazia";"Não aplicável política com coparticipação específica; deve permanecer não associada sem inferir padrão";"Decisão comercial: aguardar definição da operadora ou manter em branco"
"0f630547";"CONSTRUTORA ELOS ENGENHARIA LTDA";"Coparticipação sem Política";"Fator Moderador ""Mensalidade + Coparticipação"", porém Política_Coparticipacao está vazia";"Não aplicável política com coparticipação específica; deve permanecer não associada sem inferir padrão";"Decisão comercial: aguardar definição da operadora ou manter em branco"
"00279b18";"VRM SAUDE AMBIENTAL LTDA";"Coparticipação sem Política";"Fator Moderador ""Mensalidade + Coparticipação"", porém Política_Coparticipacao está vazia";"Não aplicável política com coparticipação específica; deve permanecer não associada sem inferir padrão";"Decisão comercial: aguardar definição da operadora ou manter em branco"
"4262e8ae";"EOS EQUIPAMENTOS IMOBILIARIOS SPE-LTDA";"Coparticipação sem Política";"Fator Moderador ""Mensalidade + Coparticipação"", porém Política_Coparticipacao está vazia";"Não aplicável política com coparticipação específica; deve permanecer não associada sem inferir padrão";"Decisão comercial: aguardar definição da operadora ou manter em branco"
"4811b364";"PENHA PAPEIS";"Coparticipação sem Política";"Fator Moderador ""Mensalidade + Coparticipação"", porém Política_Coparticipacao está vazia";"Não aplicável política com coparticipação específica; deve permanecer não associada sem inferir padrão";"Decisão comercial: aguardar definição da operadora ou manter em branco"
"4072e8e1";"DPL CONSTRUÇÕES LTDA";"Coparticipação sem Política";"Fator Moderador ""Mensalidade + Coparticipação"", porém Política_Coparticipacao está vazia";"Não aplicável política com coparticipação específica; deve permanecer não associada sem inferir padrão";"Decisão comercial: aguardar definição da operadora ou manter em branco"
"399a6a70";"MM VERONZE SERVICOS TERCEIRIZADOS LTDA";"Coparticipação sem Política";"Fator Moderador ""Mensalidade + Coparticipação"", porém Política_Coparticipacao está vazia";"Não aplicável política com coparticipação específica; deve permanecer não associada sem inferir padrão";"Decisão comercial: aguardar definição da operadora ou manter em branco"
"a3c43b68";"FERTIMAXI INDUSTRIA, COMERCIO E SERVIÇOS DE FERTILIZANTES LTDA";"Coparticipação sem Política";"Fator Moderador ""Mensalidade + Coparticipação"", porém Política_Coparticipacao está vazia";"Não aplicável política com coparticipação específica; deve permanecer não associada sem inferir padrão";"Decisão comercial: aguardar definição da operadora ou manter em branco"
"f1a45643";"OTICA DA GENTE LTDA";"Coparticipação sem Política";"Fator Moderador ""Mensalidade + Coparticipação"", porém Política_Coparticipacao está vazia";"Não aplicável política com coparticipação específica; deve permanecer não associada sem inferir padrão";"Decisão comercial: aguardar definição da operadora ou manter em branco"
"04412f92";"HORTIFRUTI UNIÃO LTDA";"Coparticipação sem Política";"Fator Moderador ""Mensalidade + Coparticipação"", porém Política_Coparticipacao está vazia";"Não aplicável política com coparticipação específica; deve permanecer não associada sem inferir padrão";"Decisão comercial: aguardar definição da operadora ou manter em branco"
"a87b6583";"CONDOMINIO YACHT PRIVILEGE RESIDENCE";"Coparticipação sem Política";"Fator Moderador ""Mensalidade + Coparticipação"", porém Política_Coparticipacao está vazia";"Não aplicável política com coparticipação específica; deve permanecer não associada sem inferir padrão";"Decisão comercial: aguardar definição da operadora ou manter em branco"
"fa1433ab";"EXPRESSO BRASILEIRO TRANSPORTE LTDA";"Coparticipação sem Política";"Fator Moderador ""Mensalidade + Coparticipação"", porém Política_Coparticipacao está vazia";"Não aplicável política com coparticipação específica; deve permanecer não associada sem inferir padrão";"Decisão comercial: aguardar definição da operadora ou manter em branco"
"2fb8457c";"MAITY BIOENERGIA LTDA";"Coparticipação sem Política";"Fator Moderador ""Mensalidade + Coparticipação"", porém Política_Coparticipacao está vazia";"Não aplicável política com coparticipação específica; deve permanecer não associada sem inferir padrão";"Decisão comercial: aguardar definição da operadora ou manter em branco"
"0ac91036";"ELITE ENGENHARIA";"Coparticipação sem Política";"Fator Moderador ""Mensalidade + Coparticipação"", porém Política_Coparticipacao está vazia";"Não aplicável política com coparticipação específica; deve permanecer não associada sem inferir padrão";"Decisão comercial: aguardar definição da operadora ou manter em branco"
"7f8261d0";"CLASA- CASA LIONS DE ADOLECENTES DE SANTO ANDRE";"Coparticipação sem Política";"Fator Moderador ""Mensalidade + Coparticipação"", porém Política_Coparticipacao está vazia";"Não aplicável política com coparticipação específica; deve permanecer não associada sem inferir padrão";"Decisão comercial: aguardar definição da operadora ou manter em branco"
"8b572bbc";"BRISA IND DE TECIDOS TECN SA";"Coparticipação sem Política";"Fator Moderador ""Mensalidade + Coparticipação"", porém Política_Coparticipacao está vazia";"Não aplicável política com coparticipação específica; deve permanecer não associada sem inferir padrão";"Decisão comercial: aguardar definição da operadora ou manter em branco"
"cd76b11c";"BRITOS INDUSTRIA DE PORTAS DE METAL";"Coparticipação sem Política";"Fator Moderador ""Mensalidade + Coparticipação"", porém Política_Coparticipacao está vazia";"Não aplicável política com coparticipação específica; deve permanecer não associada sem inferir padrão";"Decisão comercial: aguardar definição da operadora ou manter em branco"
"58f7dbaa";"TOTAL FLEX INDUSTRIA DE EMBALAGENS LTDA";"Coparticipação sem Política";"Fator Moderador ""Mensalidade + Coparticipação"", porém Política_Coparticipacao está vazia";"Não aplicável política com coparticipação específica; deve permanecer não associada sem inferir padrão";"Decisão comercial: aguardar definição da operadora ou manter em branco"
"f40d84bd";"JSP SERVIÇOS E TERCEIRIZAÇÃO DE MÃO DE OBRA LTDA";"Coparticipação sem Política";"Fator Moderador ""Mensalidade + Coparticipação"", porém Política_Coparticipacao está vazia";"Não aplicável política com coparticipação específica; deve permanecer não associada sem inferir padrão";"Decisão comercial: aguardar definição da operadora ou manter em branco"
"a8e19a50";"GP7";"Coparticipação sem Política";"Fator Moderador ""Mensalidade + Coparticipação"", porém Política_Coparticipacao está vazia";"Não aplicável política com coparticipação específica; deve permanecer não associada sem inferir padrão";"Decisão comercial: aguardar definição da operadora ou manter em branco"
"a87c9519";"O SABOR DA BAHIA";"Coparticipação sem Política";"Fator Moderador ""Mensalidade + Coparticipação"", porém Política_Coparticipacao está vazia";"Não aplicável política com coparticipação específica; deve permanecer não associada sem inferir padrão";"Decisão comercial: aguardar definição da operadora ou manter em branco"
"60c086d0";"ENSADA INDUSTRIA NAVAL S.A EM RECUPERACAO JUDICIAL";"Coparticipação sem Política";"Fator Moderador ""Mensalidade + Coparticipação"", porém Política_Coparticipacao está vazia";"Não aplicável política com coparticipação específica; deve permanecer não associada sem inferir padrão";"Decisão comercial: aguardar definição da operadora ou manter em branco"
"a43dd239";"SINDICATO DAS EMPRESAS DE SEGURANÇA PRIVADA DO ESTADO DE PERNAMBUCO";"Coparticipação sem Política";"Fator Moderador ""Mensalidade + Coparticipação"", porém Política_Coparticipacao está vazia";"Não aplicável política com coparticipação específica; deve permanecer não associada sem inferir padrão";"Decisão comercial: aguardar definição da operadora ou manter em branco"
"4ae40569";"CONSORCIO EXPRESSO MOBILIDADE SALVADOR";"Coparticipação sem Política";"Fator Moderador ""Mensalidade + Coparticipação"", porém Política_Coparticipacao está vazia";"Não aplicável política com coparticipação específica; deve permanecer não associada sem inferir padrão";"Decisão comercial: aguardar definição da operadora ou manter em branco"
"74f1cbcb";"VITORIA CAMINHOES LTDA";"Coparticipação sem Política";"Fator Moderador ""Mensalidade + Coparticipação"", porém Política_Coparticipacao está vazia";"Não aplicável política com coparticipação específica; deve permanecer não associada sem inferir padrão";"Decisão comercial: aguardar definição da operadora ou manter em branco"
"6cfd4799";"AMBIPAR ENVIRONMENTAL SOLUTIONS";"Coparticipação sem Política";"Fator Moderador ""Mensalidade + Coparticipação"", porém Política_Coparticipacao está vazia";"Não aplicável política com coparticipação específica; deve permanecer não associada sem inferir padrão";"Decisão comercial: aguardar definição da operadora ou manter em branco"
"a47cccfe";"ETEC INDUSTRIA, COMERCIO E SERVIÇÕES DE ESQUADRIAS E VIDROS LTDA";"Coparticipação sem Política";"Fator Moderador ""Mensalidade + Coparticipação"", porém Política_Coparticipacao está vazia";"Não aplicável política com coparticipação específica; deve permanecer não associada sem inferir padrão";"Decisão comercial: aguardar definição da operadora ou manter em branco"
"bf84133a";"CENTRO EDUCACIONAL E DESPORTIVO ELO LTDA";"Coparticipação sem Política";"Fator Moderador ""Mensalidade + Coparticipação"", porém Política_Coparticipacao está vazia";"Não aplicável política com coparticipação específica; deve permanecer não associada sem inferir padrão";"Decisão comercial: aguardar definição da operadora ou manter em branco"
"7d3fa5a8";"CDA- CENTRAL DE DISTRIBUIÇÃO AZEVEDO LTDA";"Coparticipação sem Política";"Fator Moderador ""Mensalidade + Coparticipação"", porém Política_Coparticipacao está vazia";"Não aplicável política com coparticipação específica; deve permanecer não associada sem inferir padrão";"Decisão comercial: aguardar definição da operadora ou manter em branco"
"664e78af";"RETAIL DESIGN LAB LTDA";"Coparticipação sem Política";"Fator Moderador ""Mensalidade + Coparticipação"", porém Política_Coparticipacao está vazia";"Não aplicável política com coparticipação específica; deve permanecer não associada sem inferir padrão";"Decisão comercial: aguardar definição da operadora ou manter em branco"
"7f8e6403";"DZSET TRANSPORTE E LOGISTICA LTDA";"Coparticipação sem Política";"Fator Moderador ""Mensalidade + Coparticipação"", porém Política_Coparticipacao está vazia";"Não aplicável política com coparticipação específica; deve permanecer não associada sem inferir padrão";"Decisão comercial: aguardar definição da operadora ou manter em branco"
"cbca3ae2";"ESQUADROMIL INDUSTRIA DE ESQUADRIAIS LTDA";"Coparticipação sem Política";"Fator Moderador ""Mensalidade + Coparticipação"", porém Política_Coparticipacao está vazia";"Não aplicável política com coparticipação específica; deve permanecer não associada sem inferir padrão";"Decisão comercial: aguardar definição da operadora ou manter em branco"
"ea7bbb0a";"CONECTA EMPREENDIMENTOS LTDA";"Coparticipação sem Política";"Fator Moderador ""Mensalidade + Coparticipação"", porém Política_Coparticipacao está vazia";"Não aplicável política com coparticipação específica; deve permanecer não associada sem inferir padrão";"Decisão comercial: aguardar definição da operadora ou manter em branco"
"46364035";"CECI CONFEITARIA ROTISSERIE DELIVERY LTDA";"Coparticipação sem Política";"Fator Moderador ""Mensalidade + Coparticipação"", porém Política_Coparticipacao está vazia";"Não aplicável política com coparticipação específica; deve permanecer não associada sem inferir padrão";"Decisão comercial: aguardar definição da operadora ou manter em branco"
"db29cc3a";"TECNOLOGIAS DE TRANSITO DA AMAZONIA SPE- LTDA";"Coparticipação sem Política";"Fator Moderador ""Mensalidade + Coparticipação"", porém Política_Coparticipacao está vazia";"Não aplicável política com coparticipação específica; deve permanecer não associada sem inferir padrão";"Decisão comercial: aguardar definição da operadora ou manter em branco"
"0c479c77";"MAZZA ENGENHARIA";"Coparticipação sem Política";"Fator Moderador ""Mensalidade + Coparticipação"", porém Política_Coparticipacao está vazia";"Não aplicável política com coparticipação específica; deve permanecer não associada sem inferir padrão";"Decisão comercial: aguardar definição da operadora ou manter em branco"
"a84abb63";"AMBIPAR ENVIRONMENTAL SOLUTIONS";"Coparticipação sem Política";"Fator Moderador ""Mensalidade + Coparticipação"", porém Política_Coparticipacao está vazia";"Não aplicável política com coparticipação específica; deve permanecer não associada sem inferir padrão";"Decisão comercial: aguardar definição da operadora ou manter em branco"
"e4ac4629";"AMA FACILITES LTDA";"Coparticipação sem Política";"Fator Moderador ""Mensalidade + Coparticipação"", porém Política_Coparticipacao está vazia";"Não aplicável política com coparticipação específica; deve permanecer não associada sem inferir padrão";"Decisão comercial: aguardar definição da operadora ou manter em branco"
"eb3daef3";"BIG TRADING E EMPREENDIMENTOS LTDA";"Coparticipação sem Política";"Fator Moderador ""Mensalidade + Coparticipação"", porém Política_Coparticipacao está vazia";"Não aplicável política com coparticipação específica; deve permanecer não associada sem inferir padrão";"Decisão comercial: aguardar definição da operadora ou manter em branco"
"3fdd46c3";"LAAGE";"Coparticipação sem Política";"Fator Moderador ""Mensalidade + Coparticipação"", porém Política_Coparticipacao está vazia";"Não aplicável política com coparticipação específica; deve permanecer não associada sem inferir padrão";"Decisão comercial: aguardar definição da operadora ou manter em branco"
"633285b3";"CONNECT EMPRESAS TELECOMUNICAÇÕES LTDA";"Coparticipação sem Política";"Fator Moderador ""Mensalidade + Coparticipação"", porém Política_Coparticipacao está vazia";"Não aplicável política com coparticipação específica; deve permanecer não associada sem inferir padrão";"Decisão comercial: aguardar definição da operadora ou manter em branco"
"d340fbf0";"3LS INDUSTRIA DE PARTES PARA CALCADOS LTDA";"Coparticipação sem Política";"Fator Moderador ""Mensalidade + Coparticipação"", porém Política_Coparticipacao está vazia";"Não aplicável política com coparticipação específica; deve permanecer não associada sem inferir padrão";"Decisão comercial: aguardar definição da operadora ou manter em branco"
"1bb09fc1";"MULTISERVICE PRESTADORA DE SERVIÇOS LTDA";"Coparticipação sem Política";"Fator Moderador ""Mensalidade + Coparticipação"", porém Política_Coparticipacao está vazia";"Não aplicável política com coparticipação específica; deve permanecer não associada sem inferir padrão";"Decisão comercial: aguardar definição da operadora ou manter em branco"
"5b577c90";"IPE CLUBE";"Coparticipação sem Política";"Fator Moderador ""Mensalidade + Coparticipação"", porém Política_Coparticipacao está vazia";"Não aplicável política com coparticipação específica; deve permanecer não associada sem inferir padrão";"Decisão comercial: aguardar definição da operadora ou manter em branco"
"a62b8e1a";"MAGAZINE E ARMARINHO CASA DE MAMAE";"Coparticipação sem Política";"Fator Moderador ""Mensalidade + Coparticipação"", porém Política_Coparticipacao está vazia";"Não aplicável política com coparticipação específica; deve permanecer não associada sem inferir padrão";"Decisão comercial: aguardar definição da operadora ou manter em branco"
"8499da9c";"NEXT TECNOLOGIA";"Coparticipação sem Política";"Fator Moderador ""Mensalidade + Coparticipação"", porém Política_Coparticipacao está vazia";"Não aplicável política com coparticipação específica; deve permanecer não associada sem inferir padrão";"Decisão comercial: aguardar definição da operadora ou manter em branco"
"3ed0c68a";"ATACADÃO DO PAPEL LTDA";"Coparticipação sem Política";"Fator Moderador ""Mensalidade + Coparticipação"", porém Política_Coparticipacao está vazia";"Não aplicável política com coparticipação específica; deve permanecer não associada sem inferir padrão";"Decisão comercial: aguardar definição da operadora ou manter em branco"
"b7d578e4";"MASH INDUSTRIA E COMERCIO LTDA";"Coparticipação sem Política";"Fator Moderador ""Mensalidade + Coparticipação"", porém Política_Coparticipacao está vazia";"Não aplicável política com coparticipação específica; deve permanecer não associada sem inferir padrão";"Decisão comercial: aguardar definição da operadora ou manter em branco"
"6f8225ec";"FACILIT MANUTENÇÃO INDUSTRIAL LTDA";"Coparticipação sem Política";"Fator Moderador ""Mensalidade + Coparticipação"", porém Política_Coparticipacao está vazia";"Não aplicável política com coparticipação específica; deve permanecer não associada sem inferir padrão";"Decisão comercial: aguardar definição da operadora ou manter em branco"
"d6c4d56b";"COHAMA ARTIGOS PARA FESTAS LTDA";"Coparticipação sem Política";"Fator Moderador ""Mensalidade + Coparticipação"", porém Política_Coparticipacao está vazia";"Não aplicável política com coparticipação específica; deve permanecer não associada sem inferir padrão";"Decisão comercial: aguardar definição da operadora ou manter em branco"
"5c7d351b";"ASSOCIACAO DOS SERVIDORES TECNICO- ADMNISTRATIVO DO ESTADO DA BAHIA";"Coparticipação sem Política";"Fator Moderador ""Mensalidade + Coparticipação"", porém Política_Coparticipacao está vazia";"Não aplicável política com coparticipação específica; deve permanecer não associada sem inferir padrão";"Decisão comercial: aguardar definição da operadora ou manter em branco"
"fc08bb99";"ASSOCIACAO DOS SERV DA SAUDE E AFINS DA ADM DIRETA DO EST DA BAHIA ASSEBA";"Coparticipação sem Política";"Fator Moderador ""Mensalidade + Coparticipação"", porém Política_Coparticipacao está vazia";"Não aplicável política com coparticipação específica; deve permanecer não associada sem inferir padrão";"Decisão comercial: aguardar definição da operadora ou manter em branco"
"115539a6";"PROJETO SENEANTES";"Coparticipação sem Política";"Fator Moderador ""Mensalidade + Coparticipação"", porém Política_Coparticipacao está vazia";"Não aplicável política com coparticipação específica; deve permanecer não associada sem inferir padrão";"Decisão comercial: aguardar definição da operadora ou manter em branco"
"a53f2cd7";"EMEC EMPREENDIMENTOS MEDICO CIRURGICOS LTDA";"Coparticipação sem Política";"Fator Moderador ""Mensalidade + Coparticipação"", porém Política_Coparticipacao está vazia";"Não aplicável política com coparticipação específica; deve permanecer não associada sem inferir padrão";"Decisão comercial: aguardar definição da operadora ou manter em branco"
"f3cf2ec6";"RF ATACADO DE ALIMENTOS S/A";"Coparticipação sem Política";"Fator Moderador ""Mensalidade + Coparticipação"", porém Política_Coparticipacao está vazia";"Não aplicável política com coparticipação específica; deve permanecer não associada sem inferir padrão";"Decisão comercial: aguardar definição da operadora ou manter em branco"
"69d60a8a";"TERRE CONSULTORIA";"Coparticipação sem Política";"Fator Moderador ""Mensalidade + Coparticipação"", porém Política_Coparticipacao está vazia";"Não aplicável política com coparticipação específica; deve permanecer não associada sem inferir padrão";"Decisão comercial: aguardar definição da operadora ou manter em branco"
"9175c798";"TECEMP GROUP COMERCIO, MANUTENÇÃO E LOCAÇÃO DE EMPILHADEIRAS LTDA";"Coparticipação sem Política";"Fator Moderador ""Mensalidade + Coparticipação"", porém Política_Coparticipacao está vazia";"Não aplicável política com coparticipação específica; deve permanecer não associada sem inferir padrão";"Decisão comercial: aguardar definição da operadora ou manter em branco"
"f36eed0a";"ESTALEIRO ATLANTICO SUL";"Coparticipação sem Política";"Fator Moderador ""Mensalidade + Coparticipação"", porém Política_Coparticipacao está vazia";"Não aplicável política com coparticipação específica; deve permanecer não associada sem inferir padrão";"Decisão comercial: aguardar definição da operadora ou manter em branco"
"a71f3d31";"CANTINA VOLPI CENTRAL OFFICE LTDA";"Coparticipação sem Política";"Fator Moderador ""Mensalidade + Coparticipação"", porém Política_Coparticipacao está vazia";"Não aplicável política com coparticipação específica; deve permanecer não associada sem inferir padrão";"Decisão comercial: aguardar definição da operadora ou manter em branco"
"e1e94018";"SANTA FE INDUSTRIA DE TINTAS E MATERIAIS DE CONSTRUÇÃO LTDA";"Coparticipação sem Política";"Fator Moderador ""Mensalidade + Coparticipação"", porém Política_Coparticipacao está vazia";"Não aplicável política com coparticipação específica; deve permanecer não associada sem inferir padrão";"Decisão comercial: aguardar definição da operadora ou manter em branco"
"60430438";"MOURA DUBEUX ENGENHARIA S A";"Coparticipação sem Política";"Fator Moderador ""Mensalidade + Coparticipação"", porém Política_Coparticipacao está vazia";"Não aplicável política com coparticipação específica; deve permanecer não associada sem inferir padrão";"Decisão comercial: aguardar definição da operadora ou manter em branco"
"4316db1c";"INST- HOSPITAL DE BROTAS";"Coparticipação sem Política";"Fator Moderador ""Mensalidade + Coparticipação"", porém Política_Coparticipacao está vazia";"Não aplicável política com coparticipação específica; deve permanecer não associada sem inferir padrão";"Decisão comercial: aguardar definição da operadora ou manter em branco"
"16fee536";"EDITORA A TARDE AS";"Coparticipação sem Política";"Fator Moderador ""Mensalidade + Coparticipação"", porém Política_Coparticipacao está vazia";"Não aplicável política com coparticipação específica; deve permanecer não associada sem inferir padrão";"Decisão comercial: aguardar definição da operadora ou manter em branco"
"376fc06a";"TRANSAGIL TRANSPORTES DE CARGA LTDA";"Coparticipação sem Política";"Fator Moderador ""Mensalidade + Coparticipação"", porém Política_Coparticipacao está vazia";"Não aplicável política com coparticipação específica; deve permanecer não associada sem inferir padrão";"Decisão comercial: aguardar definição da operadora ou manter em branco"
"504b5050";"RIOS SERVIÇOS EMPRESARIAIS EIRELI";"Coparticipação sem Política";"Fator Moderador ""Mensalidade + Coparticipação"", porém Política_Coparticipacao está vazia";"Não aplicável política com coparticipação específica; deve permanecer não associada sem inferir padrão";"Decisão comercial: aguardar definição da operadora ou manter em branco"
"2fd946ad";"VERDE PLANEJAMENTOS E SERVIÇOS LTDA";"Coparticipação sem Política";"Fator Moderador ""Mensalidade + Coparticipação"", porém Política_Coparticipacao está vazia";"Não aplicável política com coparticipação específica; deve permanecer não associada sem inferir padrão";"Decisão comercial: aguardar definição da operadora ou manter em branco"
"8f62390f";"ESTAF EQUIPAMENTOS SA";"Coparticipação sem Política";"Fator Moderador ""Mensalidade + Coparticipação"", porém Política_Coparticipacao está vazia";"Não aplicável política com coparticipação específica; deve permanecer não associada sem inferir padrão";"Decisão comercial: aguardar definição da operadora ou manter em branco"
"b3b460e8";"A 5 COMERCIO E REPRESENTAÇOES LTDA";"Coparticipação sem Política";"Fator Moderador ""Mensalidade + Coparticipação"", porém Política_Coparticipacao está vazia";"Não aplicável política com coparticipação específica; deve permanecer não associada sem inferir padrão";"Decisão comercial: aguardar definição da operadora ou manter em branco"
"7d5723a6";"FACILITY LTDA";"Coparticipação sem Política";"Fator Moderador ""Mensalidade + Coparticipação"", porém Política_Coparticipacao está vazia";"Não aplicável política com coparticipação específica; deve permanecer não associada sem inferir padrão";"Decisão comercial: aguardar definição da operadora ou manter em branco"
"6864c4db";"UNIÃO COMERCIAL BARAO SA LOCAÇÃO EMPREENDIMENTOS";"Coparticipação sem Política";"Fator Moderador ""Mensalidade + Coparticipação"", porém Política_Coparticipacao está vazia";"Não aplicável política com coparticipação específica; deve permanecer não associada sem inferir padrão";"Decisão comercial: aguardar definição da operadora ou manter em branco"
"949d0ec8";"DESENVOLVA- INSTIRUTO PARA DESENVOLVIMENTO HUMANO";"Coparticipação sem Política";"Fator Moderador ""Mensalidade + Coparticipação"", porém Política_Coparticipacao está vazia";"Não aplicável política com coparticipação específica; deve permanecer não associada sem inferir padrão";"Decisão comercial: aguardar definição da operadora ou manter em branco"
"cfbf9cc3";"BIOTUR";"Coparticipação sem Política";"Fator Moderador ""Mensalidade + Coparticipação"", porém Política_Coparticipacao está vazia";"Não aplicável política com coparticipação específica; deve permanecer não associada sem inferir padrão";"Decisão comercial: aguardar definição da operadora ou manter em branco"
"25116c23";"BEAUTY PROMOCAO E VENDAS LTDA";"Coparticipação sem Política";"Fator Moderador ""Mensalidade + Coparticipação"", porém Política_Coparticipacao está vazia";"Não aplicável política com coparticipação específica; deve permanecer não associada sem inferir padrão";"Decisão comercial: aguardar definição da operadora ou manter em branco"
"58e8ca03";"TRANSPORTADORA SAVO LTDA";"Coparticipação sem Política";"Fator Moderador ""Mensalidade + Coparticipação"", porém Política_Coparticipacao está vazia";"Não aplicável política com coparticipação específica; deve permanecer não associada sem inferir padrão";"Decisão comercial: aguardar definição da operadora ou manter em branco"
"006409b5";"CONDOMINIO VILLA PRIVILEGE";"Coparticipação sem Política";"Fator Moderador ""Mensalidade + Coparticipação"", porém Política_Coparticipacao está vazia";"Não aplicável política com coparticipação específica; deve permanecer não associada sem inferir padrão";"Decisão comercial: aguardar definição da operadora ou manter em branco"
"154e65f6";"MAZZA ENGENHARIA LTDA";"Coparticipação sem Política";"Fator Moderador ""Mensalidade + Coparticipação"", porém Política_Coparticipacao está vazia";"Não aplicável política com coparticipação específica; deve permanecer não associada sem inferir padrão";"Decisão comercial: aguardar definição da operadora ou manter em branco"
"feb87126";"INOPEL INDUSTRIA NORDESTINA DE PRODUTOS ELETRICOS LTDA";"Coparticipação sem Política";"Fator Moderador ""Mensalidade + Coparticipação"", porém Política_Coparticipacao está vazia";"Não aplicável política com coparticipação específica; deve permanecer não associada sem inferir padrão";"Decisão comercial: aguardar definição da operadora ou manter em branco"
"f471914e";"FUNDAÇÃO ADM";"Coparticipação sem Política";"Fator Moderador ""Mensalidade + Coparticipação"", porém Política_Coparticipacao está vazia";"Não aplicável política com coparticipação específica; deve permanecer não associada sem inferir padrão";"Decisão comercial: aguardar definição da operadora ou manter em branco"
"47703930";"EXPRESSO RODOVIARIO 1001 LTDA";"Coparticipação sem Política";"Fator Moderador ""Mensalidade + Coparticipação"", porém Política_Coparticipacao está vazia";"Não aplicável política com coparticipação específica; deve permanecer não associada sem inferir padrão";"Decisão comercial: aguardar definição da operadora ou manter em branco"
"ca780c9b";"IMPERIO SECURITY VIGILANCIA PATRIMONIAL";"Coparticipação sem Política";"Fator Moderador ""Mensalidade + Coparticipação"", porém Política_Coparticipacao está vazia";"Não aplicável política com coparticipação específica; deve permanecer não associada sem inferir padrão";"Decisão comercial: aguardar definição da operadora ou manter em branco"
"41f1d77a";"UPLINK INTERNET LTDA";"Coparticipação sem Política";"Fator Moderador ""Mensalidade + Coparticipação"", porém Política_Coparticipacao está vazia";"Não aplicável política com coparticipação específica; deve permanecer não associada sem inferir padrão";"Decisão comercial: aguardar definição da operadora ou manter em branco"
"6b45cb82";"COMCARNE COMERCIAL DE CARNES LTDA";"Coparticipação sem Política";"Fator Moderador ""Mensalidade + Coparticipação"", porém Política_Coparticipacao está vazia";"Não aplicável política com coparticipação específica; deve permanecer não associada sem inferir padrão";"Decisão comercial: aguardar definição da operadora ou manter em branco"
"bec0fb34";"ARTEL ENGENHARIA E SERVIÇOS LTDA";"Coparticipação sem Política";"Fator Moderador ""Mensalidade + Coparticipação"", porém Política_Coparticipacao está vazia";"Não aplicável política com coparticipação específica; deve permanecer não associada sem inferir padrão";"Decisão comercial: aguardar definição da operadora ou manter em branco"
"e5a2d04a";"CEB SEGURANÇA LTDA";"Coparticipação sem Política";"Fator Moderador ""Mensalidade + Coparticipação"", porém Política_Coparticipacao está vazia";"Não aplicável política com coparticipação específica; deve permanecer não associada sem inferir padrão";"Decisão comercial: aguardar definição da operadora ou manter em branco"
"8c894576";"EQUILIBRIO PROTECAO FLORESTAL LTDA";"Coparticipação sem Política";"Fator Moderador ""Mensalidade + Coparticipação"", porém Política_Coparticipacao está vazia";"Não aplicável política com coparticipação específica; deve permanecer não associada sem inferir padrão";"Decisão comercial: aguardar definição da operadora ou manter em branco"
"8ab2e462";"IPHONE SELECT";"Coparticipação sem Política";"Fator Moderador ""Mensalidade + Coparticipação"", porém Política_Coparticipacao está vazia";"Não aplicável política com coparticipação específica; deve permanecer não associada sem inferir padrão";"Decisão comercial: aguardar definição da operadora ou manter em branco"
"f62544e3";"COLEGIO INA";"Coparticipação sem Política";"Fator Moderador ""Mensalidade + Coparticipação"", porém Política_Coparticipacao está vazia";"Não aplicável política com coparticipação específica; deve permanecer não associada sem inferir padrão";"Decisão comercial: aguardar definição da operadora ou manter em branco"
"dcab2d55";"HOSPITAL MATER DEI";"Coparticipação sem Política";"Fator Moderador ""Mensalidade + Coparticipação"", porém Política_Coparticipacao está vazia";"Não aplicável política com coparticipação específica; deve permanecer não associada sem inferir padrão";"Decisão comercial: aguardar definição da operadora ou manter em branco"
"fa19d020";"HTD EMPREENDIMENTOS LTDA";"Coparticipação sem Política";"Fator Moderador ""Mensalidade + Coparticipação"", porém Política_Coparticipacao está vazia";"Não aplicável política com coparticipação específica; deve permanecer não associada sem inferir padrão";"Decisão comercial: aguardar definição da operadora ou manter em branco"
"29afd09b";"HTD SERVICOS E LOCAÇÕES LTDA";"Coparticipação sem Política";"Fator Moderador ""Mensalidade + Coparticipação"", porém Política_Coparticipacao está vazia";"Não aplicável política com coparticipação específica; deve permanecer não associada sem inferir padrão";"Decisão comercial: aguardar definição da operadora ou manter em branco"
"2aa85bd6";"ESFERA SERVIÇOS";"Coparticipação sem Política";"Fator Moderador ""Mensalidade + Coparticipação"", porém Política_Coparticipacao está vazia";"Não aplicável política com coparticipação específica; deve permanecer não associada sem inferir padrão";"Decisão comercial: aguardar definição da operadora ou manter em branco"
"f9c76339";"TOPSEG SEGURANCA PATRIMONIAL LTDA";"Coparticipação sem Política";"Fator Moderador ""Mensalidade + Coparticipação"", porém Política_Coparticipacao está vazia";"Não aplicável política com coparticipação específica; deve permanecer não associada sem inferir padrão";"Decisão comercial: aguardar definição da operadora ou manter em branco"
"ef8e91d2";"AA ALTERNATIVA TRANSPORTES LTDA";"Coparticipação sem Política";"Fator Moderador ""Mensalidade + Coparticipação"", porém Política_Coparticipacao está vazia";"Não aplicável política com coparticipação específica; deve permanecer não associada sem inferir padrão";"Decisão comercial: aguardar definição da operadora ou manter em branco"
"86948b2d";"RP TRANSPORTE E SERVIÇOS LTDA / RCS TRANSPORTE E SERVICOS LTDA";"Coparticipação sem Política";"Fator Moderador ""Mensalidade + Coparticipação"", porém Política_Coparticipacao está vazia";"Não aplicável política com coparticipação específica; deve permanecer não associada sem inferir padrão";"Decisão comercial: aguardar definição da operadora ou manter em branco"
"da487626";"TERMOPLAST EMBALAGENS LTDA";"Coparticipação sem Política";"Fator Moderador ""Mensalidade + Coparticipação"", porém Política_Coparticipacao está vazia";"Não aplicável política com coparticipação específica; deve permanecer não associada sem inferir padrão";"Decisão comercial: aguardar definição da operadora ou manter em branco"
"c7f0a430";"VAP BAHIA EMBIENTAL COLETA DE RESIDUOS LTDA";"Coparticipação sem Política";"Fator Moderador ""Mensalidade + Coparticipação"", porém Política_Coparticipacao está vazia";"Não aplicável política com coparticipação específica; deve permanecer não associada sem inferir padrão";"Decisão comercial: aguardar definição da operadora ou manter em branco"
"46f834c6";"CONDOMINIO EDIFICIO MORADA DOS CARDEAIS";"Coparticipação sem Política";"Fator Moderador ""Mensalidade + Coparticipação"", porém Política_Coparticipacao está vazia";"Não aplicável política com coparticipação específica; deve permanecer não associada sem inferir padrão";"Decisão comercial: aguardar definição da operadora ou manter em branco"
"473212fd";"DROGAFORTE LTDA";"Coparticipação sem Política";"Fator Moderador ""Mensalidade + Coparticipação"", porém Política_Coparticipacao está vazia";"Não aplicável política com coparticipação específica; deve permanecer não associada sem inferir padrão";"Decisão comercial: aguardar definição da operadora ou manter em branco"
"babc649f";"ORV SERVICOS DE MANUTENÇÃO LTDA";"Coparticipação sem Política";"Fator Moderador ""Mensalidade + Coparticipação"", porém Política_Coparticipacao está vazia";"Não aplicável política com coparticipação específica; deve permanecer não associada sem inferir padrão";"Decisão comercial: aguardar definição da operadora ou manter em branco"
"98b63328";"MAPRON MATERIAIS PARA CONSTRUÇÃO LIMITADA";"Coparticipação sem Política";"Fator Moderador ""Mensalidade + Coparticipação"", porém Política_Coparticipacao está vazia";"Não aplicável política com coparticipação específica; deve permanecer não associada sem inferir padrão";"Decisão comercial: aguardar definição da operadora ou manter em branco"
"df65db80";"SOLUTION DISTRIBUIDORA DE PRODUTOS VETERINARIOS LTDA";"Coparticipação sem Política";"Fator Moderador ""Mensalidade + Coparticipação"", porém Política_Coparticipacao está vazia";"Não aplicável política com coparticipação específica; deve permanecer não associada sem inferir padrão";"Decisão comercial: aguardar definição da operadora ou manter em branco"
"91780d59";"CENTRO DE MEDICINA HUMANA LTDA";"Coparticipação sem Política";"Fator Moderador ""Mensalidade + Coparticipação"", porém Política_Coparticipacao está vazia";"Não aplicável política com coparticipação específica; deve permanecer não associada sem inferir padrão";"Decisão comercial: aguardar definição da operadora ou manter em branco"
"f8b09101";"DINAMO ENGENHARIA LTDA";"Coparticipação sem Política";"Fator Moderador ""Mensalidade + Coparticipação"", porém Política_Coparticipacao está vazia";"Não aplicável política com coparticipação específica; deve permanecer não associada sem inferir padrão";"Decisão comercial: aguardar definição da operadora ou manter em branco"
"744d1a70";"PETROBAHIA SA";"Coparticipação sem Política";"Fator Moderador ""Mensalidade + Coparticipação"", porém Política_Coparticipacao está vazia";"Não aplicável política com coparticipação específica; deve permanecer não associada sem inferir padrão";"Decisão comercial: aguardar definição da operadora ou manter em branco"
"e5245852";"OUTBACK STEAKHOUSE RESTAURANTES BRASIL SA";"Coparticipação sem Política";"Fator Moderador ""Mensalidade + Coparticipação"", porém Política_Coparticipacao está vazia";"Não aplicável política com coparticipação específica; deve permanecer não associada sem inferir padrão";"Decisão comercial: aguardar definição da operadora ou manter em branco"
"f56fd802";"GLOBALTECH BRASIL LTDA";"Coparticipação sem Política";"Fator Moderador ""Mensalidade + Coparticipação"", porém Política_Coparticipacao está vazia";"Não aplicável política com coparticipação específica; deve permanecer não associada sem inferir padrão";"Decisão comercial: aguardar definição da operadora ou manter em branco"
"da7d64c8";"DP COMERCIO DE AGUA LTDA";"Coparticipação sem Política";"Fator Moderador ""Mensalidade + Coparticipação"", porém Política_Coparticipacao está vazia";"Não aplicável política com coparticipação específica; deve permanecer não associada sem inferir padrão";"Decisão comercial: aguardar definição da operadora ou manter em branco"
"71a92af1";"DB COMERCIO DE FRUTAS LTDA";"Coparticipação sem Política";"Fator Moderador ""Mensalidade + Coparticipação"", porém Política_Coparticipacao está vazia";"Não aplicável política com coparticipação específica; deve permanecer não associada sem inferir padrão";"Decisão comercial: aguardar definição da operadora ou manter em branco"
"e270b3a6";"OPEN BUILDING SYSTEM BRASIL LTDA";"Coparticipação sem Política";"Fator Moderador ""Mensalidade + Coparticipação"", porém Política_Coparticipacao está vazia";"Não aplicável política com coparticipação específica; deve permanecer não associada sem inferir padrão";"Decisão comercial: aguardar definição da operadora ou manter em branco"
"d71d9029";"AIR LESS SERRANA SERVIÇOS LTDA";"Coparticipação sem Política";"Fator Moderador ""Mensalidade + Coparticipação"", porém Política_Coparticipacao está vazia";"Não aplicável política com coparticipação específica; deve permanecer não associada sem inferir padrão";"Decisão comercial: aguardar definição da operadora ou manter em branco"
"25c3ba1b";"ZINNI E GYELL INDUSTRIA DE AUTO PEÇAS LTDA";"Coparticipação sem Política";"Fator Moderador ""Mensalidade + Coparticipação"", porém Política_Coparticipacao está vazia";"Não aplicável política com coparticipação específica; deve permanecer não associada sem inferir padrão";"Decisão comercial: aguardar definição da operadora ou manter em branco"
"c87b88bb";"PRISMA CONSULTORIA AMBIENTAL LTDA";"Coparticipação sem Política";"Fator Moderador ""Mensalidade + Coparticipação"", porém Política_Coparticipacao está vazia";"Não aplicável política com coparticipação específica; deve permanecer não associada sem inferir padrão";"Decisão comercial: aguardar definição da operadora ou manter em branco"
"e1b17ecf";"MUNICIPIO DE VALENCA";"Coparticipação sem Política";"Fator Moderador ""Mensalidade + Coparticipação"", porém Política_Coparticipacao está vazia";"Não aplicável política com coparticipação específica; deve permanecer não associada sem inferir padrão";"Decisão comercial: aguardar definição da operadora ou manter em branco"
"7965bdd4";"SOCIALIZA EMPREENDIMENTOS E SERVIÇOS DE MANUTENÇÃO LTDA";"Coparticipação sem Política";"Fator Moderador ""Mensalidade + Coparticipação"", porém Política_Coparticipacao está vazia";"Não aplicável política com coparticipação específica; deve permanecer não associada sem inferir padrão";"Decisão comercial: aguardar definição da operadora ou manter em branco"
"d116cd3f";"ML LOCAÇÃO DE MAQUINAS EQUIPAMENTOS";"Coparticipação sem Política";"Fator Moderador ""Mensalidade + Coparticipação"", porém Política_Coparticipacao está vazia";"Não aplicável política com coparticipação específica; deve permanecer não associada sem inferir padrão";"Decisão comercial: aguardar definição da operadora ou manter em branco"
"e9e5f65d";"BARROS SILVA CONSULTORIA";"Coparticipação sem Política";"Fator Moderador ""Mensalidade + Coparticipação"", porém Política_Coparticipacao está vazia";"Não aplicável política com coparticipação específica; deve permanecer não associada sem inferir padrão";"Decisão comercial: aguardar definição da operadora ou manter em branco"
"02432d9f";"GOTEMBURGO VEICULO LTDA";"Coparticipação sem Política";"Fator Moderador ""Mensalidade + Coparticipação"", porém Política_Coparticipacao está vazia";"Não aplicável política com coparticipação específica; deve permanecer não associada sem inferir padrão";"Decisão comercial: aguardar definição da operadora ou manter em branco"
"58927e5a";"QWA INSPERÇÃO E SERVIÇOS LTDA";"Coparticipação sem Política";"Fator Moderador ""Mensalidade + Coparticipação"", porém Política_Coparticipacao está vazia";"Não aplicável política com coparticipação específica; deve permanecer não associada sem inferir padrão";"Decisão comercial: aguardar definição da operadora ou manter em branco"
"55bf9515";"HIGICLEAN TECNOLOGIA EM HIGIENIZAÇÃO E CONSERVAÇÃO LTDA";"Coparticipação sem Política";"Fator Moderador ""Mensalidade + Coparticipação"", porém Política_Coparticipacao está vazia";"Não aplicável política com coparticipação específica; deve permanecer não associada sem inferir padrão";"Decisão comercial: aguardar definição da operadora ou manter em branco"
"11c67946";"PA ARQUIVOS LTDA";"Coparticipação sem Política";"Fator Moderador ""Mensalidade + Coparticipação"", porém Política_Coparticipacao está vazia";"Não aplicável política com coparticipação específica; deve permanecer não associada sem inferir padrão";"Decisão comercial: aguardar definição da operadora ou manter em branco"
"26013b7f";"AZ4 DISPLAYS INDUSTRIA E COMERCIO LTDA";"Coparticipação sem Política";"Fator Moderador ""Mensalidade + Coparticipação"", porém Política_Coparticipacao está vazia";"Não aplicável política com coparticipação específica; deve permanecer não associada sem inferir padrão";"Decisão comercial: aguardar definição da operadora ou manter em branco"
"6f34c062";"NX BOATS INDISTRIA E COMERCIO DE PRODUTOS NAUTICOS LTDA";"Coparticipação sem Política";"Fator Moderador ""Mensalidade + Coparticipação"", porém Política_Coparticipacao está vazia";"Não aplicável política com coparticipação específica; deve permanecer não associada sem inferir padrão";"Decisão comercial: aguardar definição da operadora ou manter em branco"
"ed892dbe";"ZE TELECOM SERVIÇOS";"Coparticipação sem Política";"Fator Moderador ""Mensalidade + Coparticipação"", porém Política_Coparticipacao está vazia";"Não aplicável política com coparticipação específica; deve permanecer não associada sem inferir padrão";"Decisão comercial: aguardar definição da operadora ou manter em branco"
"f7d8096b";"WERLANG CONFORT FOOD LTDA";"Coparticipação sem Política";"Fator Moderador ""Mensalidade + Coparticipação"", porém Política_Coparticipacao está vazia";"Não aplicável política com coparticipação específica; deve permanecer não associada sem inferir padrão";"Decisão comercial: aguardar definição da operadora ou manter em branco"
"f09b3ac7";"ITAPAGIPE GAS COMERCIO DE GLP LTDA";"Coparticipação sem Política";"Fator Moderador ""Mensalidade + Coparticipação"", porém Política_Coparticipacao está vazia";"Não aplicável política com coparticipação específica; deve permanecer não associada sem inferir padrão";"Decisão comercial: aguardar definição da operadora ou manter em branco"
"e0a30945";"ESCOLA MEDALHA MILAGROSA";"Coparticipação sem Política";"Fator Moderador ""Mensalidade + Coparticipação"", porém Política_Coparticipacao está vazia";"Não aplicável política com coparticipação específica; deve permanecer não associada sem inferir padrão";"Decisão comercial: aguardar definição da operadora ou manter em branco"
"231aa1d9";"VALDINEIA BATISTA MOTA FEITOSA";"Coparticipação sem Política";"Fator Moderador ""Mensalidade + Coparticipação"", porém Política_Coparticipacao está vazia";"Não aplicável política com coparticipação específica; deve permanecer não associada sem inferir padrão";"Decisão comercial: aguardar definição da operadora ou manter em branco"
"eb7a8ddb";"GRUPO DE AFINIDADE AERO HOTEL, LF EMPREENDIMENTOS, FIRME PRAIA";"Coparticipação sem Política";"Fator Moderador ""Mensalidade + Coparticipação"", porém Política_Coparticipacao está vazia";"Não aplicável política com coparticipação específica; deve permanecer não associada sem inferir padrão";"Decisão comercial: aguardar definição da operadora ou manter em branco"
"0a478a93";"BRASIL ATACADO LTDA";"Coparticipação sem Política";"Fator Moderador ""Mensalidade + Coparticipação"", porém Política_Coparticipacao está vazia";"Não aplicável política com coparticipação específica; deve permanecer não associada sem inferir padrão";"Decisão comercial: aguardar definição da operadora ou manter em branco"
"48b8985c";"POTIGUAR MATERIAIS DE CONSTRUÇÃO S.A";"Coparticipação sem Política";"Fator Moderador ""Mensalidade + Coparticipação"", porém Política_Coparticipacao está vazia";"Não aplicável política com coparticipação específica; deve permanecer não associada sem inferir padrão";"Decisão comercial: aguardar definição da operadora ou manter em branco"
"06203cff";"LYNKZ - VIEIRA BRASIL";"Coparticipação sem Política";"Fator Moderador ""Mensalidade + Coparticipação"", porém Política_Coparticipacao está vazia";"Não aplicável política com coparticipação específica; deve permanecer não associada sem inferir padrão";"Decisão comercial: aguardar definição da operadora ou manter em branco"
"b2d39255";"TRANSPORTADORA ROLIM LTDA";"Coparticipação sem Política";"Fator Moderador ""Mensalidade + Coparticipação"", porém Política_Coparticipacao está vazia";"Não aplicável política com coparticipação específica; deve permanecer não associada sem inferir padrão";"Decisão comercial: aguardar definição da operadora ou manter em branco"
"3ae6bd2d";"A.C. DE SOUZA TEIXEIRA E CIA LTDA";"Coparticipação sem Política";"Fator Moderador ""Mensalidade + Coparticipação"", porém Política_Coparticipacao está vazia";"Não aplicável política com coparticipação específica; deve permanecer não associada sem inferir padrão";"Decisão comercial: aguardar definição da operadora ou manter em branco"
"48428f54";"CHIACCHIO INDUSTRIA DE EMBALAGENS LTDA";"Coparticipação sem Política";"Fator Moderador ""Mensalidade + Coparticipação"", porém Política_Coparticipacao está vazia";"Não aplicável política com coparticipação específica; deve permanecer não associada sem inferir padrão";"Decisão comercial: aguardar definição da operadora ou manter em branco"
"ced01cda";"NMS SERVIÇOS LTDA";"Coparticipação sem Política";"Fator Moderador ""Mensalidade + Coparticipação"", porém Política_Coparticipacao está vazia";"Não aplicável política com coparticipação específica; deve permanecer não associada sem inferir padrão";"Decisão comercial: aguardar definição da operadora ou manter em branco"
"82a37041";"ELVIS ENGENHARIA LTDA";"Coparticipação sem Política";"Fator Moderador ""Mensalidade + Coparticipação"", porém Política_Coparticipacao está vazia";"Não aplicável política com coparticipação específica; deve permanecer não associada sem inferir padrão";"Decisão comercial: aguardar definição da operadora ou manter em branco"
"41595db9";"LABORATORIO DE ANALISES CLINICAS JAIME FELIX CERQUEIRA LTDA";"Coparticipação sem Política";"Fator Moderador ""Mensalidade + Coparticipação"", porém Política_Coparticipacao está vazia";"Não aplicável política com coparticipação específica; deve permanecer não associada sem inferir padrão";"Decisão comercial: aguardar definição da operadora ou manter em branco"
"b645ed43";"TRIX MIRIM ALIMENTAÇÃO ESCOLAR LTDA";"Coparticipação sem Política";"Fator Moderador ""Mensalidade + Coparticipação"", porém Política_Coparticipacao está vazia";"Não aplicável política com coparticipação específica; deve permanecer não associada sem inferir padrão";"Decisão comercial: aguardar definição da operadora ou manter em branco"
"7c2c9542";"GARRA SERVIÇOS LTDA";"Coparticipação sem Política";"Fator Moderador ""Mensalidade + Coparticipação"", porém Política_Coparticipacao está vazia";"Não aplicável política com coparticipação específica; deve permanecer não associada sem inferir padrão";"Decisão comercial: aguardar definição da operadora ou manter em branco"
"42ac8112";"CAPIBARIBE VIAGENS TURISMO E LOCADORA LTDA";"Coparticipação sem Política";"Fator Moderador ""Mensalidade + Coparticipação"", porém Política_Coparticipacao está vazia";"Não aplicável política com coparticipação específica; deve permanecer não associada sem inferir padrão";"Decisão comercial: aguardar definição da operadora ou manter em branco"
"e49eff1e";"PRO SECURITY SEGURANÇA PATRIMONIAL LTDA";"Coparticipação sem Política";"Fator Moderador ""Mensalidade + Coparticipação"", porém Política_Coparticipacao está vazia";"Não aplicável política com coparticipação específica; deve permanecer não associada sem inferir padrão";"Decisão comercial: aguardar definição da operadora ou manter em branco"
"fb9e5dfb";"BOMPLASTIL EMBALAGENS LTDA";"Coparticipação sem Política";"Fator Moderador ""Mensalidade + Coparticipação"", porém Política_Coparticipacao está vazia";"Não aplicável política com coparticipação específica; deve permanecer não associada sem inferir padrão";"Decisão comercial: aguardar definição da operadora ou manter em branco"
"6fc15886";"GALLOTTI TRUCKS VITORIA DA CONQUISTA";"Coparticipação sem Política";"Fator Moderador ""Mensalidade + Coparticipação"", porém Política_Coparticipacao está vazia";"Não aplicável política com coparticipação específica; deve permanecer não associada sem inferir padrão";"Decisão comercial: aguardar definição da operadora ou manter em branco"
"0e490a5f";"BLUE TINTAS LTDA";"Coparticipação sem Política";"Fator Moderador ""Mensalidade + Coparticipação"", porém Política_Coparticipacao está vazia";"Não aplicável política com coparticipação específica; deve permanecer não associada sem inferir padrão";"Decisão comercial: aguardar definição da operadora ou manter em branco"
"1e27267b";"PAMPULHA ENGENHARIA LTDA";"Coparticipação sem Política";"Fator Moderador ""Mensalidade + Coparticipação"", porém Política_Coparticipacao está vazia";"Não aplicável política com coparticipação específica; deve permanecer não associada sem inferir padrão";"Decisão comercial: aguardar definição da operadora ou manter em branco"
"1e12c968";"MIRASOL TRANSPORTE E ARMEZEM LTDA";"Coparticipação sem Política";"Fator Moderador ""Mensalidade + Coparticipação"", porém Política_Coparticipacao está vazia";"Não aplicável política com coparticipação específica; deve permanecer não associada sem inferir padrão";"Decisão comercial: aguardar definição da operadora ou manter em branco"
"c6863c74";"MAX FORTE SERVIÇOES DE SEGURANÇA LTDA";"Coparticipação sem Política";"Fator Moderador ""Mensalidade + Coparticipação"", porém Política_Coparticipacao está vazia";"Não aplicável política com coparticipação específica; deve permanecer não associada sem inferir padrão";"Decisão comercial: aguardar definição da operadora ou manter em branco"
"953f0e36";"LABORATORIO DE ANALISES CLINICAS FERNANDO QUEIROZ LTDA";"Coparticipação sem Política";"Fator Moderador ""Mensalidade + Coparticipação"", porém Política_Coparticipacao está vazia";"Não aplicável política com coparticipação específica; deve permanecer não associada sem inferir padrão";"Decisão comercial: aguardar definição da operadora ou manter em branco"
"ff9dfc96";"SALINOR- SALINAS DO NORDESTE S.A";"Coparticipação sem Política";"Fator Moderador ""Mensalidade + Coparticipação"", porém Política_Coparticipacao está vazia";"Não aplicável política com coparticipação específica; deve permanecer não associada sem inferir padrão";"Decisão comercial: aguardar definição da operadora ou manter em branco"
"a453343e";"SAMACA BENEFICIAMENTOS E PROCESSAMENTOS LTDA";"Coparticipação sem Política";"Fator Moderador ""Mensalidade + Coparticipação"", porém Política_Coparticipacao está vazia";"Não aplicável política com coparticipação específica; deve permanecer não associada sem inferir padrão";"Decisão comercial: aguardar definição da operadora ou manter em branco"
"bc791446";"HOSPITAL DAS CLINICAS DE ALAGOINHAS LTDA";"Coparticipação sem Política";"Fator Moderador ""Mensalidade + Coparticipação"", porém Política_Coparticipacao está vazia";"Não aplicável política com coparticipação específica; deve permanecer não associada sem inferir padrão";"Decisão comercial: aguardar definição da operadora ou manter em branco"
"7f2281bc";"SERV MAIS SERVIÇOS DE LIMPEZA LTDA";"Coparticipação sem Política";"Fator Moderador ""Mensalidade + Coparticipação"", porém Política_Coparticipacao está vazia";"Não aplicável política com coparticipação específica; deve permanecer não associada sem inferir padrão";"Decisão comercial: aguardar definição da operadora ou manter em branco"
"21708d16";"BR ADMNISTRADORA EM GESTAO DE SAUDE LTDA";"Coparticipação sem Política";"Fator Moderador ""Mensalidade + Coparticipação"", porém Política_Coparticipacao está vazia";"Não aplicável política com coparticipação específica; deve permanecer não associada sem inferir padrão";"Decisão comercial: aguardar definição da operadora ou manter em branco"
"611cf596";"SERV ELECTRIN SERVIÇOS ELETRICOS E INSTRUMENTAÇÃO LTDA";"Coparticipação sem Política";"Fator Moderador ""Mensalidade + Coparticipação"", porém Política_Coparticipacao está vazia";"Não aplicável política com coparticipação específica; deve permanecer não associada sem inferir padrão";"Decisão comercial: aguardar definição da operadora ou manter em branco"
"54c9b4b6";"CDP SUPERMERCADOS LTDA";"Coparticipação sem Política";"Fator Moderador ""Mensalidade + Coparticipação"", porém Política_Coparticipacao está vazia";"Não aplicável política com coparticipação específica; deve permanecer não associada sem inferir padrão";"Decisão comercial: aguardar definição da operadora ou manter em branco"
"9b3d58d5";"LABORATORIO LINUS PAULING";"Coparticipação sem Política";"Fator Moderador ""Mensalidade + Coparticipação"", porém Política_Coparticipacao está vazia";"Não aplicável política com coparticipação específica; deve permanecer não associada sem inferir padrão";"Decisão comercial: aguardar definição da operadora ou manter em branco"
"46493ca0";"TRACO TRANSPORTES LTDA";"Coparticipação sem Política";"Fator Moderador ""Mensalidade + Coparticipação"", porém Política_Coparticipacao está vazia";"Não aplicável política com coparticipação específica; deve permanecer não associada sem inferir padrão";"Decisão comercial: aguardar definição da operadora ou manter em branco"
"59c4b870";"CONDOMINIO RESERVA DAS ARVORES";"Coparticipação sem Política";"Fator Moderador ""Mensalidade + Coparticipação"", porém Política_Coparticipacao está vazia";"Não aplicável política com coparticipação específica; deve permanecer não associada sem inferir padrão";"Decisão comercial: aguardar definição da operadora ou manter em branco"
"7f843563";"GRUPO SOHO";"Coparticipação sem Política";"Fator Moderador ""Mensalidade + Coparticipação"", porém Política_Coparticipacao está vazia";"Não aplicável política com coparticipação específica; deve permanecer não associada sem inferir padrão";"Decisão comercial: aguardar definição da operadora ou manter em branco"
"f23260e7";"G A SERVIÇOS DE APOIO ADMNISTRATIVOS LTDA";"Coparticipação sem Política";"Fator Moderador ""Mensalidade + Coparticipação"", porém Política_Coparticipacao está vazia";"Não aplicável política com coparticipação específica; deve permanecer não associada sem inferir padrão";"Decisão comercial: aguardar definição da operadora ou manter em branco"
"bccd94c7";"PANIFICADORA LUMEN LTDA";"Coparticipação sem Política";"Fator Moderador ""Mensalidade + Coparticipação"", porém Política_Coparticipacao está vazia";"Não aplicável política com coparticipação específica; deve permanecer não associada sem inferir padrão";"Decisão comercial: aguardar definição da operadora ou manter em branco"
"41e22a6e";"ABRIGO DO SALVADOR";"Coparticipação sem Política";"Fator Moderador ""Mensalidade + Coparticipação"", porém Política_Coparticipacao está vazia";"Não aplicável política com coparticipação específica; deve permanecer não associada sem inferir padrão";"Decisão comercial: aguardar definição da operadora ou manter em branco"
"11b0d95c";"FORSEG SERVIÇOS DE APOIO";"Coparticipação sem Política";"Fator Moderador ""Mensalidade + Coparticipação"", porém Política_Coparticipacao está vazia";"Não aplicável política com coparticipação específica; deve permanecer não associada sem inferir padrão";"Decisão comercial: aguardar definição da operadora ou manter em branco"
"9d12f583";"GRUPO AMAVIVA";"Coparticipação sem Política";"Fator Moderador ""Mensalidade + Coparticipação"", porém Política_Coparticipacao está vazia";"Não aplicável política com coparticipação específica; deve permanecer não associada sem inferir padrão";"Decisão comercial: aguardar definição da operadora ou manter em branco"
"00a1eaa5";"TRANSPARANA";"Coparticipação sem Política";"Fator Moderador ""Mensalidade + Coparticipação"", porém Política_Coparticipacao está vazia";"Não aplicável política com coparticipação específica; deve permanecer não associada sem inferir padrão";"Decisão comercial: aguardar definição da operadora ou manter em branco"
"544af109";"WEB ESTACIONAMENTO";"Coparticipação sem Política";"Fator Moderador ""Mensalidade + Coparticipação"", porém Política_Coparticipacao está vazia";"Não aplicável política com coparticipação específica; deve permanecer não associada sem inferir padrão";"Decisão comercial: aguardar definição da operadora ou manter em branco"
"7f95a267";"NOGPACK";"Coparticipação sem Política";"Fator Moderador ""Mensalidade + Coparticipação"", porém Política_Coparticipacao está vazia";"Não aplicável política com coparticipação específica; deve permanecer não associada sem inferir padrão";"Decisão comercial: aguardar definição da operadora ou manter em branco"
"d1a9e9d8";"OASIS ALIMENTOS LTDA";"Coparticipação sem Política";"Fator Moderador ""Mensalidade + Coparticipação"", porém Política_Coparticipacao está vazia";"Não aplicável política com coparticipação específica; deve permanecer não associada sem inferir padrão";"Decisão comercial: aguardar definição da operadora ou manter em branco"
"3a67a769";"CONTEC CONTABILIDADE";"Coparticipação sem Política";"Fator Moderador ""Mensalidade + Coparticipação"", porém Política_Coparticipacao está vazia";"Não aplicável política com coparticipação específica; deve permanecer não associada sem inferir padrão";"Decisão comercial: aguardar definição da operadora ou manter em branco"
"b2002231";"NSPORTS CONTEUDO ESPORTIVO SA";"Coparticipação sem Política";"Fator Moderador ""Mensalidade + Coparticipação"", porém Política_Coparticipacao está vazia";"Não aplicável política com coparticipação específica; deve permanecer não associada sem inferir padrão";"Decisão comercial: aguardar definição da operadora ou manter em branco"
"ce990836";"E.R SEGURANÇA E VIGILANCIA LTDA";"Coparticipação sem Política";"Fator Moderador ""Mensalidade + Coparticipação"", porém Política_Coparticipacao está vazia";"Não aplicável política com coparticipação específica; deve permanecer não associada sem inferir padrão";"Decisão comercial: aguardar definição da operadora ou manter em branco"
"fbe9b194";"R.P.L ENGENHARIA E SERVIÇOS LTDA EM RECUPERAÇÃO JUDICIAL";"Coparticipação sem Política";"Fator Moderador ""Mensalidade + Coparticipação"", porém Política_Coparticipacao está vazia";"Não aplicável política com coparticipação específica; deve permanecer não associada sem inferir padrão";"Decisão comercial: aguardar definição da operadora ou manter em branco"
"865cca2a";"ERGOS DISTRIBUIDORA DE BEBIDAS LTDA";"Coparticipação sem Política";"Fator Moderador ""Mensalidade + Coparticipação"", porém Política_Coparticipacao está vazia";"Não aplicável política com coparticipação específica; deve permanecer não associada sem inferir padrão";"Decisão comercial: aguardar definição da operadora ou manter em branco"
"676a4d92";"ALIADO SERVIÇOS DE LOCAÇÃO LTDA";"Coparticipação sem Política";"Fator Moderador ""Mensalidade + Coparticipação"", porém Política_Coparticipacao está vazia";"Não aplicável política com coparticipação específica; deve permanecer não associada sem inferir padrão";"Decisão comercial: aguardar definição da operadora ou manter em branco"
"c2ec92ba";"ATENTO S.A";"Coparticipação sem Política";"Fator Moderador ""Mensalidade + Coparticipação"", porém Política_Coparticipacao está vazia";"Não aplicável política com coparticipação específica; deve permanecer não associada sem inferir padrão";"Decisão comercial: aguardar definição da operadora ou manter em branco"
"3259cf3c";"MEDRADO ADVICE CONSULTING E SERVICES LTDA";"Coparticipação sem Política";"Fator Moderador ""Mensalidade + Coparticipação"", porém Política_Coparticipacao está vazia";"Não aplicável política com coparticipação específica; deve permanecer não associada sem inferir padrão";"Decisão comercial: aguardar definição da operadora ou manter em branco"
"431757a6";"TELLUS INFORMATICA E TELECOMUNICACOES LTDA";"Coparticipação sem Política";"Fator Moderador ""Mensalidade + Coparticipação"", porém Política_Coparticipacao está vazia";"Não aplicável política com coparticipação específica; deve permanecer não associada sem inferir padrão";"Decisão comercial: aguardar definição da operadora ou manter em branco"
"6d72c454";"INTERMARITIMA PORTOS E LOGISTICA S/A";"Coparticipação sem Política";"Fator Moderador ""Mensalidade + Coparticipação"", porém Política_Coparticipacao está vazia";"Não aplicável política com coparticipação específica; deve permanecer não associada sem inferir padrão";"Decisão comercial: aguardar definição da operadora ou manter em branco"
"3b644145";"DATEN TECNOLOGIA LTDA";"Coparticipação sem Política";"Fator Moderador ""Mensalidade + Coparticipação"", porém Política_Coparticipacao está vazia";"Não aplicável política com coparticipação específica; deve permanecer não associada sem inferir padrão";"Decisão comercial: aguardar definição da operadora ou manter em branco"
"83bc2ad2";"C&M INDUSTRIA E COMERCIO DE ALIMENTOS LTDA";"Coparticipação sem Política";"Fator Moderador ""Mensalidade + Coparticipação"", porém Política_Coparticipacao está vazia";"Não aplicável política com coparticipação específica; deve permanecer não associada sem inferir padrão";"Decisão comercial: aguardar definição da operadora ou manter em branco"
"d0a10480";"PRESTMIX FABRICAÇÃO DE ARTEFATOS PLASTICOS LTDA";"Coparticipação sem Política";"Fator Moderador ""Mensalidade + Coparticipação"", porém Política_Coparticipacao está vazia";"Não aplicável política com coparticipação específica; deve permanecer não associada sem inferir padrão";"Decisão comercial: aguardar definição da operadora ou manter em branco"
"656892a6";"VOG AQUA E ATLANTICO EMPREENDIMENTOS IMOBILIARIOS SPE LTDA";"Coparticipação sem Política";"Fator Moderador ""Mensalidade + Coparticipação"", porém Política_Coparticipacao está vazia";"Não aplicável política com coparticipação específica; deve permanecer não associada sem inferir padrão";"Decisão comercial: aguardar definição da operadora ou manter em branco"
"09303dcc";"FLEX MARK PRODUÇÃO";"Coparticipação sem Política";"Fator Moderador ""Mensalidade + Coparticipação"", porém Política_Coparticipacao está vazia";"Não aplicável política com coparticipação específica; deve permanecer não associada sem inferir padrão";"Decisão comercial: aguardar definição da operadora ou manter em branco"
"8d159ed3";"GRAN SERVICES S.A";"Coparticipação sem Política";"Fator Moderador ""Mensalidade + Coparticipação"", porém Política_Coparticipacao está vazia";"Não aplicável política com coparticipação específica; deve permanecer não associada sem inferir padrão";"Decisão comercial: aguardar definição da operadora ou manter em branco"
"db2685a4";"DINAMO ENGENGARIA LTDA";"Coparticipação sem Política";"Fator Moderador ""Mensalidade + Coparticipação"", porém Política_Coparticipacao está vazia";"Não aplicável política com coparticipação específica; deve permanecer não associada sem inferir padrão";"Decisão comercial: aguardar definição da operadora ou manter em branco"
"63294439";"MEGA 3";"Coparticipação sem Política";"Fator Moderador ""Mensalidade + Coparticipação"", porém Política_Coparticipacao está vazia";"Não aplicável política com coparticipação específica; deve permanecer não associada sem inferir padrão";"Decisão comercial: aguardar definição da operadora ou manter em branco"
"860a41db";"PONTUAL TRANSPORTES";"Coparticipação sem Política";"Fator Moderador ""Mensalidade + Coparticipação"", porém Política_Coparticipacao está vazia";"Não aplicável política com coparticipação específica; deve permanecer não associada sem inferir padrão";"Decisão comercial: aguardar definição da operadora ou manter em branco"
"007fe4d0";"SUPERMIX CONCRETO S/A";"Coparticipação sem Política";"Fator Moderador ""Mensalidade + Coparticipação"", porém Política_Coparticipacao está vazia";"Não aplicável política com coparticipação específica; deve permanecer não associada sem inferir padrão";"Decisão comercial: aguardar definição da operadora ou manter em branco"
"7f061cb9";"REISTAR INDUSTRIA E COMERCIO DE ELETRONICOS LTDA";"Coparticipação sem Política";"Fator Moderador ""Mensalidade + Coparticipação"", porém Política_Coparticipacao está vazia";"Não aplicável política com coparticipação específica; deve permanecer não associada sem inferir padrão";"Decisão comercial: aguardar definição da operadora ou manter em branco"
"6a3c3e37";"SUPERMERCADO ALPHA LTDA";"Coparticipação sem Política";"Fator Moderador ""Mensalidade + Coparticipação"", porém Política_Coparticipacao está vazia";"Não aplicável política com coparticipação específica; deve permanecer não associada sem inferir padrão";"Decisão comercial: aguardar definição da operadora ou manter em branco"
"3acc4ee8";"ESFERA IGOR SERVIÇOS";"Coparticipação sem Política";"Fator Moderador ""Mensalidade + Coparticipação"", porém Política_Coparticipacao está vazia";"Não aplicável política com coparticipação específica; deve permanecer não associada sem inferir padrão";"Decisão comercial: aguardar definição da operadora ou manter em branco"
"7f5bfbdb";"LIMPO";"Coparticipação sem Política";"Fator Moderador ""Mensalidade + Coparticipação"", porém Política_Coparticipacao está vazia";"Não aplicável política com coparticipação específica; deve permanecer não associada sem inferir padrão";"Decisão comercial: aguardar definição da operadora ou manter em branco"
"1bee511c";"DIMARI INDUSTRIA";"Coparticipação sem Política";"Fator Moderador ""Mensalidade + Coparticipação"", porém Política_Coparticipacao está vazia";"Não aplicável política com coparticipação específica; deve permanecer não associada sem inferir padrão";"Decisão comercial: aguardar definição da operadora ou manter em branco"
"853a4bfd";"CACHOEIRA";"Coparticipação sem Política";"Fator Moderador ""Mensalidade + Coparticipação"", porém Política_Coparticipacao está vazia";"Não aplicável política com coparticipação específica; deve permanecer não associada sem inferir padrão";"Decisão comercial: aguardar definição da operadora ou manter em branco"
"e3414c6c";"OSID-OBRAS SOCIAIS IRMÃ DULCE";"Coparticipação sem Política";"Fator Moderador ""Mensalidade + Coparticipação"", porém Política_Coparticipacao está vazia";"Não aplicável política com coparticipação específica; deve permanecer não associada sem inferir padrão";"Decisão comercial: aguardar definição da operadora ou manter em branco"
"b0492716";"GM ELETRODIESEL LTDA";"Coparticipação sem Política";"Fator Moderador ""Mensalidade + Coparticipação"", porém Política_Coparticipacao está vazia";"Não aplicável política com coparticipação específica; deve permanecer não associada sem inferir padrão";"Decisão comercial: aguardar definição da operadora ou manter em branco"
"118d1168";"PRIME SERVIÇOS DE LIMPEZA LTDA";"Coparticipação sem Política";"Fator Moderador ""Mensalidade + Coparticipação"", porém Política_Coparticipacao está vazia";"Não aplicável política com coparticipação específica; deve permanecer não associada sem inferir padrão";"Decisão comercial: aguardar definição da operadora ou manter em branco"
"7cfb2ba5";"ROBERTA LIMA MACEDO LTDA";"Coparticipação sem Política";"Fator Moderador ""Mensalidade + Coparticipação"", porém Política_Coparticipacao está vazia";"Não aplicável política com coparticipação específica; deve permanecer não associada sem inferir padrão";"Decisão comercial: aguardar definição da operadora ou manter em branco"
"06d9c581";"LA VIE LEGACY LABS PRODUTOS MEDICOS E FARMACEUTICOS S.A";"Coparticipação sem Política";"Fator Moderador ""Mensalidade + Coparticipação"", porém Política_Coparticipacao está vazia";"Não aplicável política com coparticipação específica; deve permanecer não associada sem inferir padrão";"Decisão comercial: aguardar definição da operadora ou manter em branco"
"6d6527d6";"MAIS HOTEL LTDA";"Coparticipação sem Política";"Fator Moderador ""Mensalidade + Coparticipação"", porém Política_Coparticipacao está vazia";"Não aplicável política com coparticipação específica; deve permanecer não associada sem inferir padrão";"Decisão comercial: aguardar definição da operadora ou manter em branco"
"d713259d";"LIMPSERV CONSERVAÇÃO E LIMPEZA DE IMOVEIS EIRELI";"Coparticipação sem Política";"Fator Moderador ""Mensalidade + Coparticipação"", porém Política_Coparticipacao está vazia";"Não aplicável política com coparticipação específica; deve permanecer não associada sem inferir padrão";"Decisão comercial: aguardar definição da operadora ou manter em branco"
"00b979a5";"NATIVAS GRILL";"Coparticipação sem Política";"Fator Moderador ""Mensalidade + Coparticipação"", porém Política_Coparticipacao está vazia";"Não aplicável política com coparticipação específica; deve permanecer não associada sem inferir padrão";"Decisão comercial: aguardar definição da operadora ou manter em branco"
"a394b028";"SAFIRA TRANSPORTES E TURISMO LTDA";"Coparticipação sem Política";"Fator Moderador ""Mensalidade + Coparticipação"", porém Política_Coparticipacao está vazia";"Não aplicável política com coparticipação específica; deve permanecer não associada sem inferir padrão";"Decisão comercial: aguardar definição da operadora ou manter em branco"
"23cf0864";"BARRAPORTO CONDOMINIO CLUBE";"Coparticipação sem Política";"Fator Moderador ""Mensalidade + Coparticipação"", porém Política_Coparticipacao está vazia";"Não aplicável política com coparticipação específica; deve permanecer não associada sem inferir padrão";"Decisão comercial: aguardar definição da operadora ou manter em branco"
"afed85ae";"CONDOMINIO MANHATTAN SQUARE EDIFICIO TRIBECA";"Coparticipação sem Política";"Fator Moderador ""Mensalidade + Coparticipação"", porém Política_Coparticipacao está vazia";"Não aplicável política com coparticipação específica; deve permanecer não associada sem inferir padrão";"Decisão comercial: aguardar definição da operadora ou manter em branco"
"b04f29e5";"LEADEC SERVIÇOS INDUSTRIAIS DO PARANA LTDA";"Coparticipação sem Política";"Fator Moderador ""Mensalidade + Coparticipação"", porém Política_Coparticipacao está vazia";"Não aplicável política com coparticipação específica; deve permanecer não associada sem inferir padrão";"Decisão comercial: aguardar definição da operadora ou manter em branco"
"9ec12710";"PATIOS NORDESTE SPE LTDA";"Coparticipação sem Política";"Fator Moderador ""Mensalidade + Coparticipação"", porém Política_Coparticipacao está vazia";"Não aplicável política com coparticipação específica; deve permanecer não associada sem inferir padrão";"Decisão comercial: aguardar definição da operadora ou manter em branco"
"dd1004b5";"CAMPO SANTO";"Coparticipação sem Política";"Fator Moderador ""Mensalidade + Coparticipação"", porém Política_Coparticipacao está vazia";"Não aplicável política com coparticipação específica; deve permanecer não associada sem inferir padrão";"Decisão comercial: aguardar definição da operadora ou manter em branco"
"20690dea";"CARATINHA EMPREENDIMENTO IMOBILIARIO SPE LTDA";"Coparticipação sem Política";"Fator Moderador ""Mensalidade + Coparticipação"", porém Política_Coparticipacao está vazia";"Não aplicável política com coparticipação específica; deve permanecer não associada sem inferir padrão";"Decisão comercial: aguardar definição da operadora ou manter em branco"
"17b20d52";"PERPEC OILFIELD SUPPLY EXPORTAÇÃO E IMPORTAÇÃO DE MAQUINAS LTDA";"Coparticipação sem Política";"Fator Moderador ""Mensalidade + Coparticipação"", porém Política_Coparticipacao está vazia";"Não aplicável política com coparticipação específica; deve permanecer não associada sem inferir padrão";"Decisão comercial: aguardar definição da operadora ou manter em branco"
"e05be19e";"JRF MANUTENÇÃO E SERVIÇOS LTDA";"Coparticipação sem Política";"Fator Moderador ""Mensalidade + Coparticipação"", porém Política_Coparticipacao está vazia";"Não aplicável política com coparticipação específica; deve permanecer não associada sem inferir padrão";"Decisão comercial: aguardar definição da operadora ou manter em branco"
"16b68fc9";"REVIVER ADMNISTRAÇÃO ESPECIALIZADA";"Coparticipação sem Política";"Fator Moderador ""Mensalidade + Coparticipação"", porém Política_Coparticipacao está vazia";"Não aplicável política com coparticipação específica; deve permanecer não associada sem inferir padrão";"Decisão comercial: aguardar definição da operadora ou manter em branco"
"de9e5dee";"HEMATO- SERVIÇOS DE HEMOTERAPIA LTDA";"Coparticipação sem Política";"Fator Moderador ""Mensalidade + Coparticipação"", porém Política_Coparticipacao está vazia";"Não aplicável política com coparticipação específica; deve permanecer não associada sem inferir padrão";"Decisão comercial: aguardar definição da operadora ou manter em branco"
"812e098a";"CSU";"Coparticipação sem Política";"Fator Moderador ""Mensalidade + Coparticipação"", porém Política_Coparticipacao está vazia";"Não aplicável política com coparticipação específica; deve permanecer não associada sem inferir padrão";"Decisão comercial: aguardar definição da operadora ou manter em branco"
"eb0b01f8";"CONDOMINIO PORTO TRAPICHE RESIDENCE";"Coparticipação sem Política";"Fator Moderador ""Mensalidade + Coparticipação"", porém Política_Coparticipacao está vazia";"Não aplicável política com coparticipação específica; deve permanecer não associada sem inferir padrão";"Decisão comercial: aguardar definição da operadora ou manter em branco"
"8da50010";"MADRI SERVIÇOS COMBINADOS LTDA";"Coparticipação sem Política";"Fator Moderador ""Mensalidade + Coparticipação"", porém Política_Coparticipacao está vazia";"Não aplicável política com coparticipação específica; deve permanecer não associada sem inferir padrão";"Decisão comercial: aguardar definição da operadora ou manter em branco"
"88be4e8c";"CATERAIR SERVICOS DE BORDO E HOTELARIA LTDA";"Coparticipação sem Política";"Fator Moderador ""Mensalidade + Coparticipação"", porém Política_Coparticipacao está vazia";"Não aplicável política com coparticipação específica; deve permanecer não associada sem inferir padrão";"Decisão comercial: aguardar definição da operadora ou manter em branco"
"026bdd55";"CONSTRUTORA QUEBEC S/A";"Coparticipação sem Política";"Fator Moderador ""Mensalidade + Coparticipação"", porém Política_Coparticipacao está vazia";"Não aplicável política com coparticipação específica; deve permanecer não associada sem inferir padrão";"Decisão comercial: aguardar definição da operadora ou manter em branco"
"fad839c0";"JS DA SILVA SERVICOS ADMNISTRATIVOS LTDA";"Coparticipação sem Política";"Fator Moderador ""Mensalidade + Coparticipação"", porém Política_Coparticipacao está vazia";"Não aplicável política com coparticipação específica; deve permanecer não associada sem inferir padrão";"Decisão comercial: aguardar definição da operadora ou manter em branco"
"7b6d8577";"AB HOLDING S/A";"Coparticipação sem Política";"Fator Moderador ""Mensalidade + Coparticipação"", porém Política_Coparticipacao está vazia";"Não aplicável política com coparticipação específica; deve permanecer não associada sem inferir padrão";"Decisão comercial: aguardar definição da operadora ou manter em branco"
"4cb6db8b";"BLC SALVADOR S.A";"Coparticipação sem Política";"Fator Moderador ""Mensalidade + Coparticipação"", porém Política_Coparticipacao está vazia";"Não aplicável política com coparticipação específica; deve permanecer não associada sem inferir padrão";"Decisão comercial: aguardar definição da operadora ou manter em branco"
"0596d264";"ESPORTE CLUBE VITORIA";"Coparticipação sem Política";"Fator Moderador ""Mensalidade + Coparticipação"", porém Política_Coparticipacao está vazia";"Não aplicável política com coparticipação específica; deve permanecer não associada sem inferir padrão";"Decisão comercial: aguardar definição da operadora ou manter em branco"
"7ca6a8a0";"SIGMA RELOGIOS LTDA";"Coparticipação sem Política";"Fator Moderador ""Mensalidade + Coparticipação"", porém Política_Coparticipacao está vazia";"Não aplicável política com coparticipação específica; deve permanecer não associada sem inferir padrão";"Decisão comercial: aguardar definição da operadora ou manter em branco"
"0ed69469";"CONSTRUCAP CCPS ENGENHARIA E COMERCIO SA";"Coparticipação sem Política";"Fator Moderador ""Mensalidade + Coparticipação"", porém Política_Coparticipacao está vazia";"Não aplicável política com coparticipação específica; deve permanecer não associada sem inferir padrão";"Decisão comercial: aguardar definição da operadora ou manter em branco"
"a484e9d9";"ALECRIM";"Coparticipação sem Política";"Fator Moderador ""Mensalidade + Coparticipação"", porém Política_Coparticipacao está vazia";"Não aplicável política com coparticipação específica; deve permanecer não associada sem inferir padrão";"Decisão comercial: aguardar definição da operadora ou manter em branco"
"f1f63204";"LYCEG SEGURANÇA PATRIMONIAL LTDA";"Coparticipação sem Política";"Fator Moderador ""Mensalidade + Coparticipação"", porém Política_Coparticipacao está vazia";"Não aplicável política com coparticipação específica; deve permanecer não associada sem inferir padrão";"Decisão comercial: aguardar definição da operadora ou manter em branco"
"830396d1";"LIMPEX SERVIÇOS LTDA";"Coparticipação sem Política";"Fator Moderador ""Mensalidade + Coparticipação"", porém Política_Coparticipacao está vazia";"Não aplicável política com coparticipação específica; deve permanecer não associada sem inferir padrão";"Decisão comercial: aguardar definição da operadora ou manter em branco"
"ca9f03ae";"METAL SUCA LTDA";"Coparticipação sem Política";"Fator Moderador ""Mensalidade + Coparticipação"", porém Política_Coparticipacao está vazia";"Não aplicável política com coparticipação específica; deve permanecer não associada sem inferir padrão";"Decisão comercial: aguardar definição da operadora ou manter em branco"
"65f42b34";"ENGEMAN MANUTENÇÃO DE EQUIPAMENTOS COM E INDUSTRIA LTDA- MATRIZ";"Coparticipação sem Política";"Fator Moderador ""Mensalidade + Coparticipação"", porém Política_Coparticipacao está vazia";"Não aplicável política com coparticipação específica; deve permanecer não associada sem inferir padrão";"Decisão comercial: aguardar definição da operadora ou manter em branco"
"b4ab0a71";"PARANAPANEMA S/A";"Coparticipação sem Política";"Fator Moderador ""Mensalidade + Coparticipação"", porém Política_Coparticipacao está vazia";"Não aplicável política com coparticipação específica; deve permanecer não associada sem inferir padrão";"Decisão comercial: aguardar definição da operadora ou manter em branco"
"fba9c473";"MAX FORTE SERVIÇOS DE SEGURANÇA LTDA";"Coparticipação sem Política";"Fator Moderador ""Mensalidade + Coparticipação"", porém Política_Coparticipacao está vazia";"Não aplicável política com coparticipação específica; deve permanecer não associada sem inferir padrão";"Decisão comercial: aguardar definição da operadora ou manter em branco"
"658d1bc0";"LEADEC SERVICOS INDUSTRIAIS DO BRASIL LTDA";"Coparticipação sem Política";"Fator Moderador ""Mensalidade + Coparticipação"", porém Política_Coparticipacao está vazia";"Não aplicável política com coparticipação específica; deve permanecer não associada sem inferir padrão";"Decisão comercial: aguardar definição da operadora ou manter em branco"
"1";"SEG LIFE GESTAO EM SEGURANCA PRIVADA LTDA";"Faixas Etárias Vazias";"Qnt_Faixa_Etaria: ""(vazio)"", Faixa_Etaria: ""(vazio)""";"Proposta sem discriminação de faixas etárias; cálculo baseado apenas no total de vidas consolidado";"Manter vazio; cadastrar faixas somente se fornecidas formalmente pelo corretor"
"2";"VIA SUDESTE TRANSPORTES S A";"Faixas Etárias Vazias";"Qnt_Faixa_Etaria: ""(vazio)"", Faixa_Etaria: ""(vazio)""";"Proposta sem discriminação de faixas etárias; cálculo baseado apenas no total de vidas consolidado";"Manter vazio; cadastrar faixas somente se fornecidas formalmente pelo corretor"
"3";"ESCOLA BAIANA DE ADMINISTRAÇÃO";"Faixas Etárias Vazias";"Qnt_Faixa_Etaria: ""(vazio)"", Faixa_Etaria: ""(vazio)""";"Proposta sem discriminação de faixas etárias; cálculo baseado apenas no total de vidas consolidado";"Manter vazio; cadastrar faixas somente se fornecidas formalmente pelo corretor"
"4";"PLANSUL PLANEJAMENTO E CONSULTORIA LTDA";"Faixas Etárias Vazias";"Qnt_Faixa_Etaria: ""(vazio)"", Faixa_Etaria: ""(vazio)""";"Proposta sem discriminação de faixas etárias; cálculo baseado apenas no total de vidas consolidado";"Manter vazio; cadastrar faixas somente se fornecidas formalmente pelo corretor"
"5";"FIBRASA S.A";"Faixas Etárias Vazias";"Qnt_Faixa_Etaria: ""(vazio)"", Faixa_Etaria: ""(vazio)""";"Proposta sem discriminação de faixas etárias; cálculo baseado apenas no total de vidas consolidado";"Manter vazio; cadastrar faixas somente se fornecidas formalmente pelo corretor"
"6";"ASSOC DOS FUNC PUBL DO MUNICIPIO JANDIRA";"Faixas Etárias Vazias";"Qnt_Faixa_Etaria: ""(vazio)"", Faixa_Etaria: ""(vazio)""";"Proposta sem discriminação de faixas etárias; cálculo baseado apenas no total de vidas consolidado";"Manter vazio; cadastrar faixas somente se fornecidas formalmente pelo corretor"
"7";"GESTOR SERVICOS";"Faixas Etárias Vazias";"Qnt_Faixa_Etaria: ""(vazio)"", Faixa_Etaria: ""(vazio)""";"Proposta sem discriminação de faixas etárias; cálculo baseado apenas no total de vidas consolidado";"Manter vazio; cadastrar faixas somente se fornecidas formalmente pelo corretor"
"8";"Expresso Nepomuceno S/A";"Faixas Etárias Vazias";"Qnt_Faixa_Etaria: ""(vazio)"", Faixa_Etaria: ""(vazio)""";"Proposta sem discriminação de faixas etárias; cálculo baseado apenas no total de vidas consolidado";"Manter vazio; cadastrar faixas somente se fornecidas formalmente pelo corretor"
"9";"COTEMON CONSTRUCOES TUBULACOES E MONTAGENS INDUSTRIAIS LTDA";"Faixas Etárias Vazias";"Qnt_Faixa_Etaria: ""(vazio)"", Faixa_Etaria: ""(vazio)""";"Proposta sem discriminação de faixas etárias; cálculo baseado apenas no total de vidas consolidado";"Manter vazio; cadastrar faixas somente se fornecidas formalmente pelo corretor"
"10";"INDUSTRIA BAIANA DE VIDROS LTDA";"Faixas Etárias Vazias";"Qnt_Faixa_Etaria: ""(vazio)"", Faixa_Etaria: ""(vazio)""";"Proposta sem discriminação de faixas etárias; cálculo baseado apenas no total de vidas consolidado";"Manter vazio; cadastrar faixas somente se fornecidas formalmente pelo corretor"
"11";"CÂMARA MUNICIPAL DE CANDEIAS – BAHIA";"Faixas Etárias Vazias";"Qnt_Faixa_Etaria: ""(vazio)"", Faixa_Etaria: ""(vazio)""";"Proposta sem discriminação de faixas etárias; cálculo baseado apenas no total de vidas consolidado";"Manter vazio; cadastrar faixas somente se fornecidas formalmente pelo corretor"
"12";"CÂMARA MUNICIPAL DE SIMÕES FILHO – BAHIA";"Faixas Etárias Vazias";"Qnt_Faixa_Etaria: ""(vazio)"", Faixa_Etaria: ""(vazio)""";"Proposta sem discriminação de faixas etárias; cálculo baseado apenas no total de vidas consolidado";"Manter vazio; cadastrar faixas somente se fornecidas formalmente pelo corretor"
"13";"SINDICATO DOS ARRUMADORES DE SÃO LUIS";"Faixas Etárias Vazias";"Qnt_Faixa_Etaria: ""(vazio)"", Faixa_Etaria: ""(vazio)""";"Proposta sem discriminação de faixas etárias; cálculo baseado apenas no total de vidas consolidado";"Manter vazio; cadastrar faixas somente se fornecidas formalmente pelo corretor"
"14";"FUNDACAO CAS";"Faixas Etárias Vazias";"Qnt_Faixa_Etaria: ""(vazio)"", Faixa_Etaria: ""(vazio)""";"Proposta sem discriminação de faixas etárias; cálculo baseado apenas no total de vidas consolidado";"Manter vazio; cadastrar faixas somente se fornecidas formalmente pelo corretor"
"15";"VERZZON EMPREENDIMENTOS LTDA";"Faixas Etárias Vazias";"Qnt_Faixa_Etaria: ""(vazio)"", Faixa_Etaria: ""(vazio)""";"Proposta sem discriminação de faixas etárias; cálculo baseado apenas no total de vidas consolidado";"Manter vazio; cadastrar faixas somente se fornecidas formalmente pelo corretor"
"16";"GRUPO PARVI";"Faixas Etárias Vazias";"Qnt_Faixa_Etaria: ""(vazio)"", Faixa_Etaria: ""(vazio)""";"Proposta sem discriminação de faixas etárias; cálculo baseado apenas no total de vidas consolidado";"Manter vazio; cadastrar faixas somente se fornecidas formalmente pelo corretor"
"17";"ATLÂNTICA SEGURANÇA PRIVADA";"Faixas Etárias Vazias";"Qnt_Faixa_Etaria: ""(vazio)"", Faixa_Etaria: ""(vazio)""";"Proposta sem discriminação de faixas etárias; cálculo baseado apenas no total de vidas consolidado";"Manter vazio; cadastrar faixas somente se fornecidas formalmente pelo corretor"
"18";"JUMPER SEGURANCA E VIGILANCIA PATRIMONIAL LTDA";"Faixas Etárias Vazias";"Qnt_Faixa_Etaria: ""(vazio)"", Faixa_Etaria: ""(vazio)""";"Proposta sem discriminação de faixas etárias; cálculo baseado apenas no total de vidas consolidado";"Manter vazio; cadastrar faixas somente se fornecidas formalmente pelo corretor"
"19";"7C SEGURANCA E VIGILANCIA LTDA";"Faixas Etárias Vazias";"Qnt_Faixa_Etaria: ""(vazio)"", Faixa_Etaria: ""(vazio)""";"Proposta sem discriminação de faixas etárias; cálculo baseado apenas no total de vidas consolidado";"Manter vazio; cadastrar faixas somente se fornecidas formalmente pelo corretor"
"20";"BASTO MESQUITA";"Faixas Etárias Vazias";"Qnt_Faixa_Etaria: ""(vazio)"", Faixa_Etaria: ""(vazio)""";"Proposta sem discriminação de faixas etárias; cálculo baseado apenas no total de vidas consolidado";"Manter vazio; cadastrar faixas somente se fornecidas formalmente pelo corretor"
"21";"CENTURIAO SEGURANCA PATRIMONIAL LTDA";"Faixas Etárias Vazias";"Qnt_Faixa_Etaria: ""(vazio)"", Faixa_Etaria: ""(vazio)""";"Proposta sem discriminação de faixas etárias; cálculo baseado apenas no total de vidas consolidado";"Manter vazio; cadastrar faixas somente se fornecidas formalmente pelo corretor"
"22";"CAMATEX CONFECCOES LTDA";"Faixas Etárias Vazias";"Qnt_Faixa_Etaria: ""(vazio)"", Faixa_Etaria: ""(vazio)""";"Proposta sem discriminação de faixas etárias; cálculo baseado apenas no total de vidas consolidado";"Manter vazio; cadastrar faixas somente se fornecidas formalmente pelo corretor"
"23";"TELLUS INFORMATICA E TELECOMUNICACOES LTDA";"Faixas Etárias Vazias";"Qnt_Faixa_Etaria: ""(vazio)"", Faixa_Etaria: ""(vazio)""";"Proposta sem discriminação de faixas etárias; cálculo baseado apenas no total de vidas consolidado";"Manter vazio; cadastrar faixas somente se fornecidas formalmente pelo corretor"
"24";"CONSOLIS SOLUCOES INTELIG LTDA";"Faixas Etárias Vazias";"Qnt_Faixa_Etaria: ""(vazio)"", Faixa_Etaria: ""(vazio)""";"Proposta sem discriminação de faixas etárias; cálculo baseado apenas no total de vidas consolidado";"Manter vazio; cadastrar faixas somente se fornecidas formalmente pelo corretor"
"25";"NEOBAND SOLUCOES";"Faixas Etárias Vazias";"Qnt_Faixa_Etaria: ""(vazio)"", Faixa_Etaria: ""(vazio)""";"Proposta sem discriminação de faixas etárias; cálculo baseado apenas no total de vidas consolidado";"Manter vazio; cadastrar faixas somente se fornecidas formalmente pelo corretor"
"26";"H LOUIS BAXMANN PRODUTOS METALÚRGICOS";"Faixas Etárias Vazias";"Qnt_Faixa_Etaria: ""(vazio)"", Faixa_Etaria: ""(vazio)""";"Proposta sem discriminação de faixas etárias; cálculo baseado apenas no total de vidas consolidado";"Manter vazio; cadastrar faixas somente se fornecidas formalmente pelo corretor"
"27";"ALBATROZ SEGURANCA E VIGILANCIA LTDA";"Faixas Etárias Vazias";"Qnt_Faixa_Etaria: ""(vazio)"", Faixa_Etaria: ""(vazio)""";"Proposta sem discriminação de faixas etárias; cálculo baseado apenas no total de vidas consolidado";"Manter vazio; cadastrar faixas somente se fornecidas formalmente pelo corretor"
"28";"CONFIANÇA";"Faixas Etárias Vazias";"Qnt_Faixa_Etaria: ""(vazio)"", Faixa_Etaria: ""(vazio)""";"Proposta sem discriminação de faixas etárias; cálculo baseado apenas no total de vidas consolidado";"Manter vazio; cadastrar faixas somente se fornecidas formalmente pelo corretor"
"29";"D&D ANGEIRAS DISTRIBUIDORA RECIFE REPRESENTAÇÃO DE ALIMENTOS LTDA";"Faixas Etárias Vazias";"Qnt_Faixa_Etaria: ""(vazio)"", Faixa_Etaria: ""(vazio)""";"Proposta sem discriminação de faixas etárias; cálculo baseado apenas no total de vidas consolidado";"Manter vazio; cadastrar faixas somente se fornecidas formalmente pelo corretor"
"30";"SINDICATO EMPREG EMPRESAS SEG VIGILANCIA, TRANS VALORES SEG PESSOAL ORGANICA ESC ARMADA AG TATICO E MONIT CURSO FORM ESP VIGI E SIMIL DE CURITIBA E RE";"Faixas Etárias Vazias";"Qnt_Faixa_Etaria: ""(vazio)"", Faixa_Etaria: ""(vazio)""";"Proposta sem discriminação de faixas etárias; cálculo baseado apenas no total de vidas consolidado";"Manter vazio; cadastrar faixas somente se fornecidas formalmente pelo corretor"
"31";"MUNICÍPIO DE ALAGOINHAS - BAHIA";"Faixas Etárias Vazias";"Qnt_Faixa_Etaria: ""(vazio)"", Faixa_Etaria: ""(vazio)""";"Proposta sem discriminação de faixas etárias; cálculo baseado apenas no total de vidas consolidado";"Manter vazio; cadastrar faixas somente se fornecidas formalmente pelo corretor"
"32";"SINDICATO DA IND DE PANIFICACAO E CONFEITARIA DO EST PE";"Faixas Etárias Vazias";"Qnt_Faixa_Etaria: ""(vazio)"", Faixa_Etaria: ""(vazio)""";"Proposta sem discriminação de faixas etárias; cálculo baseado apenas no total de vidas consolidado";"Manter vazio; cadastrar faixas somente se fornecidas formalmente pelo corretor"
"33";"T G PONTES TRANSPORTES LTDA";"Faixas Etárias Vazias";"Qnt_Faixa_Etaria: ""(vazio)"", Faixa_Etaria: ""(vazio)""";"Proposta sem discriminação de faixas etárias; cálculo baseado apenas no total de vidas consolidado";"Manter vazio; cadastrar faixas somente se fornecidas formalmente pelo corretor"
"34";"ASSOCIACAO DOS VIGILANTES E PORTEIROS, ATIVOS E APOSENTADOS DO ESTADO DE PERNAMBUCO";"Faixas Etárias Vazias";"Qnt_Faixa_Etaria: ""(vazio)"", Faixa_Etaria: ""(vazio)""";"Proposta sem discriminação de faixas etárias; cálculo baseado apenas no total de vidas consolidado";"Manter vazio; cadastrar faixas somente se fornecidas formalmente pelo corretor"
"35";"PROTEMAXI SEGURANÇA PATRIMONIAL";"Faixas Etárias Vazias";"Qnt_Faixa_Etaria: ""(vazio)"", Faixa_Etaria: ""(vazio)""";"Proposta sem discriminação de faixas etárias; cálculo baseado apenas no total de vidas consolidado";"Manter vazio; cadastrar faixas somente se fornecidas formalmente pelo corretor"
"36";"NORAL NORDESTE ALUMINIO LTDA";"Faixas Etárias Vazias";"Qnt_Faixa_Etaria: ""(vazio)"", Faixa_Etaria: ""(vazio)""";"Proposta sem discriminação de faixas etárias; cálculo baseado apenas no total de vidas consolidado";"Manter vazio; cadastrar faixas somente se fornecidas formalmente pelo corretor"
"37";"ENGECAMPO ENGENHARIA S/A";"Faixas Etárias Vazias";"Qnt_Faixa_Etaria: ""(vazio)"", Faixa_Etaria: ""(vazio)""";"Proposta sem discriminação de faixas etárias; cálculo baseado apenas no total de vidas consolidado";"Manter vazio; cadastrar faixas somente se fornecidas formalmente pelo corretor"
"38";"MAIS HOTEL";"Faixas Etárias Vazias";"Qnt_Faixa_Etaria: ""(vazio)"", Faixa_Etaria: ""(vazio)""";"Proposta sem discriminação de faixas etárias; cálculo baseado apenas no total de vidas consolidado";"Manter vazio; cadastrar faixas somente se fornecidas formalmente pelo corretor"
"39";"A2DPS SEGURANÇA E PORTARIA LTDA";"Faixas Etárias Vazias";"Qnt_Faixa_Etaria: ""(vazio)"", Faixa_Etaria: ""(vazio)""";"Proposta sem discriminação de faixas etárias; cálculo baseado apenas no total de vidas consolidado";"Manter vazio; cadastrar faixas somente se fornecidas formalmente pelo corretor"
"40";"JMC SERVIÇOS E TERCEIRIZAÇÕES LTDA";"Faixas Etárias Vazias";"Qnt_Faixa_Etaria: ""(vazio)"", Faixa_Etaria: ""(vazio)""";"Proposta sem discriminação de faixas etárias; cálculo baseado apenas no total de vidas consolidado";"Manter vazio; cadastrar faixas somente se fornecidas formalmente pelo corretor"
"41";"LE JAZZ BAR E RESTAURANTE LTDA";"Faixas Etárias Vazias";"Qnt_Faixa_Etaria: ""(vazio)"", Faixa_Etaria: ""(vazio)""";"Proposta sem discriminação de faixas etárias; cálculo baseado apenas no total de vidas consolidado";"Manter vazio; cadastrar faixas somente se fornecidas formalmente pelo corretor"
"42";"VIKSERVICES OUTSOURCING S.A";"Faixas Etárias Vazias";"Qnt_Faixa_Etaria: ""(vazio)"", Faixa_Etaria: ""(vazio)""";"Proposta sem discriminação de faixas etárias; cálculo baseado apenas no total de vidas consolidado";"Manter vazio; cadastrar faixas somente se fornecidas formalmente pelo corretor"
"43";"CENTRO COMERCIAL ALPHAVILLE (funcionários CLT)";"Faixas Etárias Vazias";"Qnt_Faixa_Etaria: ""(vazio)"", Faixa_Etaria: ""(vazio)""";"Proposta sem discriminação de faixas etárias; cálculo baseado apenas no total de vidas consolidado";"Manter vazio; cadastrar faixas somente se fornecidas formalmente pelo corretor"
"44";"SINDICATO DOS TRABALHADORES DE PROCESSAMENTO DE DADOS,SERVIÇOS DE INFORMÁTICA E SIMILARES DO ESTADO DO RIO GRANDE DO NORTE";"Faixas Etárias Vazias";"Qnt_Faixa_Etaria: ""(vazio)"", Faixa_Etaria: ""(vazio)""";"Proposta sem discriminação de faixas etárias; cálculo baseado apenas no total de vidas consolidado";"Manter vazio; cadastrar faixas somente se fornecidas formalmente pelo corretor"
"45";"AVANCA SOLUCOES E SERVICOS LTDA";"Faixas Etárias Vazias";"Qnt_Faixa_Etaria: ""(vazio)"", Faixa_Etaria: ""(vazio)""";"Proposta sem discriminação de faixas etárias; cálculo baseado apenas no total de vidas consolidado";"Manter vazio; cadastrar faixas somente se fornecidas formalmente pelo corretor"
"46";"CAPRICCHE S.A";"Faixas Etárias Vazias";"Qnt_Faixa_Etaria: ""(vazio)"", Faixa_Etaria: ""(vazio)""";"Proposta sem discriminação de faixas etárias; cálculo baseado apenas no total de vidas consolidado";"Manter vazio; cadastrar faixas somente se fornecidas formalmente pelo corretor"
"47";"FOUR RUBBER INDÚSTRIA E COMERCIO DE BORRACHAS E PLASTICO LTDA";"Faixas Etárias Vazias";"Qnt_Faixa_Etaria: ""(vazio)"", Faixa_Etaria: ""(vazio)""";"Proposta sem discriminação de faixas etárias; cálculo baseado apenas no total de vidas consolidado";"Manter vazio; cadastrar faixas somente se fornecidas formalmente pelo corretor"
"48";"GLOBAL SERVIÇOS E COMERCIO LTDA";"Faixas Etárias Vazias";"Qnt_Faixa_Etaria: ""(vazio)"", Faixa_Etaria: ""(vazio)""";"Proposta sem discriminação de faixas etárias; cálculo baseado apenas no total de vidas consolidado";"Manter vazio; cadastrar faixas somente se fornecidas formalmente pelo corretor"
"49";"GLOBALTECH BRASIL LTDA";"Faixas Etárias Vazias";"Qnt_Faixa_Etaria: ""(vazio)"", Faixa_Etaria: ""(vazio)""";"Proposta sem discriminação de faixas etárias; cálculo baseado apenas no total de vidas consolidado";"Manter vazio; cadastrar faixas somente se fornecidas formalmente pelo corretor"
"50";"IMAX SERVIÇOS LTDA";"Faixas Etárias Vazias";"Qnt_Faixa_Etaria: ""(vazio)"", Faixa_Etaria: ""(vazio)""";"Proposta sem discriminação de faixas etárias; cálculo baseado apenas no total de vidas consolidado";"Manter vazio; cadastrar faixas somente se fornecidas formalmente pelo corretor"
"51";"INSTITUICAO ASSISTENCIAL EMMANUEL";"Faixas Etárias Vazias";"Qnt_Faixa_Etaria: ""(vazio)"", Faixa_Etaria: ""(vazio)""";"Proposta sem discriminação de faixas etárias; cálculo baseado apenas no total de vidas consolidado";"Manter vazio; cadastrar faixas somente se fornecidas formalmente pelo corretor"
"52";"LEAP TECHNOLOGIES MANUTENCAO LTDA";"Faixas Etárias Vazias";"Qnt_Faixa_Etaria: ""(vazio)"", Faixa_Etaria: ""(vazio)""";"Proposta sem discriminação de faixas etárias; cálculo baseado apenas no total de vidas consolidado";"Manter vazio; cadastrar faixas somente se fornecidas formalmente pelo corretor"
"53";"LOCAR GUINDASTES E TRANSPORTES INTERMODAIS S A";"Faixas Etárias Vazias";"Qnt_Faixa_Etaria: ""(vazio)"", Faixa_Etaria: ""(vazio)""";"Proposta sem discriminação de faixas etárias; cálculo baseado apenas no total de vidas consolidado";"Manter vazio; cadastrar faixas somente se fornecidas formalmente pelo corretor"
"54";"POLIMETRI";"Faixas Etárias Vazias";"Qnt_Faixa_Etaria: ""(vazio)"", Faixa_Etaria: ""(vazio)""";"Proposta sem discriminação de faixas etárias; cálculo baseado apenas no total de vidas consolidado";"Manter vazio; cadastrar faixas somente se fornecidas formalmente pelo corretor"
"55";"SESCAP";"Faixas Etárias Vazias";"Qnt_Faixa_Etaria: ""(vazio)"", Faixa_Etaria: ""(vazio)""";"Proposta sem discriminação de faixas etárias; cálculo baseado apenas no total de vidas consolidado";"Manter vazio; cadastrar faixas somente se fornecidas formalmente pelo corretor"
"56";"SINDICATO DOS EMPREGADOS DAS EMPRESAS DE ASSEIO E CONSERVAVA. LIMPEZA DO MARANHÃO";"Faixas Etárias Vazias";"Qnt_Faixa_Etaria: ""(vazio)"", Faixa_Etaria: ""(vazio)""";"Proposta sem discriminação de faixas etárias; cálculo baseado apenas no total de vidas consolidado";"Manter vazio; cadastrar faixas somente se fornecidas formalmente pelo corretor"
"57";"TERRABEL EMPREENDIEMNTOS LTDA";"Faixas Etárias Vazias";"Qnt_Faixa_Etaria: ""(vazio)"", Faixa_Etaria: ""(vazio)""";"Proposta sem discriminação de faixas etárias; cálculo baseado apenas no total de vidas consolidado";"Manter vazio; cadastrar faixas somente se fornecidas formalmente pelo corretor"
"58";"ITS";"Faixas Etárias Vazias";"Qnt_Faixa_Etaria: ""(vazio)"", Faixa_Etaria: ""(vazio)""";"Proposta sem discriminação de faixas etárias; cálculo baseado apenas no total de vidas consolidado";"Manter vazio; cadastrar faixas somente se fornecidas formalmente pelo corretor"
"59";"SERMAC";"Faixas Etárias Vazias";"Qnt_Faixa_Etaria: ""(vazio)"", Faixa_Etaria: ""(vazio)""";"Proposta sem discriminação de faixas etárias; cálculo baseado apenas no total de vidas consolidado";"Manter vazio; cadastrar faixas somente se fornecidas formalmente pelo corretor"
"60";"COTEMON";"Faixas Etárias Vazias";"Qnt_Faixa_Etaria: ""(vazio)"", Faixa_Etaria: ""(vazio)""";"Proposta sem discriminação de faixas etárias; cálculo baseado apenas no total de vidas consolidado";"Manter vazio; cadastrar faixas somente se fornecidas formalmente pelo corretor"
"61";"ANKARA";"Faixas Etárias Vazias";"Qnt_Faixa_Etaria: ""(vazio)"", Faixa_Etaria: ""(vazio)""";"Proposta sem discriminação de faixas etárias; cálculo baseado apenas no total de vidas consolidado";"Manter vazio; cadastrar faixas somente se fornecidas formalmente pelo corretor"
"62";"CAVALO MARINHO COMBUSTIVEIS";"Faixas Etárias Vazias";"Qnt_Faixa_Etaria: ""(vazio)"", Faixa_Etaria: ""(vazio)""";"Proposta sem discriminação de faixas etárias; cálculo baseado apenas no total de vidas consolidado";"Manter vazio; cadastrar faixas somente se fornecidas formalmente pelo corretor"
"64";"REDE NOVO MIX";"Faixas Etárias Vazias";"Qnt_Faixa_Etaria: ""(vazio)"", Faixa_Etaria: ""(vazio)""";"Proposta sem discriminação de faixas etárias; cálculo baseado apenas no total de vidas consolidado";"Manter vazio; cadastrar faixas somente se fornecidas formalmente pelo corretor"
"65";"TROPICAL MensalidadeIENTAL RESIDUOS LTDA";"Faixas Etárias Vazias";"Qnt_Faixa_Etaria: ""(vazio)"", Faixa_Etaria: ""(vazio)""";"Proposta sem discriminação de faixas etárias; cálculo baseado apenas no total de vidas consolidado";"Manter vazio; cadastrar faixas somente se fornecidas formalmente pelo corretor"
"66";"CTA TREINAMENTO ASSESSORIA E SERVICOS COORP";"Faixas Etárias Vazias";"Qnt_Faixa_Etaria: ""(vazio)"", Faixa_Etaria: ""(vazio)""";"Proposta sem discriminação de faixas etárias; cálculo baseado apenas no total de vidas consolidado";"Manter vazio; cadastrar faixas somente se fornecidas formalmente pelo corretor"
"67";"AGENCIA MARITIMA E TRANSPORTES LUMAR LTDA";"Faixas Etárias Vazias";"Qnt_Faixa_Etaria: ""(vazio)"", Faixa_Etaria: ""(vazio)""";"Proposta sem discriminação de faixas etárias; cálculo baseado apenas no total de vidas consolidado";"Manter vazio; cadastrar faixas somente se fornecidas formalmente pelo corretor"
"68";"DECMINAS DISTRIBUICAO E LOGISTICA S.A";"Faixas Etárias Vazias";"Qnt_Faixa_Etaria: ""(vazio)"", Faixa_Etaria: ""(vazio)""";"Proposta sem discriminação de faixas etárias; cálculo baseado apenas no total de vidas consolidado";"Manter vazio; cadastrar faixas somente se fornecidas formalmente pelo corretor"
"69";"COOPERTAXI – COOPERATIVA DOS MOT AUT. DA REG. DA REG. MET. LTDA";"Faixas Etárias Vazias";"Qnt_Faixa_Etaria: ""(vazio)"", Faixa_Etaria: ""(vazio)""";"Proposta sem discriminação de faixas etárias; cálculo baseado apenas no total de vidas consolidado";"Manter vazio; cadastrar faixas somente se fornecidas formalmente pelo corretor"
"70";"TELLUS INFORMÁTICA E TELECOMUNICAÇÕES LTDA";"Faixas Etárias Vazias";"Qnt_Faixa_Etaria: ""(vazio)"", Faixa_Etaria: ""(vazio)""";"Proposta sem discriminação de faixas etárias; cálculo baseado apenas no total de vidas consolidado";"Manter vazio; cadastrar faixas somente se fornecidas formalmente pelo corretor"
"71";"OS RODRIGUES CONFECÇÕES";"Faixas Etárias Vazias";"Qnt_Faixa_Etaria: ""(vazio)"", Faixa_Etaria: ""(vazio)""";"Proposta sem discriminação de faixas etárias; cálculo baseado apenas no total de vidas consolidado";"Manter vazio; cadastrar faixas somente se fornecidas formalmente pelo corretor"
"73";"FACILIT";"Faixas Etárias Vazias";"Qnt_Faixa_Etaria: ""(vazio)"", Faixa_Etaria: ""(vazio)""";"Proposta sem discriminação de faixas etárias; cálculo baseado apenas no total de vidas consolidado";"Manter vazio; cadastrar faixas somente se fornecidas formalmente pelo corretor"
"74";"FACILIT";"Faixas Etárias Vazias";"Qnt_Faixa_Etaria: ""(vazio)"", Faixa_Etaria: ""(vazio)""";"Proposta sem discriminação de faixas etárias; cálculo baseado apenas no total de vidas consolidado";"Manter vazio; cadastrar faixas somente se fornecidas formalmente pelo corretor"
"75";"CONDOMINIO EDIFICIO MORADA DOS CARDEAIS";"Faixas Etárias Vazias";"Qnt_Faixa_Etaria: ""(vazio)"", Faixa_Etaria: ""(vazio)""";"Proposta sem discriminação de faixas etárias; cálculo baseado apenas no total de vidas consolidado";"Manter vazio; cadastrar faixas somente se fornecidas formalmente pelo corretor"
"76";"CONSORCIO LOCAT";"Faixas Etárias Vazias";"Qnt_Faixa_Etaria: ""(vazio)"", Faixa_Etaria: ""(vazio)""";"Proposta sem discriminação de faixas etárias; cálculo baseado apenas no total de vidas consolidado";"Manter vazio; cadastrar faixas somente se fornecidas formalmente pelo corretor"
"77";"COOPERATIVA PERNMensalidadeUCO";"Faixas Etárias Vazias";"Qnt_Faixa_Etaria: ""(vazio)"", Faixa_Etaria: ""(vazio)""";"Proposta sem discriminação de faixas etárias; cálculo baseado apenas no total de vidas consolidado";"Manter vazio; cadastrar faixas somente se fornecidas formalmente pelo corretor"
"78";"CAMARA MUNICIPAL DE SAO BERNARDO DO CAMPO";"Faixas Etárias Vazias";"Qnt_Faixa_Etaria: ""(vazio)"", Faixa_Etaria: ""(vazio)""";"Proposta sem discriminação de faixas etárias; cálculo baseado apenas no total de vidas consolidado";"Manter vazio; cadastrar faixas somente se fornecidas formalmente pelo corretor"
"79";"QUANT BRASIL MANUTENÇÃO INDUSTRIAL LTDA";"Faixas Etárias Vazias";"Qnt_Faixa_Etaria: ""(vazio)"", Faixa_Etaria: ""(vazio)""";"Proposta sem discriminação de faixas etárias; cálculo baseado apenas no total de vidas consolidado";"Manter vazio; cadastrar faixas somente se fornecidas formalmente pelo corretor"
"80";"CONCREMAT ENGENHARIA E TECNOLOGIA S.A";"Faixas Etárias Vazias";"Qnt_Faixa_Etaria: ""(vazio)"", Faixa_Etaria: ""(vazio)""";"Proposta sem discriminação de faixas etárias; cálculo baseado apenas no total de vidas consolidado";"Manter vazio; cadastrar faixas somente se fornecidas formalmente pelo corretor"
"81";"SANTANA SERVICE EMPREENDIMENTOS LTDA";"Faixas Etárias Vazias";"Qnt_Faixa_Etaria: ""(vazio)"", Faixa_Etaria: ""(vazio)""";"Proposta sem discriminação de faixas etárias; cálculo baseado apenas no total de vidas consolidado";"Manter vazio; cadastrar faixas somente se fornecidas formalmente pelo corretor"
"82";"SIEEC/PE";"Faixas Etárias Vazias";"Qnt_Faixa_Etaria: ""(vazio)"", Faixa_Etaria: ""(vazio)""";"Proposta sem discriminação de faixas etárias; cálculo baseado apenas no total de vidas consolidado";"Manter vazio; cadastrar faixas somente se fornecidas formalmente pelo corretor"
"83";"TELECOMUNICAÇÕES NORDESTE LTDA";"Faixas Etárias Vazias";"Qnt_Faixa_Etaria: ""(vazio)"", Faixa_Etaria: ""(vazio)""";"Proposta sem discriminação de faixas etárias; cálculo baseado apenas no total de vidas consolidado";"Manter vazio; cadastrar faixas somente se fornecidas formalmente pelo corretor"
"84";"TADANO – COMERCIO E MONSTAGENS DE ESQUADRIAS DE ALUMINIO LTDA";"Faixas Etárias Vazias";"Qnt_Faixa_Etaria: ""(vazio)"", Faixa_Etaria: ""(vazio)""";"Proposta sem discriminação de faixas etárias; cálculo baseado apenas no total de vidas consolidado";"Manter vazio; cadastrar faixas somente se fornecidas formalmente pelo corretor"
"85";"ALLY M. CHAIN PLANEJADOS";"Faixas Etárias Vazias";"Qnt_Faixa_Etaria: ""(vazio)"", Faixa_Etaria: ""(vazio)""";"Proposta sem discriminação de faixas etárias; cálculo baseado apenas no total de vidas consolidado";"Manter vazio; cadastrar faixas somente se fornecidas formalmente pelo corretor"
"86";"ORGANIZACAO FARMACEUTICA NAKANO LTDA";"Faixas Etárias Vazias";"Qnt_Faixa_Etaria: ""(vazio)"", Faixa_Etaria: ""(vazio)""";"Proposta sem discriminação de faixas etárias; cálculo baseado apenas no total de vidas consolidado";"Manter vazio; cadastrar faixas somente se fornecidas formalmente pelo corretor"
"88";"LED IN BRASIL ARTIGOS DE ILUMINACAO LTDA";"Faixas Etárias Vazias";"Qnt_Faixa_Etaria: ""(vazio)"", Faixa_Etaria: ""(vazio)""";"Proposta sem discriminação de faixas etárias; cálculo baseado apenas no total de vidas consolidado";"Manter vazio; cadastrar faixas somente se fornecidas formalmente pelo corretor"
"89";"ACOS GRANJO COMERCIAL LTDA";"Faixas Etárias Vazias";"Qnt_Faixa_Etaria: ""(vazio)"", Faixa_Etaria: ""(vazio)""";"Proposta sem discriminação de faixas etárias; cálculo baseado apenas no total de vidas consolidado";"Manter vazio; cadastrar faixas somente se fornecidas formalmente pelo corretor"
"90";"PARAIBA PLAST COMERCIAL LTDA";"Faixas Etárias Vazias";"Qnt_Faixa_Etaria: ""(vazio)"", Faixa_Etaria: ""(vazio)""";"Proposta sem discriminação de faixas etárias; cálculo baseado apenas no total de vidas consolidado";"Manter vazio; cadastrar faixas somente se fornecidas formalmente pelo corretor"
"91";"SUPERMERCADO OURINHOS LTDA";"Faixas Etárias Vazias";"Qnt_Faixa_Etaria: ""(vazio)"", Faixa_Etaria: ""(vazio)""";"Proposta sem discriminação de faixas etárias; cálculo baseado apenas no total de vidas consolidado";"Manter vazio; cadastrar faixas somente se fornecidas formalmente pelo corretor"
"92";"TUBONEWS CONSTRUÇÃO E MONTAGEM LTDA";"Faixas Etárias Vazias";"Qnt_Faixa_Etaria: ""(vazio)"", Faixa_Etaria: ""(vazio)""";"Proposta sem discriminação de faixas etárias; cálculo baseado apenas no total de vidas consolidado";"Manter vazio; cadastrar faixas somente se fornecidas formalmente pelo corretor"
"93";"ALPI DISTRIBUIDORA DE PRODUTOS ALIMENTICIOS LTDA";"Faixas Etárias Vazias";"Qnt_Faixa_Etaria: ""(vazio)"", Faixa_Etaria: ""(vazio)""";"Proposta sem discriminação de faixas etárias; cálculo baseado apenas no total de vidas consolidado";"Manter vazio; cadastrar faixas somente se fornecidas formalmente pelo corretor"
"94";"ÔMEGA SERVIÇOS DE MONTAGENS INDÚSTRIAS";"Faixas Etárias Vazias";"Qnt_Faixa_Etaria: ""(vazio)"", Faixa_Etaria: ""(vazio)""";"Proposta sem discriminação de faixas etárias; cálculo baseado apenas no total de vidas consolidado";"Manter vazio; cadastrar faixas somente se fornecidas formalmente pelo corretor"
"95";"G P TRANSPORTES LTDA";"Faixas Etárias Vazias";"Qnt_Faixa_Etaria: ""(vazio)"", Faixa_Etaria: ""(vazio)""";"Proposta sem discriminação de faixas etárias; cálculo baseado apenas no total de vidas consolidado";"Manter vazio; cadastrar faixas somente se fornecidas formalmente pelo corretor"
"96";"CARDOSO E HADDAD SERVIÇOS CONTABEIS E COMERCIO";"Faixas Etárias Vazias";"Qnt_Faixa_Etaria: ""(vazio)"", Faixa_Etaria: ""(vazio)""";"Proposta sem discriminação de faixas etárias; cálculo baseado apenas no total de vidas consolidado";"Manter vazio; cadastrar faixas somente se fornecidas formalmente pelo corretor"
"97";"LV CASTRO ENGENHARIA E INSPEÇÃO INDUSTRIAL EIRELI";"Faixas Etárias Vazias";"Qnt_Faixa_Etaria: ""(vazio)"", Faixa_Etaria: ""(vazio)""";"Proposta sem discriminação de faixas etárias; cálculo baseado apenas no total de vidas consolidado";"Manter vazio; cadastrar faixas somente se fornecidas formalmente pelo corretor"
"98";"SECRETARIA DE MEIO MensalidadeIENTE INFRAESTRUTURA E LOGISTICA";"Faixas Etárias Vazias";"Qnt_Faixa_Etaria: ""(vazio)"", Faixa_Etaria: ""(vazio)""";"Proposta sem discriminação de faixas etárias; cálculo baseado apenas no total de vidas consolidado";"Manter vazio; cadastrar faixas somente se fornecidas formalmente pelo corretor"
"99";"PIEDADE CAMARA MUNICIPAL";"Faixas Etárias Vazias";"Qnt_Faixa_Etaria: ""(vazio)"", Faixa_Etaria: ""(vazio)""";"Proposta sem discriminação de faixas etárias; cálculo baseado apenas no total de vidas consolidado";"Manter vazio; cadastrar faixas somente se fornecidas formalmente pelo corretor"
"101";"ANCORA MANUTENCAO E SERVIÇOS LTDA";"Faixas Etárias Vazias";"Qnt_Faixa_Etaria: ""(vazio)"", Faixa_Etaria: ""(vazio)""";"Proposta sem discriminação de faixas etárias; cálculo baseado apenas no total de vidas consolidado";"Manter vazio; cadastrar faixas somente se fornecidas formalmente pelo corretor"
"102";"DBL INDÚSTRIA E COMERCIO DE BEBIDAS E EMBALAGENS";"Faixas Etárias Vazias";"Qnt_Faixa_Etaria: ""(vazio)"", Faixa_Etaria: ""(vazio)""";"Proposta sem discriminação de faixas etárias; cálculo baseado apenas no total de vidas consolidado";"Manter vazio; cadastrar faixas somente se fornecidas formalmente pelo corretor"
"103";"INSTITUTO DE PREVIDÊNCIA DE SANTO ANDRÉ";"Faixas Etárias Vazias";"Qnt_Faixa_Etaria: ""(vazio)"", Faixa_Etaria: ""(vazio)""";"Proposta sem discriminação de faixas etárias; cálculo baseado apenas no total de vidas consolidado";"Manter vazio; cadastrar faixas somente se fornecidas formalmente pelo corretor"
"104";"MAIS SOLUÇÃO SERVIÇOS DE CONTABILIDADE EIRELI";"Faixas Etárias Vazias";"Qnt_Faixa_Etaria: ""(vazio)"", Faixa_Etaria: ""(vazio)""";"Proposta sem discriminação de faixas etárias; cálculo baseado apenas no total de vidas consolidado";"Manter vazio; cadastrar faixas somente se fornecidas formalmente pelo corretor"
"105";"SINDUSCON";"Faixas Etárias Vazias";"Qnt_Faixa_Etaria: ""(vazio)"", Faixa_Etaria: ""(vazio)""";"Proposta sem discriminação de faixas etárias; cálculo baseado apenas no total de vidas consolidado";"Manter vazio; cadastrar faixas somente se fornecidas formalmente pelo corretor"
"106";"DRS ENGENHARIA LTDA";"Faixas Etárias Vazias";"Qnt_Faixa_Etaria: ""(vazio)"", Faixa_Etaria: ""(vazio)""";"Proposta sem discriminação de faixas etárias; cálculo baseado apenas no total de vidas consolidado";"Manter vazio; cadastrar faixas somente se fornecidas formalmente pelo corretor"
"107";"HOSPITAL DE BROTAS";"Faixas Etárias Vazias";"Qnt_Faixa_Etaria: ""(vazio)"", Faixa_Etaria: ""(vazio)""";"Proposta sem discriminação de faixas etárias; cálculo baseado apenas no total de vidas consolidado";"Manter vazio; cadastrar faixas somente se fornecidas formalmente pelo corretor"
"108";"CESTA DO POVO SUPERMERCADO";"Faixas Etárias Vazias";"Qnt_Faixa_Etaria: ""(vazio)"", Faixa_Etaria: ""(vazio)""";"Proposta sem discriminação de faixas etárias; cálculo baseado apenas no total de vidas consolidado";"Manter vazio; cadastrar faixas somente se fornecidas formalmente pelo corretor"
"109";"ENGEVALE ENGENHARIA S.A";"Faixas Etárias Vazias";"Qnt_Faixa_Etaria: ""(vazio)"", Faixa_Etaria: ""(vazio)""";"Proposta sem discriminação de faixas etárias; cálculo baseado apenas no total de vidas consolidado";"Manter vazio; cadastrar faixas somente se fornecidas formalmente pelo corretor"
"111";"SOLUCOES SERVICOS TERCEIRIZADOS- EIRELI";"Faixas Etárias Vazias";"Qnt_Faixa_Etaria: ""(vazio)"", Faixa_Etaria: ""(vazio)""";"Proposta sem discriminação de faixas etárias; cálculo baseado apenas no total de vidas consolidado";"Manter vazio; cadastrar faixas somente se fornecidas formalmente pelo corretor"
"112";"CNB - CENTRAL DE NOTICIAS BRASILEIRAS LTDA";"Faixas Etárias Vazias";"Qnt_Faixa_Etaria: ""(vazio)"", Faixa_Etaria: ""(vazio)""";"Proposta sem discriminação de faixas etárias; cálculo baseado apenas no total de vidas consolidado";"Manter vazio; cadastrar faixas somente se fornecidas formalmente pelo corretor"
"113";"FORTGIRO DISTRIBUIDORA DE AUTO PECAS LTDA";"Faixas Etárias Vazias";"Qnt_Faixa_Etaria: ""(vazio)"", Faixa_Etaria: ""(vazio)""";"Proposta sem discriminação de faixas etárias; cálculo baseado apenas no total de vidas consolidado";"Manter vazio; cadastrar faixas somente se fornecidas formalmente pelo corretor"
"114";"ESCOLA SENHOR DO BONFIM";"Faixas Etárias Vazias";"Qnt_Faixa_Etaria: ""(vazio)"", Faixa_Etaria: ""(vazio)""";"Proposta sem discriminação de faixas etárias; cálculo baseado apenas no total de vidas consolidado";"Manter vazio; cadastrar faixas somente se fornecidas formalmente pelo corretor"
"115";"CONDOMINIO EDIFICIO MORADA DOS CARDEAIS";"Faixas Etárias Vazias";"Qnt_Faixa_Etaria: ""(vazio)"", Faixa_Etaria: ""(vazio)""";"Proposta sem discriminação de faixas etárias; cálculo baseado apenas no total de vidas consolidado";"Manter vazio; cadastrar faixas somente se fornecidas formalmente pelo corretor"
"116";"CONSORCIO CITELUM – 2 MS";"Faixas Etárias Vazias";"Qnt_Faixa_Etaria: ""(vazio)"", Faixa_Etaria: ""(vazio)""";"Proposta sem discriminação de faixas etárias; cálculo baseado apenas no total de vidas consolidado";"Manter vazio; cadastrar faixas somente se fornecidas formalmente pelo corretor"
"117";"COMERCIAL DE FERRAGENS SÃO LUIS LTDA";"Faixas Etárias Vazias";"Qnt_Faixa_Etaria: ""(vazio)"", Faixa_Etaria: ""(vazio)""";"Proposta sem discriminação de faixas etárias; cálculo baseado apenas no total de vidas consolidado";"Manter vazio; cadastrar faixas somente se fornecidas formalmente pelo corretor"
"118";"CONSORCIO LIMPA GUARULHOS";"Faixas Etárias Vazias";"Qnt_Faixa_Etaria: ""(vazio)"", Faixa_Etaria: ""(vazio)""";"Proposta sem discriminação de faixas etárias; cálculo baseado apenas no total de vidas consolidado";"Manter vazio; cadastrar faixas somente se fornecidas formalmente pelo corretor"
"119";"SANTA CASA DE LEME";"Faixas Etárias Vazias";"Qnt_Faixa_Etaria: ""(vazio)"", Faixa_Etaria: ""(vazio)""";"Proposta sem discriminação de faixas etárias; cálculo baseado apenas no total de vidas consolidado";"Manter vazio; cadastrar faixas somente se fornecidas formalmente pelo corretor"
"121";"PARAIBA PLAST COMERCIAL LTDA";"Faixas Etárias Vazias";"Qnt_Faixa_Etaria: ""(vazio)"", Faixa_Etaria: ""(vazio)""";"Proposta sem discriminação de faixas etárias; cálculo baseado apenas no total de vidas consolidado";"Manter vazio; cadastrar faixas somente se fornecidas formalmente pelo corretor"
"122";"HEALTH BRASIL COMERCIO ATACADISTA DE MEDICAMENTOS LTDA";"Faixas Etárias Vazias";"Qnt_Faixa_Etaria: ""(vazio)"", Faixa_Etaria: ""(vazio)""";"Proposta sem discriminação de faixas etárias; cálculo baseado apenas no total de vidas consolidado";"Manter vazio; cadastrar faixas somente se fornecidas formalmente pelo corretor"
"123";"HIGICLEAN TECNOLOGIA EM HIGIENIZAÇÃO E CONSERVAÇÃO LTDA";"Faixas Etárias Vazias";"Qnt_Faixa_Etaria: ""(vazio)"", Faixa_Etaria: ""(vazio)""";"Proposta sem discriminação de faixas etárias; cálculo baseado apenas no total de vidas consolidado";"Manter vazio; cadastrar faixas somente se fornecidas formalmente pelo corretor"
"124";"ENOTEL - HOTELS & RESORTS S/A";"Faixas Etárias Vazias";"Qnt_Faixa_Etaria: ""(vazio)"", Faixa_Etaria: ""(vazio)""";"Proposta sem discriminação de faixas etárias; cálculo baseado apenas no total de vidas consolidado";"Manter vazio; cadastrar faixas somente se fornecidas formalmente pelo corretor"
"125";"OBJETIVA SERVICOS TERCEIRIZADOS LTDA";"Faixas Etárias Vazias";"Qnt_Faixa_Etaria: ""(vazio)"", Faixa_Etaria: ""(vazio)""";"Proposta sem discriminação de faixas etárias; cálculo baseado apenas no total de vidas consolidado";"Manter vazio; cadastrar faixas somente se fornecidas formalmente pelo corretor"
"126";"NAUTILLUS CONSTRUCOES E COMERCIO LTDA";"Faixas Etárias Vazias";"Qnt_Faixa_Etaria: ""(vazio)"", Faixa_Etaria: ""(vazio)""";"Proposta sem discriminação de faixas etárias; cálculo baseado apenas no total de vidas consolidado";"Manter vazio; cadastrar faixas somente se fornecidas formalmente pelo corretor"
"128";"DESENVOLVIDA INSTITUTO PARA O DESENV";"Faixas Etárias Vazias";"Qnt_Faixa_Etaria: ""(vazio)"", Faixa_Etaria: ""(vazio)""";"Proposta sem discriminação de faixas etárias; cálculo baseado apenas no total de vidas consolidado";"Manter vazio; cadastrar faixas somente se fornecidas formalmente pelo corretor"
"129";"TEL CENTRO DE CONTATOS LTDA";"Faixas Etárias Vazias";"Qnt_Faixa_Etaria: ""(vazio)"", Faixa_Etaria: ""(vazio)""";"Proposta sem discriminação de faixas etárias; cálculo baseado apenas no total de vidas consolidado";"Manter vazio; cadastrar faixas somente se fornecidas formalmente pelo corretor"
"130";"MUNICIPIO DE IRANDUBA";"Faixas Etárias Vazias";"Qnt_Faixa_Etaria: ""(vazio)"", Faixa_Etaria: ""(vazio)""";"Proposta sem discriminação de faixas etárias; cálculo baseado apenas no total de vidas consolidado";"Manter vazio; cadastrar faixas somente se fornecidas formalmente pelo corretor"
"131";"TAPS - TMensalidadeAI AUTOS, PECAS E SERVICOS LTDA(JOÃO PESSOA-PB)";"Faixas Etárias Vazias";"Qnt_Faixa_Etaria: ""(vazio)"", Faixa_Etaria: ""(vazio)""";"Proposta sem discriminação de faixas etárias; cálculo baseado apenas no total de vidas consolidado";"Manter vazio; cadastrar faixas somente se fornecidas formalmente pelo corretor"
"132";"PADARIA E CONVENIENCIA SILVEIRA LTDA";"Faixas Etárias Vazias";"Qnt_Faixa_Etaria: ""(vazio)"", Faixa_Etaria: ""(vazio)""";"Proposta sem discriminação de faixas etárias; cálculo baseado apenas no total de vidas consolidado";"Manter vazio; cadastrar faixas somente se fornecidas formalmente pelo corretor"
"133";"ÔMEGA SERVIÇOS DE MONTAGENS INDÚSTRIAS";"Faixas Etárias Vazias";"Qnt_Faixa_Etaria: ""(vazio)"", Faixa_Etaria: ""(vazio)""";"Proposta sem discriminação de faixas etárias; cálculo baseado apenas no total de vidas consolidado";"Manter vazio; cadastrar faixas somente se fornecidas formalmente pelo corretor"
"134";"DRS ENGENHARIA LTDA";"Faixas Etárias Vazias";"Qnt_Faixa_Etaria: ""(vazio)"", Faixa_Etaria: ""(vazio)""";"Proposta sem discriminação de faixas etárias; cálculo baseado apenas no total de vidas consolidado";"Manter vazio; cadastrar faixas somente se fornecidas formalmente pelo corretor"
"135";"G P TRANSPORTES LTDA";"Faixas Etárias Vazias";"Qnt_Faixa_Etaria: ""(vazio)"", Faixa_Etaria: ""(vazio)""";"Proposta sem discriminação de faixas etárias; cálculo baseado apenas no total de vidas consolidado";"Manter vazio; cadastrar faixas somente se fornecidas formalmente pelo corretor"
"136";"CARDOSO E HADDAD SERVIÇOS CONTABEIS E COMERCIO";"Faixas Etárias Vazias";"Qnt_Faixa_Etaria: ""(vazio)"", Faixa_Etaria: ""(vazio)""";"Proposta sem discriminação de faixas etárias; cálculo baseado apenas no total de vidas consolidado";"Manter vazio; cadastrar faixas somente se fornecidas formalmente pelo corretor"
"137";"HOSPITAL DE BROTAS";"Faixas Etárias Vazias";"Qnt_Faixa_Etaria: ""(vazio)"", Faixa_Etaria: ""(vazio)""";"Proposta sem discriminação de faixas etárias; cálculo baseado apenas no total de vidas consolidado";"Manter vazio; cadastrar faixas somente se fornecidas formalmente pelo corretor"
"138";"CESTA DO POVO SUPERMERCADO";"Faixas Etárias Vazias";"Qnt_Faixa_Etaria: ""(vazio)"", Faixa_Etaria: ""(vazio)""";"Proposta sem discriminação de faixas etárias; cálculo baseado apenas no total de vidas consolidado";"Manter vazio; cadastrar faixas somente se fornecidas formalmente pelo corretor"
"139";"ENGEVALE ENGENHARIA S.A";"Faixas Etárias Vazias";"Qnt_Faixa_Etaria: ""(vazio)"", Faixa_Etaria: ""(vazio)""";"Proposta sem discriminação de faixas etárias; cálculo baseado apenas no total de vidas consolidado";"Manter vazio; cadastrar faixas somente se fornecidas formalmente pelo corretor"
"140";"LV CASTRO ENGENHARIA E INSPEÇÃO INDUSTRIAL EIRELI";"Faixas Etárias Vazias";"Qnt_Faixa_Etaria: ""(vazio)"", Faixa_Etaria: ""(vazio)""";"Proposta sem discriminação de faixas etárias; cálculo baseado apenas no total de vidas consolidado";"Manter vazio; cadastrar faixas somente se fornecidas formalmente pelo corretor"
"141";"SECRETARIA DE MEIO MensalidadeIENTE INFRAESTRUTURA E LOGISTICA";"Faixas Etárias Vazias";"Qnt_Faixa_Etaria: ""(vazio)"", Faixa_Etaria: ""(vazio)""";"Proposta sem discriminação de faixas etárias; cálculo baseado apenas no total de vidas consolidado";"Manter vazio; cadastrar faixas somente se fornecidas formalmente pelo corretor"
"142";"PIEDADE CAMARA MUNICIPAL";"Faixas Etárias Vazias";"Qnt_Faixa_Etaria: ""(vazio)"", Faixa_Etaria: ""(vazio)""";"Proposta sem discriminação de faixas etárias; cálculo baseado apenas no total de vidas consolidado";"Manter vazio; cadastrar faixas somente se fornecidas formalmente pelo corretor"
"144";"SOLUCOES SERVICOS TERCEIRIZADOS- EIRELI";"Faixas Etárias Vazias";"Qnt_Faixa_Etaria: ""(vazio)"", Faixa_Etaria: ""(vazio)""";"Proposta sem discriminação de faixas etárias; cálculo baseado apenas no total de vidas consolidado";"Manter vazio; cadastrar faixas somente se fornecidas formalmente pelo corretor"
"145";"CNB - CENTRAL DE NOTICIAS BRASILEIRAS LTDA";"Faixas Etárias Vazias";"Qnt_Faixa_Etaria: ""(vazio)"", Faixa_Etaria: ""(vazio)""";"Proposta sem discriminação de faixas etárias; cálculo baseado apenas no total de vidas consolidado";"Manter vazio; cadastrar faixas somente se fornecidas formalmente pelo corretor"
"146";"FORTGIRO DISTRIBUIDORA DE AUTO PECAS LTDA";"Faixas Etárias Vazias";"Qnt_Faixa_Etaria: ""(vazio)"", Faixa_Etaria: ""(vazio)""";"Proposta sem discriminação de faixas etárias; cálculo baseado apenas no total de vidas consolidado";"Manter vazio; cadastrar faixas somente se fornecidas formalmente pelo corretor"
"147";"ESCOLA SENHOR DO BONFIM";"Faixas Etárias Vazias";"Qnt_Faixa_Etaria: ""(vazio)"", Faixa_Etaria: ""(vazio)""";"Proposta sem discriminação de faixas etárias; cálculo baseado apenas no total de vidas consolidado";"Manter vazio; cadastrar faixas somente se fornecidas formalmente pelo corretor"
"148";"CONDOMINIO EDIFICIO MORADA DOS CARDEAIS";"Faixas Etárias Vazias";"Qnt_Faixa_Etaria: ""(vazio)"", Faixa_Etaria: ""(vazio)""";"Proposta sem discriminação de faixas etárias; cálculo baseado apenas no total de vidas consolidado";"Manter vazio; cadastrar faixas somente se fornecidas formalmente pelo corretor"
"150";"ANCORA MANUTENCAO E SERVIÇOS LTDA";"Faixas Etárias Vazias";"Qnt_Faixa_Etaria: ""(vazio)"", Faixa_Etaria: ""(vazio)""";"Proposta sem discriminação de faixas etárias; cálculo baseado apenas no total de vidas consolidado";"Manter vazio; cadastrar faixas somente se fornecidas formalmente pelo corretor"
"151";"DBL INDÚSTRIA E COMERCIO DE BEBIDAS E EMBALAGENS";"Faixas Etárias Vazias";"Qnt_Faixa_Etaria: ""(vazio)"", Faixa_Etaria: ""(vazio)""";"Proposta sem discriminação de faixas etárias; cálculo baseado apenas no total de vidas consolidado";"Manter vazio; cadastrar faixas somente se fornecidas formalmente pelo corretor"
"152";"CONSORCIO CITELUM – 2 MS";"Faixas Etárias Vazias";"Qnt_Faixa_Etaria: ""(vazio)"", Faixa_Etaria: ""(vazio)""";"Proposta sem discriminação de faixas etárias; cálculo baseado apenas no total de vidas consolidado";"Manter vazio; cadastrar faixas somente se fornecidas formalmente pelo corretor"
"153";"COMERCIAL DE FERRAGENS SÃO LUIS LTDA";"Faixas Etárias Vazias";"Qnt_Faixa_Etaria: ""(vazio)"", Faixa_Etaria: ""(vazio)""";"Proposta sem discriminação de faixas etárias; cálculo baseado apenas no total de vidas consolidado";"Manter vazio; cadastrar faixas somente se fornecidas formalmente pelo corretor"
"154";"CONSORCIO LIMPA GUARULHOS";"Faixas Etárias Vazias";"Qnt_Faixa_Etaria: ""(vazio)"", Faixa_Etaria: ""(vazio)""";"Proposta sem discriminação de faixas etárias; cálculo baseado apenas no total de vidas consolidado";"Manter vazio; cadastrar faixas somente se fornecidas formalmente pelo corretor"
"155";"SANTA CASA DE LEME";"Faixas Etárias Vazias";"Qnt_Faixa_Etaria: ""(vazio)"", Faixa_Etaria: ""(vazio)""";"Proposta sem discriminação de faixas etárias; cálculo baseado apenas no total de vidas consolidado";"Manter vazio; cadastrar faixas somente se fornecidas formalmente pelo corretor"
"156";"CONDOMINIO HANGAR BUSINESS PARK";"Faixas Etárias Vazias";"Qnt_Faixa_Etaria: ""(vazio)"", Faixa_Etaria: ""(vazio)""";"Proposta sem discriminação de faixas etárias; cálculo baseado apenas no total de vidas consolidado";"Manter vazio; cadastrar faixas somente se fornecidas formalmente pelo corretor"
"157";"PARAIBA PLAST COMERCIAL LTDA";"Faixas Etárias Vazias";"Qnt_Faixa_Etaria: ""(vazio)"", Faixa_Etaria: ""(vazio)""";"Proposta sem discriminação de faixas etárias; cálculo baseado apenas no total de vidas consolidado";"Manter vazio; cadastrar faixas somente se fornecidas formalmente pelo corretor"
"158";"HEALTH BRASIL COMERCIO ATACADISTA DE MEDICAMENTOS LTDA";"Faixas Etárias Vazias";"Qnt_Faixa_Etaria: ""(vazio)"", Faixa_Etaria: ""(vazio)""";"Proposta sem discriminação de faixas etárias; cálculo baseado apenas no total de vidas consolidado";"Manter vazio; cadastrar faixas somente se fornecidas formalmente pelo corretor"
"159";"HIGICLEAN TECNOLOGIA EM HIGIENIZAÇÃO E CONSERVAÇÃO LTDA";"Faixas Etárias Vazias";"Qnt_Faixa_Etaria: ""(vazio)"", Faixa_Etaria: ""(vazio)""";"Proposta sem discriminação de faixas etárias; cálculo baseado apenas no total de vidas consolidado";"Manter vazio; cadastrar faixas somente se fornecidas formalmente pelo corretor"
"160";"ENOTEL - HOTELS & RESORTS S/A";"Faixas Etárias Vazias";"Qnt_Faixa_Etaria: ""(vazio)"", Faixa_Etaria: ""(vazio)""";"Proposta sem discriminação de faixas etárias; cálculo baseado apenas no total de vidas consolidado";"Manter vazio; cadastrar faixas somente se fornecidas formalmente pelo corretor"
"161";"OBJETIVA SERVICOS TERCEIRIZADOS LTDA";"Faixas Etárias Vazias";"Qnt_Faixa_Etaria: ""(vazio)"", Faixa_Etaria: ""(vazio)""";"Proposta sem discriminação de faixas etárias; cálculo baseado apenas no total de vidas consolidado";"Manter vazio; cadastrar faixas somente se fornecidas formalmente pelo corretor"
"162";"NAUTILLUS CONSTRUCOES E COMERCIO LTDA";"Faixas Etárias Vazias";"Qnt_Faixa_Etaria: ""(vazio)"", Faixa_Etaria: ""(vazio)""";"Proposta sem discriminação de faixas etárias; cálculo baseado apenas no total de vidas consolidado";"Manter vazio; cadastrar faixas somente se fornecidas formalmente pelo corretor"
"164";"DESENVOLVIDA INSTITUTO PARA O DESENV";"Faixas Etárias Vazias";"Qnt_Faixa_Etaria: ""(vazio)"", Faixa_Etaria: ""(vazio)""";"Proposta sem discriminação de faixas etárias; cálculo baseado apenas no total de vidas consolidado";"Manter vazio; cadastrar faixas somente se fornecidas formalmente pelo corretor"
"165";"TEL CENTRO DE CONTATOS LTDA";"Faixas Etárias Vazias";"Qnt_Faixa_Etaria: ""(vazio)"", Faixa_Etaria: ""(vazio)""";"Proposta sem discriminação de faixas etárias; cálculo baseado apenas no total de vidas consolidado";"Manter vazio; cadastrar faixas somente se fornecidas formalmente pelo corretor"
"166";"INSTITUTO DE PREVIDÊNCIA DE SANTO ANDRÉ";"Faixas Etárias Vazias";"Qnt_Faixa_Etaria: ""(vazio)"", Faixa_Etaria: ""(vazio)""";"Proposta sem discriminação de faixas etárias; cálculo baseado apenas no total de vidas consolidado";"Manter vazio; cadastrar faixas somente se fornecidas formalmente pelo corretor"
"167";"MUNICIPIO DE IRANDUBA";"Faixas Etárias Vazias";"Qnt_Faixa_Etaria: ""(vazio)"", Faixa_Etaria: ""(vazio)""";"Proposta sem discriminação de faixas etárias; cálculo baseado apenas no total de vidas consolidado";"Manter vazio; cadastrar faixas somente se fornecidas formalmente pelo corretor"
"168";"MAIS SOLUÇÃO SERVIÇOS DE CONTABILIDADE EIRELI";"Faixas Etárias Vazias";"Qnt_Faixa_Etaria: ""(vazio)"", Faixa_Etaria: ""(vazio)""";"Proposta sem discriminação de faixas etárias; cálculo baseado apenas no total de vidas consolidado";"Manter vazio; cadastrar faixas somente se fornecidas formalmente pelo corretor"
"169";"TAPS - TMensalidadeAI AUTOS, PECAS E SERVICOS LTDA(JOÃO PESSOA-PB)";"Faixas Etárias Vazias";"Qnt_Faixa_Etaria: ""(vazio)"", Faixa_Etaria: ""(vazio)""";"Proposta sem discriminação de faixas etárias; cálculo baseado apenas no total de vidas consolidado";"Manter vazio; cadastrar faixas somente se fornecidas formalmente pelo corretor"
"170";"SINDUSCON";"Faixas Etárias Vazias";"Qnt_Faixa_Etaria: ""(vazio)"", Faixa_Etaria: ""(vazio)""";"Proposta sem discriminação de faixas etárias; cálculo baseado apenas no total de vidas consolidado";"Manter vazio; cadastrar faixas somente se fornecidas formalmente pelo corretor"
"171";"TORRE EMPREENDIMENTOS RURAL E CONSTRUCAO LTDA";"Faixas Etárias Vazias";"Qnt_Faixa_Etaria: ""(vazio)"", Faixa_Etaria: ""(vazio)""";"Proposta sem discriminação de faixas etárias; cálculo baseado apenas no total de vidas consolidado";"Manter vazio; cadastrar faixas somente se fornecidas formalmente pelo corretor"
"172";"ESTILO SOLUÇOES EMPRESARIAIS";"Faixas Etárias Vazias";"Qnt_Faixa_Etaria: ""(vazio)"", Faixa_Etaria: ""(vazio)""";"Proposta sem discriminação de faixas etárias; cálculo baseado apenas no total de vidas consolidado";"Manter vazio; cadastrar faixas somente se fornecidas formalmente pelo corretor"
"173";"BOARDTEC DO BRASIL LTDA";"Faixas Etárias Vazias";"Qnt_Faixa_Etaria: ""(vazio)"", Faixa_Etaria: ""(vazio)""";"Proposta sem discriminação de faixas etárias; cálculo baseado apenas no total de vidas consolidado";"Manter vazio; cadastrar faixas somente se fornecidas formalmente pelo corretor"
"175";"INSTITUTO NACIONAL DE DESENVOLVIMENTO SOCIAL E HUMANO - INDSH";"Faixas Etárias Vazias";"Qnt_Faixa_Etaria: ""(vazio)"", Faixa_Etaria: ""(vazio)""";"Proposta sem discriminação de faixas etárias; cálculo baseado apenas no total de vidas consolidado";"Manter vazio; cadastrar faixas somente se fornecidas formalmente pelo corretor"
"176";"BOTECO 27 BAR";"Faixas Etárias Vazias";"Qnt_Faixa_Etaria: ""(vazio)"", Faixa_Etaria: ""(vazio)""";"Proposta sem discriminação de faixas etárias; cálculo baseado apenas no total de vidas consolidado";"Manter vazio; cadastrar faixas somente se fornecidas formalmente pelo corretor"
"178";"AEC CENTRO DE CONTATOS S/A";"Faixas Etárias Vazias";"Qnt_Faixa_Etaria: ""(vazio)"", Faixa_Etaria: ""(vazio)""";"Proposta sem discriminação de faixas etárias; cálculo baseado apenas no total de vidas consolidado";"Manter vazio; cadastrar faixas somente se fornecidas formalmente pelo corretor"
"181";"COMANDO G8";"Faixas Etárias Vazias";"Qnt_Faixa_Etaria: ""(vazio)"", Faixa_Etaria: ""(vazio)""";"Proposta sem discriminação de faixas etárias; cálculo baseado apenas no total de vidas consolidado";"Manter vazio; cadastrar faixas somente se fornecidas formalmente pelo corretor"
"182";"LOJAS RENNER";"Faixas Etárias Vazias";"Qnt_Faixa_Etaria: ""(vazio)"", Faixa_Etaria: ""(vazio)""";"Proposta sem discriminação de faixas etárias; cálculo baseado apenas no total de vidas consolidado";"Manter vazio; cadastrar faixas somente se fornecidas formalmente pelo corretor"
"183";"INSTITUTO MANTENEDOR DE ENSINO SUPERIOR DA BAHIA S.A";"Faixas Etárias Vazias";"Qnt_Faixa_Etaria: ""(vazio)"", Faixa_Etaria: ""(vazio)""";"Proposta sem discriminação de faixas etárias; cálculo baseado apenas no total de vidas consolidado";"Manter vazio; cadastrar faixas somente se fornecidas formalmente pelo corretor"
"184";"SAGA FACILITIES SERVICOS DE MANUTENCAO DE EQUIPAMENTOS LTDA";"Faixas Etárias Vazias";"Qnt_Faixa_Etaria: ""(vazio)"", Faixa_Etaria: ""(vazio)""";"Proposta sem discriminação de faixas etárias; cálculo baseado apenas no total de vidas consolidado";"Manter vazio; cadastrar faixas somente se fornecidas formalmente pelo corretor"
"185";"H R C DE ASSUNCAO - EMBALAGENS";"Faixas Etárias Vazias";"Qnt_Faixa_Etaria: ""(vazio)"", Faixa_Etaria: ""(vazio)""";"Proposta sem discriminação de faixas etárias; cálculo baseado apenas no total de vidas consolidado";"Manter vazio; cadastrar faixas somente se fornecidas formalmente pelo corretor"
"186";"WN FACILITTIES";"Faixas Etárias Vazias";"Qnt_Faixa_Etaria: ""(vazio)"", Faixa_Etaria: ""(vazio)""";"Proposta sem discriminação de faixas etárias; cálculo baseado apenas no total de vidas consolidado";"Manter vazio; cadastrar faixas somente se fornecidas formalmente pelo corretor"
"188";"ITS TELECOMUNICAÇÕES LTDA (ITS BRASIL)";"Faixas Etárias Vazias";"Qnt_Faixa_Etaria: ""(vazio)"", Faixa_Etaria: ""(vazio)""";"Proposta sem discriminação de faixas etárias; cálculo baseado apenas no total de vidas consolidado";"Manter vazio; cadastrar faixas somente se fornecidas formalmente pelo corretor"
"189";"MEMORIAL OFTALMO HOSPITAL DE OLHOS LTDA";"Faixas Etárias Vazias";"Qnt_Faixa_Etaria: ""(vazio)"", Faixa_Etaria: ""(vazio)""";"Proposta sem discriminação de faixas etárias; cálculo baseado apenas no total de vidas consolidado";"Manter vazio; cadastrar faixas somente se fornecidas formalmente pelo corretor"
"190";"EMEC EMPREENDIMENTOS MEDICO CIRURGICOS LTDA";"Faixas Etárias Vazias";"Qnt_Faixa_Etaria: ""(vazio)"", Faixa_Etaria: ""(vazio)""";"Proposta sem discriminação de faixas etárias; cálculo baseado apenas no total de vidas consolidado";"Manter vazio; cadastrar faixas somente se fornecidas formalmente pelo corretor"
"191";"HOSPITAL MATER DEI S.A";"Faixas Etárias Vazias";"Qnt_Faixa_Etaria: ""(vazio)"", Faixa_Etaria: ""(vazio)""";"Proposta sem discriminação de faixas etárias; cálculo baseado apenas no total de vidas consolidado";"Manter vazio; cadastrar faixas somente se fornecidas formalmente pelo corretor"
"192";"REDE CLASSEFARMA DROGARIAS LTDA";"Faixas Etárias Vazias";"Qnt_Faixa_Etaria: ""(vazio)"", Faixa_Etaria: ""(vazio)""";"Proposta sem discriminação de faixas etárias; cálculo baseado apenas no total de vidas consolidado";"Manter vazio; cadastrar faixas somente se fornecidas formalmente pelo corretor"
"193";"PERNMensalidadeUCO PILOTS SOCIEDADE DE PRATICOS S/S LTDA";"Faixas Etárias Vazias";"Qnt_Faixa_Etaria: ""(vazio)"", Faixa_Etaria: ""(vazio)""";"Proposta sem discriminação de faixas etárias; cálculo baseado apenas no total de vidas consolidado";"Manter vazio; cadastrar faixas somente se fornecidas formalmente pelo corretor"
"194";"EMPRESA DE TELEVISÃO JOÃO PESSOA LTDA";"Faixas Etárias Vazias";"Qnt_Faixa_Etaria: ""(vazio)"", Faixa_Etaria: ""(vazio)""";"Proposta sem discriminação de faixas etárias; cálculo baseado apenas no total de vidas consolidado";"Manter vazio; cadastrar faixas somente se fornecidas formalmente pelo corretor"
"195";"GRUPO GAMESTATION (LISMAR LTDA)";"Faixas Etárias Vazias";"Qnt_Faixa_Etaria: ""(vazio)"", Faixa_Etaria: ""(vazio)""";"Proposta sem discriminação de faixas etárias; cálculo baseado apenas no total de vidas consolidado";"Manter vazio; cadastrar faixas somente se fornecidas formalmente pelo corretor"
"199";"NSFSEG SERVICOS DE SEGURANCA LTDA";"Faixas Etárias Vazias";"Qnt_Faixa_Etaria: ""(vazio)"", Faixa_Etaria: ""(vazio)""";"Proposta sem discriminação de faixas etárias; cálculo baseado apenas no total de vidas consolidado";"Manter vazio; cadastrar faixas somente se fornecidas formalmente pelo corretor"
"200";"SERVIT SERVICOS TERCEIRIZADOS";"Faixas Etárias Vazias";"Qnt_Faixa_Etaria: ""(vazio)"", Faixa_Etaria: ""(vazio)""";"Proposta sem discriminação de faixas etárias; cálculo baseado apenas no total de vidas consolidado";"Manter vazio; cadastrar faixas somente se fornecidas formalmente pelo corretor"
"201";"OTICA DA GENTE";"Faixas Etárias Vazias";"Qnt_Faixa_Etaria: ""(vazio)"", Faixa_Etaria: ""(vazio)""";"Proposta sem discriminação de faixas etárias; cálculo baseado apenas no total de vidas consolidado";"Manter vazio; cadastrar faixas somente se fornecidas formalmente pelo corretor"
"202";"MADEIREIRA ITAPOA";"Faixas Etárias Vazias";"Qnt_Faixa_Etaria: ""(vazio)"", Faixa_Etaria: ""(vazio)""";"Proposta sem discriminação de faixas etárias; cálculo baseado apenas no total de vidas consolidado";"Manter vazio; cadastrar faixas somente se fornecidas formalmente pelo corretor"
"204";"DIAGSON DIAGNOSTICO EM ULTRA SONOGRAFIA MED FETAL LTDA";"Faixas Etárias Vazias";"Qnt_Faixa_Etaria: ""(vazio)"", Faixa_Etaria: ""(vazio)""";"Proposta sem discriminação de faixas etárias; cálculo baseado apenas no total de vidas consolidado";"Manter vazio; cadastrar faixas somente se fornecidas formalmente pelo corretor"
"205";"IMPÉRIO MÓVEIS E ELETRO SA";"Faixas Etárias Vazias";"Qnt_Faixa_Etaria: ""(vazio)"", Faixa_Etaria: ""(vazio)""";"Proposta sem discriminação de faixas etárias; cálculo baseado apenas no total de vidas consolidado";"Manter vazio; cadastrar faixas somente se fornecidas formalmente pelo corretor"
"206";"CONSTRUMONTI INDUSTRIAL";"Faixas Etárias Vazias";"Qnt_Faixa_Etaria: ""(vazio)"", Faixa_Etaria: ""(vazio)""";"Proposta sem discriminação de faixas etárias; cálculo baseado apenas no total de vidas consolidado";"Manter vazio; cadastrar faixas somente se fornecidas formalmente pelo corretor"
"207";"LIMPSERV EIRELLI";"Faixas Etárias Vazias";"Qnt_Faixa_Etaria: ""(vazio)"", Faixa_Etaria: ""(vazio)""";"Proposta sem discriminação de faixas etárias; cálculo baseado apenas no total de vidas consolidado";"Manter vazio; cadastrar faixas somente se fornecidas formalmente pelo corretor"
"208";"CLUBE ATLETICO MONTE LIBANO";"Faixas Etárias Vazias";"Qnt_Faixa_Etaria: ""(vazio)"", Faixa_Etaria: ""(vazio)""";"Proposta sem discriminação de faixas etárias; cálculo baseado apenas no total de vidas consolidado";"Manter vazio; cadastrar faixas somente se fornecidas formalmente pelo corretor"
"209";"HOME AGENT TELESERVICOS";"Faixas Etárias Vazias";"Qnt_Faixa_Etaria: ""(vazio)"", Faixa_Etaria: ""(vazio)""";"Proposta sem discriminação de faixas etárias; cálculo baseado apenas no total de vidas consolidado";"Manter vazio; cadastrar faixas somente se fornecidas formalmente pelo corretor"
"211";"GREIF EMBALAGENS INDUSTRIAIS DO AMAZONAS LTDA";"Faixas Etárias Vazias";"Qnt_Faixa_Etaria: ""(vazio)"", Faixa_Etaria: ""(vazio)""";"Proposta sem discriminação de faixas etárias; cálculo baseado apenas no total de vidas consolidado";"Manter vazio; cadastrar faixas somente se fornecidas formalmente pelo corretor"
"212";"RODOTRIL TRANSPORTE DE GARGAS LTDA";"Faixas Etárias Vazias";"Qnt_Faixa_Etaria: ""(vazio)"", Faixa_Etaria: ""(vazio)""";"Proposta sem discriminação de faixas etárias; cálculo baseado apenas no total de vidas consolidado";"Manter vazio; cadastrar faixas somente se fornecidas formalmente pelo corretor"
"213";"CUT";"Faixas Etárias Vazias";"Qnt_Faixa_Etaria: ""(vazio)"", Faixa_Etaria: ""(vazio)""";"Proposta sem discriminação de faixas etárias; cálculo baseado apenas no total de vidas consolidado";"Manter vazio; cadastrar faixas somente se fornecidas formalmente pelo corretor"
"215";"Polo SMS Engenharia LTDA";"Faixas Etárias Vazias";"Qnt_Faixa_Etaria: ""(vazio)"", Faixa_Etaria: ""(vazio)""";"Proposta sem discriminação de faixas etárias; cálculo baseado apenas no total de vidas consolidado";"Manter vazio; cadastrar faixas somente se fornecidas formalmente pelo corretor"
"216";"Casa BMensalidadeini";"Faixas Etárias Vazias";"Qnt_Faixa_Etaria: ""(vazio)"", Faixa_Etaria: ""(vazio)""";"Proposta sem discriminação de faixas etárias; cálculo baseado apenas no total de vidas consolidado";"Manter vazio; cadastrar faixas somente se fornecidas formalmente pelo corretor"
"217";"Conselho Regional de Farmacia do Estado da Bahia Conselho Regional de Farmacia do Estado da Bahia";"Faixas Etárias Vazias";"Qnt_Faixa_Etaria: ""(vazio)"", Faixa_Etaria: ""(vazio)""";"Proposta sem discriminação de faixas etárias; cálculo baseado apenas no total de vidas consolidado";"Manter vazio; cadastrar faixas somente se fornecidas formalmente pelo corretor"
"218";"Diagson Diagnostico em Ultra Sonografia Med Fetal LTDA";"Faixas Etárias Vazias";"Qnt_Faixa_Etaria: ""(vazio)"", Faixa_Etaria: ""(vazio)""";"Proposta sem discriminação de faixas etárias; cálculo baseado apenas no total de vidas consolidado";"Manter vazio; cadastrar faixas somente se fornecidas formalmente pelo corretor"
"219";"GUABI NUTRICAO E SAUDE ANIMAL LTDA";"Faixas Etárias Vazias";"Qnt_Faixa_Etaria: ""(vazio)"", Faixa_Etaria: ""(vazio)""";"Proposta sem discriminação de faixas etárias; cálculo baseado apenas no total de vidas consolidado";"Manter vazio; cadastrar faixas somente se fornecidas formalmente pelo corretor"
"220";"Monte Libano";"Faixas Etárias Vazias";"Qnt_Faixa_Etaria: ""(vazio)"", Faixa_Etaria: ""(vazio)""";"Proposta sem discriminação de faixas etárias; cálculo baseado apenas no total de vidas consolidado";"Manter vazio; cadastrar faixas somente se fornecidas formalmente pelo corretor"
"221";"ASSOCIACAO COMERCIAL E INDUSTRIAL DE SAO FELIPE";"Faixas Etárias Vazias";"Qnt_Faixa_Etaria: ""(vazio)"", Faixa_Etaria: ""(vazio)""";"Proposta sem discriminação de faixas etárias; cálculo baseado apenas no total de vidas consolidado";"Manter vazio; cadastrar faixas somente se fornecidas formalmente pelo corretor"
"224";"FERREIRA COSTA & CIA LTDA";"Faixas Etárias Vazias";"Qnt_Faixa_Etaria: ""(vazio)"", Faixa_Etaria: ""(vazio)""";"Proposta sem discriminação de faixas etárias; cálculo baseado apenas no total de vidas consolidado";"Manter vazio; cadastrar faixas somente se fornecidas formalmente pelo corretor"
"225";"REDE BRASILEIRA DE DIAGNOSTICOS";"Faixas Etárias Vazias";"Qnt_Faixa_Etaria: ""(vazio)"", Faixa_Etaria: ""(vazio)""";"Proposta sem discriminação de faixas etárias; cálculo baseado apenas no total de vidas consolidado";"Manter vazio; cadastrar faixas somente se fornecidas formalmente pelo corretor"
"226";"AL COMERCIO E ATACADO DE ALIMENTOS LTDA";"Faixas Etárias Vazias";"Qnt_Faixa_Etaria: ""(vazio)"", Faixa_Etaria: ""(vazio)""";"Proposta sem discriminação de faixas etárias; cálculo baseado apenas no total de vidas consolidado";"Manter vazio; cadastrar faixas somente se fornecidas formalmente pelo corretor"
"227";"CSP INDUSTRIA E COMERCIO DE SACOS DE PAPEIS E PLASTICOS LTDA";"Faixas Etárias Vazias";"Qnt_Faixa_Etaria: ""(vazio)"", Faixa_Etaria: ""(vazio)""";"Proposta sem discriminação de faixas etárias; cálculo baseado apenas no total de vidas consolidado";"Manter vazio; cadastrar faixas somente se fornecidas formalmente pelo corretor"
"228";"REFRIAL DISTRIBUIDORA COMERCIAL DE MAQUINAS E PEÇAS LTDA";"Faixas Etárias Vazias";"Qnt_Faixa_Etaria: ""(vazio)"", Faixa_Etaria: ""(vazio)""";"Proposta sem discriminação de faixas etárias; cálculo baseado apenas no total de vidas consolidado";"Manter vazio; cadastrar faixas somente se fornecidas formalmente pelo corretor"
"229";"CASA BMensalidadeINI";"Faixas Etárias Vazias";"Qnt_Faixa_Etaria: ""(vazio)"", Faixa_Etaria: ""(vazio)""";"Proposta sem discriminação de faixas etárias; cálculo baseado apenas no total de vidas consolidado";"Manter vazio; cadastrar faixas somente se fornecidas formalmente pelo corretor"
"230";"LUNA ROSA ITALIAN FOOD LTDA";"Faixas Etárias Vazias";"Qnt_Faixa_Etaria: ""(vazio)"", Faixa_Etaria: ""(vazio)""";"Proposta sem discriminação de faixas etárias; cálculo baseado apenas no total de vidas consolidado";"Manter vazio; cadastrar faixas somente se fornecidas formalmente pelo corretor"
"231";"ABRIGO SALVADOR";"Faixas Etárias Vazias";"Qnt_Faixa_Etaria: ""(vazio)"", Faixa_Etaria: ""(vazio)""";"Proposta sem discriminação de faixas etárias; cálculo baseado apenas no total de vidas consolidado";"Manter vazio; cadastrar faixas somente se fornecidas formalmente pelo corretor"
"232";"SAGA FACILITIES SERVICOS DE MANUTENCAO DE EQUIPAMENTOS LTDA";"Faixas Etárias Vazias";"Qnt_Faixa_Etaria: ""(vazio)"", Faixa_Etaria: ""(vazio)""";"Proposta sem discriminação de faixas etárias; cálculo baseado apenas no total de vidas consolidado";"Manter vazio; cadastrar faixas somente se fornecidas formalmente pelo corretor"
"233";"MANTECON MATERIAL DE CONSTRUCAO LTDA";"Faixas Etárias Vazias";"Qnt_Faixa_Etaria: ""(vazio)"", Faixa_Etaria: ""(vazio)""";"Proposta sem discriminação de faixas etárias; cálculo baseado apenas no total de vidas consolidado";"Manter vazio; cadastrar faixas somente se fornecidas formalmente pelo corretor"
"234";"MATRIZ LEGACY";"Faixas Etárias Vazias";"Qnt_Faixa_Etaria: ""(vazio)"", Faixa_Etaria: ""(vazio)""";"Proposta sem discriminação de faixas etárias; cálculo baseado apenas no total de vidas consolidado";"Manter vazio; cadastrar faixas somente se fornecidas formalmente pelo corretor"
"239";"STAUMMAQ SERVIÇOS TÉCNICOS AUTOMAÇÃO MOTORES E MÁQUINAS LTDA / ELÉTRICA MOTORES COMERCIAL LTDA";"Faixas Etárias Vazias";"Qnt_Faixa_Etaria: ""(vazio)"", Faixa_Etaria: ""(vazio)""";"Proposta sem discriminação de faixas etárias; cálculo baseado apenas no total de vidas consolidado";"Manter vazio; cadastrar faixas somente se fornecidas formalmente pelo corretor"
"240";"PROMAM COMERCIO SERVICOS LTDA ME";"Faixas Etárias Vazias";"Qnt_Faixa_Etaria: ""(vazio)"", Faixa_Etaria: ""(vazio)""";"Proposta sem discriminação de faixas etárias; cálculo baseado apenas no total de vidas consolidado";"Manter vazio; cadastrar faixas somente se fornecidas formalmente pelo corretor"
"241";"REDE BRASILEIRA DE DIAGNOSTICOS";"Faixas Etárias Vazias";"Qnt_Faixa_Etaria: ""(vazio)"", Faixa_Etaria: ""(vazio)""";"Proposta sem discriminação de faixas etárias; cálculo baseado apenas no total de vidas consolidado";"Manter vazio; cadastrar faixas somente se fornecidas formalmente pelo corretor"
"242";"CORPVS - CORPO DE VIGILANTES PARTICULARES LTDA";"Faixas Etárias Vazias";"Qnt_Faixa_Etaria: ""(vazio)"", Faixa_Etaria: ""(vazio)""";"Proposta sem discriminação de faixas etárias; cálculo baseado apenas no total de vidas consolidado";"Manter vazio; cadastrar faixas somente se fornecidas formalmente pelo corretor"
"243";"ABADEF-ASSOCIAÇÃO BAIANA DE DEFICIENTES FISICOs";"Faixas Etárias Vazias";"Qnt_Faixa_Etaria: ""(vazio)"", Faixa_Etaria: ""(vazio)""";"Proposta sem discriminação de faixas etárias; cálculo baseado apenas no total de vidas consolidado";"Manter vazio; cadastrar faixas somente se fornecidas formalmente pelo corretor"
"244";"LPATSA ALIMENTACAO E TERCEIRIZACAO DE SERVICOS ADMINISTRATIVOS LTDA";"Faixas Etárias Vazias";"Qnt_Faixa_Etaria: ""(vazio)"", Faixa_Etaria: ""(vazio)""";"Proposta sem discriminação de faixas etárias; cálculo baseado apenas no total de vidas consolidado";"Manter vazio; cadastrar faixas somente se fornecidas formalmente pelo corretor"
"245";"BARATEADO DISTRIBUIDORA E COMERCIO ONLINE";"Faixas Etárias Vazias";"Qnt_Faixa_Etaria: ""(vazio)"", Faixa_Etaria: ""(vazio)""";"Proposta sem discriminação de faixas etárias; cálculo baseado apenas no total de vidas consolidado";"Manter vazio; cadastrar faixas somente se fornecidas formalmente pelo corretor"
"248";"PARCEIRO SEGURANCA LTDA";"Faixas Etárias Vazias";"Qnt_Faixa_Etaria: ""(vazio)"", Faixa_Etaria: ""(vazio)""";"Proposta sem discriminação de faixas etárias; cálculo baseado apenas no total de vidas consolidado";"Manter vazio; cadastrar faixas somente se fornecidas formalmente pelo corretor"
"249";"PRIME LOG SERVIÇOS E LOGISTICA LTDA";"Faixas Etárias Vazias";"Qnt_Faixa_Etaria: ""(vazio)"", Faixa_Etaria: ""(vazio)""";"Proposta sem discriminação de faixas etárias; cálculo baseado apenas no total de vidas consolidado";"Manter vazio; cadastrar faixas somente se fornecidas formalmente pelo corretor"
"250";"IPLASA INDUSTRIA DE PLASTICOS SALVADOR LTDA";"Faixas Etárias Vazias";"Qnt_Faixa_Etaria: ""(vazio)"", Faixa_Etaria: ""(vazio)""";"Proposta sem discriminação de faixas etárias; cálculo baseado apenas no total de vidas consolidado";"Manter vazio; cadastrar faixas somente se fornecidas formalmente pelo corretor"
"251";"DIVEPE AUTOMOVEIS LTDA";"Faixas Etárias Vazias";"Qnt_Faixa_Etaria: ""(vazio)"", Faixa_Etaria: ""(vazio)""";"Proposta sem discriminação de faixas etárias; cálculo baseado apenas no total de vidas consolidado";"Manter vazio; cadastrar faixas somente se fornecidas formalmente pelo corretor"
"252";"TRANSLIX LOGISTICA MensalidadeIENTAL LTDA";"Faixas Etárias Vazias";"Qnt_Faixa_Etaria: ""(vazio)"", Faixa_Etaria: ""(vazio)""";"Proposta sem discriminação de faixas etárias; cálculo baseado apenas no total de vidas consolidado";"Manter vazio; cadastrar faixas somente se fornecidas formalmente pelo corretor"
"253";"CONCEPT - ON RENTAL l CONCEPT - ON";"Faixas Etárias Vazias";"Qnt_Faixa_Etaria: ""(vazio)"", Faixa_Etaria: ""(vazio)""";"Proposta sem discriminação de faixas etárias; cálculo baseado apenas no total de vidas consolidado";"Manter vazio; cadastrar faixas somente se fornecidas formalmente pelo corretor"
"254";"LUNA ROSA ITALIAN FOOD LTDA";"Faixas Etárias Vazias";"Qnt_Faixa_Etaria: ""(vazio)"", Faixa_Etaria: ""(vazio)""";"Proposta sem discriminação de faixas etárias; cálculo baseado apenas no total de vidas consolidado";"Manter vazio; cadastrar faixas somente se fornecidas formalmente pelo corretor"
"255";"RESTAURANTE KAM SUSHI LTDA";"Faixas Etárias Vazias";"Qnt_Faixa_Etaria: ""(vazio)"", Faixa_Etaria: ""(vazio)""";"Proposta sem discriminação de faixas etárias; cálculo baseado apenas no total de vidas consolidado";"Manter vazio; cadastrar faixas somente se fornecidas formalmente pelo corretor"
"256";"KANDANGO CATEDRAL";"Faixas Etárias Vazias";"Qnt_Faixa_Etaria: ""(vazio)"", Faixa_Etaria: ""(vazio)""";"Proposta sem discriminação de faixas etárias; cálculo baseado apenas no total de vidas consolidado";"Manter vazio; cadastrar faixas somente se fornecidas formalmente pelo corretor"
"257";"WD CONSTRUÇÃO DE MONTAGEM LTDA";"Faixas Etárias Vazias";"Qnt_Faixa_Etaria: ""(vazio)"", Faixa_Etaria: ""(vazio)""";"Proposta sem discriminação de faixas etárias; cálculo baseado apenas no total de vidas consolidado";"Manter vazio; cadastrar faixas somente se fornecidas formalmente pelo corretor"
"258";"TRANSPOLO";"Faixas Etárias Vazias";"Qnt_Faixa_Etaria: ""(vazio)"", Faixa_Etaria: ""(vazio)""";"Proposta sem discriminação de faixas etárias; cálculo baseado apenas no total de vidas consolidado";"Manter vazio; cadastrar faixas somente se fornecidas formalmente pelo corretor"
"259";"MASTER SERVICO DE ESCRITORIO DE ADMNISTRACAO LTDA";"Faixas Etárias Vazias";"Qnt_Faixa_Etaria: ""(vazio)"", Faixa_Etaria: ""(vazio)""";"Proposta sem discriminação de faixas etárias; cálculo baseado apenas no total de vidas consolidado";"Manter vazio; cadastrar faixas somente se fornecidas formalmente pelo corretor"
"260";"ARQTEC ENGENHARIA LTDA";"Faixas Etárias Vazias";"Qnt_Faixa_Etaria: ""(vazio)"", Faixa_Etaria: ""(vazio)""";"Proposta sem discriminação de faixas etárias; cálculo baseado apenas no total de vidas consolidado";"Manter vazio; cadastrar faixas somente se fornecidas formalmente pelo corretor"
"261";"UEHARA APOIO ADMNISTRATIVO LTDA";"Faixas Etárias Vazias";"Qnt_Faixa_Etaria: ""(vazio)"", Faixa_Etaria: ""(vazio)""";"Proposta sem discriminação de faixas etárias; cálculo baseado apenas no total de vidas consolidado";"Manter vazio; cadastrar faixas somente se fornecidas formalmente pelo corretor"
"262";"IPM INDUSTRIA DE PRODUTOS METALURGICOS LTDA";"Faixas Etárias Vazias";"Qnt_Faixa_Etaria: ""(vazio)"", Faixa_Etaria: ""(vazio)""";"Proposta sem discriminação de faixas etárias; cálculo baseado apenas no total de vidas consolidado";"Manter vazio; cadastrar faixas somente se fornecidas formalmente pelo corretor"
"263";"BMF ENGENHARIA";"Faixas Etárias Vazias";"Qnt_Faixa_Etaria: ""(vazio)"", Faixa_Etaria: ""(vazio)""";"Proposta sem discriminação de faixas etárias; cálculo baseado apenas no total de vidas consolidado";"Manter vazio; cadastrar faixas somente se fornecidas formalmente pelo corretor"
"264";"SINDICATO DOS TRABALHADORES EM EMPRESAS DE TRANSPORTE METROVIARIOS E CONEXOS DO ESTADO DE PERNMensalidadeUCO";"Faixas Etárias Vazias";"Qnt_Faixa_Etaria: ""(vazio)"", Faixa_Etaria: ""(vazio)""";"Proposta sem discriminação de faixas etárias; cálculo baseado apenas no total de vidas consolidado";"Manter vazio; cadastrar faixas somente se fornecidas formalmente pelo corretor"
"265";"LABI EXAMES S/A";"Faixas Etárias Vazias";"Qnt_Faixa_Etaria: ""(vazio)"", Faixa_Etaria: ""(vazio)""";"Proposta sem discriminação de faixas etárias; cálculo baseado apenas no total de vidas consolidado";"Manter vazio; cadastrar faixas somente se fornecidas formalmente pelo corretor"
"266";"R CRUZ SUPERMERCADO LTDA";"Faixas Etárias Vazias";"Qnt_Faixa_Etaria: ""(vazio)"", Faixa_Etaria: ""(vazio)""";"Proposta sem discriminação de faixas etárias; cálculo baseado apenas no total de vidas consolidado";"Manter vazio; cadastrar faixas somente se fornecidas formalmente pelo corretor"
"268";"ASSOCIACAO DE PROTECAO A MATERNIDADE E INFANCIA UBAIRA";"Faixas Etárias Vazias";"Qnt_Faixa_Etaria: ""(vazio)"", Faixa_Etaria: ""(vazio)""";"Proposta sem discriminação de faixas etárias; cálculo baseado apenas no total de vidas consolidado";"Manter vazio; cadastrar faixas somente se fornecidas formalmente pelo corretor"
"269";"RPL ENGENHARIA E SERVICOS";"Faixas Etárias Vazias";"Qnt_Faixa_Etaria: ""(vazio)"", Faixa_Etaria: ""(vazio)""";"Proposta sem discriminação de faixas etárias; cálculo baseado apenas no total de vidas consolidado";"Manter vazio; cadastrar faixas somente se fornecidas formalmente pelo corretor"
"270";"NORDE SERVICOS DE ESCRITORIO LTDA";"Faixas Etárias Vazias";"Qnt_Faixa_Etaria: ""(vazio)"", Faixa_Etaria: ""(vazio)""";"Proposta sem discriminação de faixas etárias; cálculo baseado apenas no total de vidas consolidado";"Manter vazio; cadastrar faixas somente se fornecidas formalmente pelo corretor"
"271";"PLANTAO SERVICO DE TELECOMUNICACAO LTDA";"Faixas Etárias Vazias";"Qnt_Faixa_Etaria: ""(vazio)"", Faixa_Etaria: ""(vazio)""";"Proposta sem discriminação de faixas etárias; cálculo baseado apenas no total de vidas consolidado";"Manter vazio; cadastrar faixas somente se fornecidas formalmente pelo corretor"
"273";"CEMITERIO E CREMATORIO SAO PAULO";"Faixas Etárias Vazias";"Qnt_Faixa_Etaria: ""(vazio)"", Faixa_Etaria: ""(vazio)""";"Proposta sem discriminação de faixas etárias; cálculo baseado apenas no total de vidas consolidado";"Manter vazio; cadastrar faixas somente se fornecidas formalmente pelo corretor"
"274";"ZARA ALIMENTACAO LTDA";"Faixas Etárias Vazias";"Qnt_Faixa_Etaria: ""(vazio)"", Faixa_Etaria: ""(vazio)""";"Proposta sem discriminação de faixas etárias; cálculo baseado apenas no total de vidas consolidado";"Manter vazio; cadastrar faixas somente se fornecidas formalmente pelo corretor"
"275";"LAVOURA E PECUARIA IGARASHI LTDA EM RECUPERACAO JUDICIAL";"Faixas Etárias Vazias";"Qnt_Faixa_Etaria: ""(vazio)"", Faixa_Etaria: ""(vazio)""";"Proposta sem discriminação de faixas etárias; cálculo baseado apenas no total de vidas consolidado";"Manter vazio; cadastrar faixas somente se fornecidas formalmente pelo corretor"
"276";"CONSORCIO JBR/ ASTEP SUPERVISAO DNIT/PE";"Faixas Etárias Vazias";"Qnt_Faixa_Etaria: ""(vazio)"", Faixa_Etaria: ""(vazio)""";"Proposta sem discriminação de faixas etárias; cálculo baseado apenas no total de vidas consolidado";"Manter vazio; cadastrar faixas somente se fornecidas formalmente pelo corretor"
"277";"ALESSANDRA CALADO PINHO PESSOA";"Faixas Etárias Vazias";"Qnt_Faixa_Etaria: ""(vazio)"", Faixa_Etaria: ""(vazio)""";"Proposta sem discriminação de faixas etárias; cálculo baseado apenas no total de vidas consolidado";"Manter vazio; cadastrar faixas somente se fornecidas formalmente pelo corretor"
"278";"GENERAL GOODS";"Faixas Etárias Vazias";"Qnt_Faixa_Etaria: ""(vazio)"", Faixa_Etaria: ""(vazio)""";"Proposta sem discriminação de faixas etárias; cálculo baseado apenas no total de vidas consolidado";"Manter vazio; cadastrar faixas somente se fornecidas formalmente pelo corretor"
"280";"UHT INVESTIMENTOS PARTICIPACOES E EMPREENDIMENTOS LTDA";"Faixas Etárias Vazias";"Qnt_Faixa_Etaria: ""(vazio)"", Faixa_Etaria: ""(vazio)""";"Proposta sem discriminação de faixas etárias; cálculo baseado apenas no total de vidas consolidado";"Manter vazio; cadastrar faixas somente se fornecidas formalmente pelo corretor"
"281";"CMT INDUSTRIA E COMERCIO DE MOVEIS";"Faixas Etárias Vazias";"Qnt_Faixa_Etaria: ""(vazio)"", Faixa_Etaria: ""(vazio)""";"Proposta sem discriminação de faixas etárias; cálculo baseado apenas no total de vidas consolidado";"Manter vazio; cadastrar faixas somente se fornecidas formalmente pelo corretor"
"282";"MAX SERVICOS ASSESORIA EMPRESARIAL";"Faixas Etárias Vazias";"Qnt_Faixa_Etaria: ""(vazio)"", Faixa_Etaria: ""(vazio)""";"Proposta sem discriminação de faixas etárias; cálculo baseado apenas no total de vidas consolidado";"Manter vazio; cadastrar faixas somente se fornecidas formalmente pelo corretor"
"283";"CLINIPAR SEVICOS MEDICOS LTDA";"Faixas Etárias Vazias";"Qnt_Faixa_Etaria: ""(vazio)"", Faixa_Etaria: ""(vazio)""";"Proposta sem discriminação de faixas etárias; cálculo baseado apenas no total de vidas consolidado";"Manter vazio; cadastrar faixas somente se fornecidas formalmente pelo corretor"
"284";"WORLD SIGN COMERCIO LTDA";"Faixas Etárias Vazias";"Qnt_Faixa_Etaria: ""(vazio)"", Faixa_Etaria: ""(vazio)""";"Proposta sem discriminação de faixas etárias; cálculo baseado apenas no total de vidas consolidado";"Manter vazio; cadastrar faixas somente se fornecidas formalmente pelo corretor"
"285";"SINDICATO DOS ESTIVADORES NOS PORTOS DO ESTADO DE PERNMensalidadeUCO";"Faixas Etárias Vazias";"Qnt_Faixa_Etaria: ""(vazio)"", Faixa_Etaria: ""(vazio)""";"Proposta sem discriminação de faixas etárias; cálculo baseado apenas no total de vidas consolidado";"Manter vazio; cadastrar faixas somente se fornecidas formalmente pelo corretor"
"286";"CH MINERAÇÃO E COMERCIO DE MINERIOS LTDA";"Faixas Etárias Vazias";"Qnt_Faixa_Etaria: ""(vazio)"", Faixa_Etaria: ""(vazio)""";"Proposta sem discriminação de faixas etárias; cálculo baseado apenas no total de vidas consolidado";"Manter vazio; cadastrar faixas somente se fornecidas formalmente pelo corretor"
"287";"CONDOMINIO PATIO JARDINS";"Faixas Etárias Vazias";"Qnt_Faixa_Etaria: ""(vazio)"", Faixa_Etaria: ""(vazio)""";"Proposta sem discriminação de faixas etárias; cálculo baseado apenas no total de vidas consolidado";"Manter vazio; cadastrar faixas somente se fornecidas formalmente pelo corretor"
"288";"NMS SERVICOS LTDA";"Faixas Etárias Vazias";"Qnt_Faixa_Etaria: ""(vazio)"", Faixa_Etaria: ""(vazio)""";"Proposta sem discriminação de faixas etárias; cálculo baseado apenas no total de vidas consolidado";"Manter vazio; cadastrar faixas somente se fornecidas formalmente pelo corretor"
"289";"PRIME CONECT LTDA";"Faixas Etárias Vazias";"Qnt_Faixa_Etaria: ""(vazio)"", Faixa_Etaria: ""(vazio)""";"Proposta sem discriminação de faixas etárias; cálculo baseado apenas no total de vidas consolidado";"Manter vazio; cadastrar faixas somente se fornecidas formalmente pelo corretor"
"290";"TEBY PLASTICOS E FERRAMENTAS LTDA";"Faixas Etárias Vazias";"Qnt_Faixa_Etaria: ""(vazio)"", Faixa_Etaria: ""(vazio)""";"Proposta sem discriminação de faixas etárias; cálculo baseado apenas no total de vidas consolidado";"Manter vazio; cadastrar faixas somente se fornecidas formalmente pelo corretor"
"291";"VT ACADEMIA/ VB QUADRAMARES/ VB INTERMARES";"Faixas Etárias Vazias";"Qnt_Faixa_Etaria: ""(vazio)"", Faixa_Etaria: ""(vazio)""";"Proposta sem discriminação de faixas etárias; cálculo baseado apenas no total de vidas consolidado";"Manter vazio; cadastrar faixas somente se fornecidas formalmente pelo corretor"
"293";"NPE SERVICE MANUTENCAO E MONTAGEM S.A";"Faixas Etárias Vazias";"Qnt_Faixa_Etaria: ""(vazio)"", Faixa_Etaria: ""(vazio)""";"Proposta sem discriminação de faixas etárias; cálculo baseado apenas no total de vidas consolidado";"Manter vazio; cadastrar faixas somente se fornecidas formalmente pelo corretor"
"294";"UBA USINA DE BENEFICIAMENTO MensalidadeIENTAL LTDA / ATREVIDA SOLUCOES EM";"Faixas Etárias Vazias";"Qnt_Faixa_Etaria: ""(vazio)"", Faixa_Etaria: ""(vazio)""";"Proposta sem discriminação de faixas etárias; cálculo baseado apenas no total de vidas consolidado";"Manter vazio; cadastrar faixas somente se fornecidas formalmente pelo corretor"
"295";"DUE EMPREENDIMENTOS IMOBILIARIOS LTDA";"Faixas Etárias Vazias";"Qnt_Faixa_Etaria: ""(vazio)"", Faixa_Etaria: ""(vazio)""";"Proposta sem discriminação de faixas etárias; cálculo baseado apenas no total de vidas consolidado";"Manter vazio; cadastrar faixas somente se fornecidas formalmente pelo corretor"
"300";"RIZOMA ENGENHARIA PAISAGISMO E SERVICOS LTDA";"Faixas Etárias Vazias";"Qnt_Faixa_Etaria: ""(vazio)"", Faixa_Etaria: ""(vazio)""";"Proposta sem discriminação de faixas etárias; cálculo baseado apenas no total de vidas consolidado";"Manter vazio; cadastrar faixas somente se fornecidas formalmente pelo corretor"
"301";"INDUSTRIA DE BEBIDAS SAO MIGUEL LTDA";"Faixas Etárias Vazias";"Qnt_Faixa_Etaria: ""(vazio)"", Faixa_Etaria: ""(vazio)""";"Proposta sem discriminação de faixas etárias; cálculo baseado apenas no total de vidas consolidado";"Manter vazio; cadastrar faixas somente se fornecidas formalmente pelo corretor"
"303";"MINERAL MINERIOS DA BAHIA LTDA";"Faixas Etárias Vazias";"Qnt_Faixa_Etaria: ""(vazio)"", Faixa_Etaria: ""(vazio)""";"Proposta sem discriminação de faixas etárias; cálculo baseado apenas no total de vidas consolidado";"Manter vazio; cadastrar faixas somente se fornecidas formalmente pelo corretor"
"304";"GRUPO TOKAI";"Faixas Etárias Vazias";"Qnt_Faixa_Etaria: ""(vazio)"", Faixa_Etaria: ""(vazio)""";"Proposta sem discriminação de faixas etárias; cálculo baseado apenas no total de vidas consolidado";"Manter vazio; cadastrar faixas somente se fornecidas formalmente pelo corretor"
"307";"GOTEMBURGO VEICULOS LTDA";"Faixas Etárias Vazias";"Qnt_Faixa_Etaria: ""(vazio)"", Faixa_Etaria: ""(vazio)""";"Proposta sem discriminação de faixas etárias; cálculo baseado apenas no total de vidas consolidado";"Manter vazio; cadastrar faixas somente se fornecidas formalmente pelo corretor"
"308";"CH MINERAÇÃO E COMERCIO DE MINERIOS LTDA";"Faixas Etárias Vazias";"Qnt_Faixa_Etaria: ""(vazio)"", Faixa_Etaria: ""(vazio)""";"Proposta sem discriminação de faixas etárias; cálculo baseado apenas no total de vidas consolidado";"Manter vazio; cadastrar faixas somente se fornecidas formalmente pelo corretor"
"309";"AGRO INDUSTRIAIS DO VALE DO SÃO FRANCISCO S/A AGROVALE";"Faixas Etárias Vazias";"Qnt_Faixa_Etaria: ""(vazio)"", Faixa_Etaria: ""(vazio)""";"Proposta sem discriminação de faixas etárias; cálculo baseado apenas no total de vidas consolidado";"Manter vazio; cadastrar faixas somente se fornecidas formalmente pelo corretor"
"310";"AGRO INDUSTRIAIS DO VALE DO SÃO FRANCISCO S/A AGROVALE";"Faixas Etárias Vazias";"Qnt_Faixa_Etaria: ""(vazio)"", Faixa_Etaria: ""(vazio)""";"Proposta sem discriminação de faixas etárias; cálculo baseado apenas no total de vidas consolidado";"Manter vazio; cadastrar faixas somente se fornecidas formalmente pelo corretor"
"311";"BOTEQUIM SÃO PAULO";"Faixas Etárias Vazias";"Qnt_Faixa_Etaria: ""(vazio)"", Faixa_Etaria: ""(vazio)""";"Proposta sem discriminação de faixas etárias; cálculo baseado apenas no total de vidas consolidado";"Manter vazio; cadastrar faixas somente se fornecidas formalmente pelo corretor"
"312";"VAZ EXPRESS LTDA ( DOCELANDIA)";"Faixas Etárias Vazias";"Qnt_Faixa_Etaria: ""(vazio)"", Faixa_Etaria: ""(vazio)""";"Proposta sem discriminação de faixas etárias; cálculo baseado apenas no total de vidas consolidado";"Manter vazio; cadastrar faixas somente se fornecidas formalmente pelo corretor"
"313";"ITAYA ENGENHARIA CONSTRUCAO E MANUTENCAO LTDA";"Faixas Etárias Vazias";"Qnt_Faixa_Etaria: ""(vazio)"", Faixa_Etaria: ""(vazio)""";"Proposta sem discriminação de faixas etárias; cálculo baseado apenas no total de vidas consolidado";"Manter vazio; cadastrar faixas somente se fornecidas formalmente pelo corretor"
"314";"YACHT CLUBE DA BAHIA";"Faixas Etárias Vazias";"Qnt_Faixa_Etaria: ""(vazio)"", Faixa_Etaria: ""(vazio)""";"Proposta sem discriminação de faixas etárias; cálculo baseado apenas no total de vidas consolidado";"Manter vazio; cadastrar faixas somente se fornecidas formalmente pelo corretor"
"315";"REISTAR INDUSTRIA E COMERCIO DE ELETRONICOS LTDA";"Faixas Etárias Vazias";"Qnt_Faixa_Etaria: ""(vazio)"", Faixa_Etaria: ""(vazio)""";"Proposta sem discriminação de faixas etárias; cálculo baseado apenas no total de vidas consolidado";"Manter vazio; cadastrar faixas somente se fornecidas formalmente pelo corretor"
"316";"DERALDO RIOS";"Faixas Etárias Vazias";"Qnt_Faixa_Etaria: ""(vazio)"", Faixa_Etaria: ""(vazio)""";"Proposta sem discriminação de faixas etárias; cálculo baseado apenas no total de vidas consolidado";"Manter vazio; cadastrar faixas somente se fornecidas formalmente pelo corretor"
"318";"MEMORIATEC INTELIGENCIA DOCUMENTAL LTDA";"Faixas Etárias Vazias";"Qnt_Faixa_Etaria: ""(vazio)"", Faixa_Etaria: ""(vazio)""";"Proposta sem discriminação de faixas etárias; cálculo baseado apenas no total de vidas consolidado";"Manter vazio; cadastrar faixas somente se fornecidas formalmente pelo corretor"
"319";"MACAM COMERCIO IMP E EXP DE ALIMENTOS LTDA";"Faixas Etárias Vazias";"Qnt_Faixa_Etaria: ""(vazio)"", Faixa_Etaria: ""(vazio)""";"Proposta sem discriminação de faixas etárias; cálculo baseado apenas no total de vidas consolidado";"Manter vazio; cadastrar faixas somente se fornecidas formalmente pelo corretor"
"320";"PARANAPANEMA S/A";"Faixas Etárias Vazias";"Qnt_Faixa_Etaria: ""(vazio)"", Faixa_Etaria: ""(vazio)""";"Proposta sem discriminação de faixas etárias; cálculo baseado apenas no total de vidas consolidado";"Manter vazio; cadastrar faixas somente se fornecidas formalmente pelo corretor"
"322";"ARMADA REAL SEGURANÇA PATRIMONIAL LTDA";"Faixas Etárias Vazias";"Qnt_Faixa_Etaria: ""(vazio)"", Faixa_Etaria: ""(vazio)""";"Proposta sem discriminação de faixas etárias; cálculo baseado apenas no total de vidas consolidado";"Manter vazio; cadastrar faixas somente se fornecidas formalmente pelo corretor"
"323";"PENHA PAPEIS";"Faixas Etárias Vazias";"Qnt_Faixa_Etaria: ""(vazio)"", Faixa_Etaria: ""(vazio)""";"Proposta sem discriminação de faixas etárias; cálculo baseado apenas no total de vidas consolidado";"Manter vazio; cadastrar faixas somente se fornecidas formalmente pelo corretor"
"324";"ROSSET ARTES GRAFICAS E EDITORA S.A";"Faixas Etárias Vazias";"Qnt_Faixa_Etaria: ""(vazio)"", Faixa_Etaria: ""(vazio)""";"Proposta sem discriminação de faixas etárias; cálculo baseado apenas no total de vidas consolidado";"Manter vazio; cadastrar faixas somente se fornecidas formalmente pelo corretor"
"325";"UNICA SOROCABA VIGILANCIA E SEGUROS";"Faixas Etárias Vazias";"Qnt_Faixa_Etaria: ""(vazio)"", Faixa_Etaria: ""(vazio)""";"Proposta sem discriminação de faixas etárias; cálculo baseado apenas no total de vidas consolidado";"Manter vazio; cadastrar faixas somente se fornecidas formalmente pelo corretor"
"326";"RF ATACADO DE ALIMENTOS";"Faixas Etárias Vazias";"Qnt_Faixa_Etaria: ""(vazio)"", Faixa_Etaria: ""(vazio)""";"Proposta sem discriminação de faixas etárias; cálculo baseado apenas no total de vidas consolidado";"Manter vazio; cadastrar faixas somente se fornecidas formalmente pelo corretor"
"329";"KATIA CILENE CARNEIRO DE OLIVEIRA";"Faixas Etárias Vazias";"Qnt_Faixa_Etaria: ""(vazio)"", Faixa_Etaria: ""(vazio)""";"Proposta sem discriminação de faixas etárias; cálculo baseado apenas no total de vidas consolidado";"Manter vazio; cadastrar faixas somente se fornecidas formalmente pelo corretor"
"330";"SPEEDMAIS SOLUCOES LTDA";"Faixas Etárias Vazias";"Qnt_Faixa_Etaria: ""(vazio)"", Faixa_Etaria: ""(vazio)""";"Proposta sem discriminação de faixas etárias; cálculo baseado apenas no total de vidas consolidado";"Manter vazio; cadastrar faixas somente se fornecidas formalmente pelo corretor"
"331";"FAST SHOP S.A";"Faixas Etárias Vazias";"Qnt_Faixa_Etaria: ""(vazio)"", Faixa_Etaria: ""(vazio)""";"Proposta sem discriminação de faixas etárias; cálculo baseado apenas no total de vidas consolidado";"Manter vazio; cadastrar faixas somente se fornecidas formalmente pelo corretor"
"332";"STEFANINI CONSULTORIA E ASSESSORIA EM INFORMATICA SA";"Faixas Etárias Vazias";"Qnt_Faixa_Etaria: ""(vazio)"", Faixa_Etaria: ""(vazio)""";"Proposta sem discriminação de faixas etárias; cálculo baseado apenas no total de vidas consolidado";"Manter vazio; cadastrar faixas somente se fornecidas formalmente pelo corretor"
"335";"NUTRISERVICE REFEICOES COLETIVAS LTDA";"Faixas Etárias Vazias";"Qnt_Faixa_Etaria: ""(vazio)"", Faixa_Etaria: ""(vazio)""";"Proposta sem discriminação de faixas etárias; cálculo baseado apenas no total de vidas consolidado";"Manter vazio; cadastrar faixas somente se fornecidas formalmente pelo corretor"
"336";"SINTRACARGAS PE- SIND DOS TRAB EM TRANSP ROD CARGA DO RECIFE E DA";"Faixas Etárias Vazias";"Qnt_Faixa_Etaria: ""(vazio)"", Faixa_Etaria: ""(vazio)""";"Proposta sem discriminação de faixas etárias; cálculo baseado apenas no total de vidas consolidado";"Manter vazio; cadastrar faixas somente se fornecidas formalmente pelo corretor"
"337";"SIND EMP ENT CULT RECR ASSIS SOC ORIEN FORM PROF EST PE";"Faixas Etárias Vazias";"Qnt_Faixa_Etaria: ""(vazio)"", Faixa_Etaria: ""(vazio)""";"Proposta sem discriminação de faixas etárias; cálculo baseado apenas no total de vidas consolidado";"Manter vazio; cadastrar faixas somente se fornecidas formalmente pelo corretor"
"338";"USINA DESIGN INDUSTRIA E COMERCIO DE ILUMINACAO LIMITADA";"Faixas Etárias Vazias";"Qnt_Faixa_Etaria: ""(vazio)"", Faixa_Etaria: ""(vazio)""";"Proposta sem discriminação de faixas etárias; cálculo baseado apenas no total de vidas consolidado";"Manter vazio; cadastrar faixas somente se fornecidas formalmente pelo corretor"
"339";"ALPHA COLOR S/A- ETIQUETAS E ROTULOS";"Faixas Etárias Vazias";"Qnt_Faixa_Etaria: ""(vazio)"", Faixa_Etaria: ""(vazio)""";"Proposta sem discriminação de faixas etárias; cálculo baseado apenas no total de vidas consolidado";"Manter vazio; cadastrar faixas somente se fornecidas formalmente pelo corretor"
"341";"R2M EQUIPAMENTOS PARA CONSTRUÇÃO LTDA";"Faixas Etárias Vazias";"Qnt_Faixa_Etaria: ""(vazio)"", Faixa_Etaria: ""(vazio)""";"Proposta sem discriminação de faixas etárias; cálculo baseado apenas no total de vidas consolidado";"Manter vazio; cadastrar faixas somente se fornecidas formalmente pelo corretor"
"342";"COOPERATIVA DE ECONOMIA E CREDITO MUTUO DOS FUNCIONARIOS DE EDUCAÇÃO E ECONOMIA";"Faixas Etárias Vazias";"Qnt_Faixa_Etaria: ""(vazio)"", Faixa_Etaria: ""(vazio)""";"Proposta sem discriminação de faixas etárias; cálculo baseado apenas no total de vidas consolidado";"Manter vazio; cadastrar faixas somente se fornecidas formalmente pelo corretor"
"345";"CONTERP";"Faixas Etárias Vazias";"Qnt_Faixa_Etaria: ""(vazio)"", Faixa_Etaria: ""(vazio)""";"Proposta sem discriminação de faixas etárias; cálculo baseado apenas no total de vidas consolidado";"Manter vazio; cadastrar faixas somente se fornecidas formalmente pelo corretor"
"347";"GRUPO FALLCON";"Faixas Etárias Vazias";"Qnt_Faixa_Etaria: ""(vazio)"", Faixa_Etaria: ""(vazio)""";"Proposta sem discriminação de faixas etárias; cálculo baseado apenas no total de vidas consolidado";"Manter vazio; cadastrar faixas somente se fornecidas formalmente pelo corretor"
"348";"INDUSTRIA DE BEBIDAS SÃO MIGUEL LTDA";"Faixas Etárias Vazias";"Qnt_Faixa_Etaria: ""(vazio)"", Faixa_Etaria: ""(vazio)""";"Proposta sem discriminação de faixas etárias; cálculo baseado apenas no total de vidas consolidado";"Manter vazio; cadastrar faixas somente se fornecidas formalmente pelo corretor"
"349";"JAPURÁ PNEUS";"Faixas Etárias Vazias";"Qnt_Faixa_Etaria: ""(vazio)"", Faixa_Etaria: ""(vazio)""";"Proposta sem discriminação de faixas etárias; cálculo baseado apenas no total de vidas consolidado";"Manter vazio; cadastrar faixas somente se fornecidas formalmente pelo corretor"
"350";"MADERO INDUSTRIA E COMERCIO S.A.";"Faixas Etárias Vazias";"Qnt_Faixa_Etaria: ""(vazio)"", Faixa_Etaria: ""(vazio)""";"Proposta sem discriminação de faixas etárias; cálculo baseado apenas no total de vidas consolidado";"Manter vazio; cadastrar faixas somente se fornecidas formalmente pelo corretor"
"351";"COMERCIAL DE FERRAGENS SÃO LUIS LTDA";"Faixas Etárias Vazias";"Qnt_Faixa_Etaria: ""(vazio)"", Faixa_Etaria: ""(vazio)""";"Proposta sem discriminação de faixas etárias; cálculo baseado apenas no total de vidas consolidado";"Manter vazio; cadastrar faixas somente se fornecidas formalmente pelo corretor"
"352";"MULTI IMAGEM LTDA";"Faixas Etárias Vazias";"Qnt_Faixa_Etaria: ""(vazio)"", Faixa_Etaria: ""(vazio)""";"Proposta sem discriminação de faixas etárias; cálculo baseado apenas no total de vidas consolidado";"Manter vazio; cadastrar faixas somente se fornecidas formalmente pelo corretor"
"353";"LIMIAR SERVIÇOS DE CARGA E LIMPEZA E PAISAGISTICOS LTDA";"Faixas Etárias Vazias";"Qnt_Faixa_Etaria: ""(vazio)"", Faixa_Etaria: ""(vazio)""";"Proposta sem discriminação de faixas etárias; cálculo baseado apenas no total de vidas consolidado";"Manter vazio; cadastrar faixas somente se fornecidas formalmente pelo corretor"
"354";"PEREIRA FABRICA DE CONFEFCOES LTDA";"Faixas Etárias Vazias";"Qnt_Faixa_Etaria: ""(vazio)"", Faixa_Etaria: ""(vazio)""";"Proposta sem discriminação de faixas etárias; cálculo baseado apenas no total de vidas consolidado";"Manter vazio; cadastrar faixas somente se fornecidas formalmente pelo corretor"
"355";"MAXTEC SERVIÇOS GERAIS";"Faixas Etárias Vazias";"Qnt_Faixa_Etaria: ""(vazio)"", Faixa_Etaria: ""(vazio)""";"Proposta sem discriminação de faixas etárias; cálculo baseado apenas no total de vidas consolidado";"Manter vazio; cadastrar faixas somente se fornecidas formalmente pelo corretor"
"356";"RC NUTRY ALIMENTAÇÃO LTDA";"Faixas Etárias Vazias";"Qnt_Faixa_Etaria: ""(vazio)"", Faixa_Etaria: ""(vazio)""";"Proposta sem discriminação de faixas etárias; cálculo baseado apenas no total de vidas consolidado";"Manter vazio; cadastrar faixas somente se fornecidas formalmente pelo corretor"
"358";"RIA HOTELARIA SUSTENTAVEL LTDA";"Faixas Etárias Vazias";"Qnt_Faixa_Etaria: ""(vazio)"", Faixa_Etaria: ""(vazio)""";"Proposta sem discriminação de faixas etárias; cálculo baseado apenas no total de vidas consolidado";"Manter vazio; cadastrar faixas somente se fornecidas formalmente pelo corretor"
"360";"SB SAUDE";"Faixas Etárias Vazias";"Qnt_Faixa_Etaria: ""(vazio)"", Faixa_Etaria: ""(vazio)""";"Proposta sem discriminação de faixas etárias; cálculo baseado apenas no total de vidas consolidado";"Manter vazio; cadastrar faixas somente se fornecidas formalmente pelo corretor"
"361";"COFEL COMERCIAL DE FERRAGENS CRUZALMENTE LTDA";"Faixas Etárias Vazias";"Qnt_Faixa_Etaria: ""(vazio)"", Faixa_Etaria: ""(vazio)""";"Proposta sem discriminação de faixas etárias; cálculo baseado apenas no total de vidas consolidado";"Manter vazio; cadastrar faixas somente se fornecidas formalmente pelo corretor"
"362";"IJ RIBEIRO CONSTRUÇÃO LTDA";"Faixas Etárias Vazias";"Qnt_Faixa_Etaria: ""(vazio)"", Faixa_Etaria: ""(vazio)""";"Proposta sem discriminação de faixas etárias; cálculo baseado apenas no total de vidas consolidado";"Manter vazio; cadastrar faixas somente se fornecidas formalmente pelo corretor"
"363";"YACHT CLUBE DA BAHIA";"Faixas Etárias Vazias";"Qnt_Faixa_Etaria: ""(vazio)"", Faixa_Etaria: ""(vazio)""";"Proposta sem discriminação de faixas etárias; cálculo baseado apenas no total de vidas consolidado";"Manter vazio; cadastrar faixas somente se fornecidas formalmente pelo corretor"
"365";"BYD AUTO DO BRASIL LTDA";"Faixas Etárias Vazias";"Qnt_Faixa_Etaria: ""(vazio)"", Faixa_Etaria: ""(vazio)""";"Proposta sem discriminação de faixas etárias; cálculo baseado apenas no total de vidas consolidado";"Manter vazio; cadastrar faixas somente se fornecidas formalmente pelo corretor"
"366";"MEM SERVIÇOS DE LIMPEZA E CONSERVAÇAO LTDA";"Faixas Etárias Vazias";"Qnt_Faixa_Etaria: ""(vazio)"", Faixa_Etaria: ""(vazio)""";"Proposta sem discriminação de faixas etárias; cálculo baseado apenas no total de vidas consolidado";"Manter vazio; cadastrar faixas somente se fornecidas formalmente pelo corretor"
"369";"G5 SOLUCOES LOGISTIC E TRANSPORTE LTDA";"Faixas Etárias Vazias";"Qnt_Faixa_Etaria: ""(vazio)"", Faixa_Etaria: ""(vazio)""";"Proposta sem discriminação de faixas etárias; cálculo baseado apenas no total de vidas consolidado";"Manter vazio; cadastrar faixas somente se fornecidas formalmente pelo corretor"
"370";"INFINITY SERVICOS E GESTAO EMPRESARIAL LTDA";"Faixas Etárias Vazias";"Qnt_Faixa_Etaria: ""(vazio)"", Faixa_Etaria: ""(vazio)""";"Proposta sem discriminação de faixas etárias; cálculo baseado apenas no total de vidas consolidado";"Manter vazio; cadastrar faixas somente se fornecidas formalmente pelo corretor"
"371";"DBL INDÚSTRIA E COMERCIO DE BEBIDAS E EMBALAGENS";"Faixas Etárias Vazias";"Qnt_Faixa_Etaria: ""(vazio)"", Faixa_Etaria: ""(vazio)""";"Proposta sem discriminação de faixas etárias; cálculo baseado apenas no total de vidas consolidado";"Manter vazio; cadastrar faixas somente se fornecidas formalmente pelo corretor"
"372";"MULTICRED PROMOTORA DE VENDAS E SERVIÇOS LTDA";"Faixas Etárias Vazias";"Qnt_Faixa_Etaria: ""(vazio)"", Faixa_Etaria: ""(vazio)""";"Proposta sem discriminação de faixas etárias; cálculo baseado apenas no total de vidas consolidado";"Manter vazio; cadastrar faixas somente se fornecidas formalmente pelo corretor"
"375";"NEWCON SERVICOS TECNICOS E MANUTENCAO LTDA";"Faixas Etárias Vazias";"Qnt_Faixa_Etaria: ""(vazio)"", Faixa_Etaria: ""(vazio)""";"Proposta sem discriminação de faixas etárias; cálculo baseado apenas no total de vidas consolidado";"Manter vazio; cadastrar faixas somente se fornecidas formalmente pelo corretor"
"376";"COOTRELUZ COOPERATIVA DE TRANSPORTE DE PASSAGEIROS E ESCOLARES LUZ";"Faixas Etárias Vazias";"Qnt_Faixa_Etaria: ""(vazio)"", Faixa_Etaria: ""(vazio)""";"Proposta sem discriminação de faixas etárias; cálculo baseado apenas no total de vidas consolidado";"Manter vazio; cadastrar faixas somente se fornecidas formalmente pelo corretor"
"377";"MensalidadeIPAR";"Faixas Etárias Vazias";"Qnt_Faixa_Etaria: ""(vazio)"", Faixa_Etaria: ""(vazio)""";"Proposta sem discriminação de faixas etárias; cálculo baseado apenas no total de vidas consolidado";"Manter vazio; cadastrar faixas somente se fornecidas formalmente pelo corretor"
"378";"BOMPLASTIL EMBALAGENS LTDA";"Faixas Etárias Vazias";"Qnt_Faixa_Etaria: ""(vazio)"", Faixa_Etaria: ""(vazio)""";"Proposta sem discriminação de faixas etárias; cálculo baseado apenas no total de vidas consolidado";"Manter vazio; cadastrar faixas somente se fornecidas formalmente pelo corretor"
"381";"MR SAM LTDA";"Faixas Etárias Vazias";"Qnt_Faixa_Etaria: ""(vazio)"", Faixa_Etaria: ""(vazio)""";"Proposta sem discriminação de faixas etárias; cálculo baseado apenas no total de vidas consolidado";"Manter vazio; cadastrar faixas somente se fornecidas formalmente pelo corretor"
"383";"SHOPPER COMERCIO ALIMENTICIO LTDA";"Faixas Etárias Vazias";"Qnt_Faixa_Etaria: ""(vazio)"", Faixa_Etaria: ""(vazio)""";"Proposta sem discriminação de faixas etárias; cálculo baseado apenas no total de vidas consolidado";"Manter vazio; cadastrar faixas somente se fornecidas formalmente pelo corretor"
"187";"INDUSTRIA DE BEBIDAS SAO MIGUEL LTDA";"Seleção Completa de Faixas (47 opções)";"Contém 47 faixas selecionadas no formulário";"Possível seleção genérica no formulário do AppSheet sem distribuição de vidas por faixa";"Preservar texto original; não inferir contagem específica por faixa"
"364";"BIONICA TRANSPORTE E TURISMO MARITIMO REGIONAL LTDA";"Seleção Completa de Faixas (47 opções)";"Contém 47 faixas selecionadas no formulário";"Possível seleção genérica no formulário do AppSheet sem distribuição de vidas por faixa";"Preservar texto original; não inferir contagem específica por faixa"
"367";"OEC";"Seleção Completa de Faixas (47 opções)";"Contém 47 faixas selecionadas no formulário";"Possível seleção genérica no formulário do AppSheet sem distribuição de vidas por faixa";"Preservar texto original; não inferir contagem específica por faixa"
"56c1577d";"ALSA FORT SEGURANÇA LTDA";"Seleção Completa de Faixas (47 opções)";"Contém 47 faixas selecionadas no formulário";"Possível seleção genérica no formulário do AppSheet sem distribuição de vidas por faixa";"Preservar texto original; não inferir contagem específica por faixa"
"7c77cdc8";"FUNDACAO EDUCACIONAL JOAO RAMALHO";"Seleção Completa de Faixas (47 opções)";"Contém 47 faixas selecionadas no formulário";"Possível seleção genérica no formulário do AppSheet sem distribuição de vidas por faixa";"Preservar texto original; não inferir contagem específica por faixa"
"77fddf85";"LV CASTRO ENGENHARIA E INSPECAO INDUSTRIAL EIRELI";"Seleção Completa de Faixas (47 opções)";"Contém 47 faixas selecionadas no formulário";"Possível seleção genérica no formulário do AppSheet sem distribuição de vidas por faixa";"Preservar texto original; não inferir contagem específica por faixa"
"2f10e8b7";"CHEIRO DE PAO";"Seleção Completa de Faixas (47 opções)";"Contém 47 faixas selecionadas no formulário";"Possível seleção genérica no formulário do AppSheet sem distribuição de vidas por faixa";"Preservar texto original; não inferir contagem específica por faixa"
"840ba689";"MITRA DIOSESANA DE CAMPO LIMPO";"Seleção Completa de Faixas (47 opções)";"Contém 47 faixas selecionadas no formulário";"Possível seleção genérica no formulário do AppSheet sem distribuição de vidas por faixa";"Preservar texto original; não inferir contagem específica por faixa"
"e3b34f17";"EDIFICIO MANSÃO PROFESSOR JOSE SILVEIRA";"Seleção Completa de Faixas (47 opções)";"Contém 47 faixas selecionadas no formulário";"Possível seleção genérica no formulário do AppSheet sem distribuição de vidas por faixa";"Preservar texto original; não inferir contagem específica por faixa"
"dd85474f";"ORGUS INDUSTRIA E COMERCIO LTDA";"Seleção Completa de Faixas (47 opções)";"Contém 47 faixas selecionadas no formulário";"Possível seleção genérica no formulário do AppSheet sem distribuição de vidas por faixa";"Preservar texto original; não inferir contagem específica por faixa"
"385";"18.408.431 BRAYAN QUILES PIOVESAN";"Seleção Completa de Faixas (47 opções)";"Contém 47 faixas selecionadas no formulário";"Possível seleção genérica no formulário do AppSheet sem distribuição de vidas por faixa";"Preservar texto original; não inferir contagem específica por faixa"
"386";"21.677.735 MANOELA MENESES GOMES";"Seleção Completa de Faixas (47 opções)";"Contém 47 faixas selecionadas no formulário";"Possível seleção genérica no formulário do AppSheet sem distribuição de vidas por faixa";"Preservar texto original; não inferir contagem específica por faixa"
"387";"23.330.500 LEILA SANTANA DE CARVALHO";"Seleção Completa de Faixas (47 opções)";"Contém 47 faixas selecionadas no formulário";"Possível seleção genérica no formulário do AppSheet sem distribuição de vidas por faixa";"Preservar texto original; não inferir contagem específica por faixa"
"388";"23.424.786 ANA MARIA MORAES DE OLIVEIRA";"Seleção Completa de Faixas (47 opções)";"Contém 47 faixas selecionadas no formulário";"Possível seleção genérica no formulário do AppSheet sem distribuição de vidas por faixa";"Preservar texto original; não inferir contagem específica por faixa"
"389";"23.531.987 MARINA COSTA FERREIRA";"Seleção Completa de Faixas (47 opções)";"Contém 47 faixas selecionadas no formulário";"Possível seleção genérica no formulário do AppSheet sem distribuição de vidas por faixa";"Preservar texto original; não inferir contagem específica por faixa"
"390";"24.234.622 GILMAR DE JESUS MENDES";"Seleção Completa de Faixas (47 opções)";"Contém 47 faixas selecionadas no formulário";"Possível seleção genérica no formulário do AppSheet sem distribuição de vidas por faixa";"Preservar texto original; não inferir contagem específica por faixa"
"391";"26.164.089 JUCEILDO ANTONIO MOREIRA";"Seleção Completa de Faixas (47 opções)";"Contém 47 faixas selecionadas no formulário";"Possível seleção genérica no formulário do AppSheet sem distribuição de vidas por faixa";"Preservar texto original; não inferir contagem específica por faixa"
"392";"27.414.235 DAMIANA RAIMUNDA CASTRO DE PAIVA";"Seleção Completa de Faixas (47 opções)";"Contém 47 faixas selecionadas no formulário";"Possível seleção genérica no formulário do AppSheet sem distribuição de vidas por faixa";"Preservar texto original; não inferir contagem específica por faixa"
"393";"30.490.224 WELLINGTON GOMES CAPISTRANO";"Seleção Completa de Faixas (47 opções)";"Contém 47 faixas selecionadas no formulário";"Possível seleção genérica no formulário do AppSheet sem distribuição de vidas por faixa";"Preservar texto original; não inferir contagem específica por faixa"
"394";"31.554.953 MARCOS VINICIUS SOUZA DE COUTO";"Seleção Completa de Faixas (47 opções)";"Contém 47 faixas selecionadas no formulário";"Possível seleção genérica no formulário do AppSheet sem distribuição de vidas por faixa";"Preservar texto original; não inferir contagem específica por faixa"
"395";"32.635.897 JEFERSON DOS SANTOS MOTA";"Seleção Completa de Faixas (47 opções)";"Contém 47 faixas selecionadas no formulário";"Possível seleção genérica no formulário do AppSheet sem distribuição de vidas por faixa";"Preservar texto original; não inferir contagem específica por faixa"
"396";"32.669.975 AGUINALDO DOS SANTOS";"Seleção Completa de Faixas (47 opções)";"Contém 47 faixas selecionadas no formulário";"Possível seleção genérica no formulário do AppSheet sem distribuição de vidas por faixa";"Preservar texto original; não inferir contagem específica por faixa"
"397";"33.087.470 MALONE DOS SANTOS DA SILVA";"Seleção Completa de Faixas (47 opções)";"Contém 47 faixas selecionadas no formulário";"Possível seleção genérica no formulário do AppSheet sem distribuição de vidas por faixa";"Preservar texto original; não inferir contagem específica por faixa"
"398";"34.025.333 CARLA APARECIDA CANEJO LIMA";"Seleção Completa de Faixas (47 opções)";"Contém 47 faixas selecionadas no formulário";"Possível seleção genérica no formulário do AppSheet sem distribuição de vidas por faixa";"Preservar texto original; não inferir contagem específica por faixa"
"399";"35.474.962 ROGERIO OLIVEIRA DOS SANTOS";"Seleção Completa de Faixas (47 opções)";"Contém 47 faixas selecionadas no formulário";"Possível seleção genérica no formulário do AppSheet sem distribuição de vidas por faixa";"Preservar texto original; não inferir contagem específica por faixa"
"400";"35.795.609 LUSCLEIDE DE CARVALHO";"Seleção Completa de Faixas (47 opções)";"Contém 47 faixas selecionadas no formulário";"Possível seleção genérica no formulário do AppSheet sem distribuição de vidas por faixa";"Preservar texto original; não inferir contagem específica por faixa"
"401";"3G ELETRICIDADE LTDA";"Seleção Completa de Faixas (47 opções)";"Contém 47 faixas selecionadas no formulário";"Possível seleção genérica no formulário do AppSheet sem distribuição de vidas por faixa";"Preservar texto original; não inferir contagem específica por faixa"
"402";"40.740.996 RICARDO ZUPO BERNARDO";"Seleção Completa de Faixas (47 opções)";"Contém 47 faixas selecionadas no formulário";"Possível seleção genérica no formulário do AppSheet sem distribuição de vidas por faixa";"Preservar texto original; não inferir contagem específica por faixa"
"403";"42.962.815 DANILO AMARAL SANTANA";"Seleção Completa de Faixas (47 opções)";"Contém 47 faixas selecionadas no formulário";"Possível seleção genérica no formulário do AppSheet sem distribuição de vidas por faixa";"Preservar texto original; não inferir contagem específica por faixa"
"404";"44.525.892 RILANDIO ALVES DE LIMA NUNES";"Seleção Completa de Faixas (47 opções)";"Contém 47 faixas selecionadas no formulário";"Possível seleção genérica no formulário do AppSheet sem distribuição de vidas por faixa";"Preservar texto original; não inferir contagem específica por faixa"
"405";"44.879.469 JAKELINY ARAUJO DO NASCIMENTO";"Seleção Completa de Faixas (47 opções)";"Contém 47 faixas selecionadas no formulário";"Possível seleção genérica no formulário do AppSheet sem distribuição de vidas por faixa";"Preservar texto original; não inferir contagem específica por faixa"
"406";"44.916.292 JUVENAL NETO RAMAL";"Seleção Completa de Faixas (47 opções)";"Contém 47 faixas selecionadas no formulário";"Possível seleção genérica no formulário do AppSheet sem distribuição de vidas por faixa";"Preservar texto original; não inferir contagem específica por faixa"
"407";"47.724.391 BRUNA MENEGUSSI CRECHI";"Seleção Completa de Faixas (47 opções)";"Contém 47 faixas selecionadas no formulário";"Possível seleção genérica no formulário do AppSheet sem distribuição de vidas por faixa";"Preservar texto original; não inferir contagem específica por faixa"
"408";"48.297.965 MOARA SOUZA SANTOS BARRETO";"Seleção Completa de Faixas (47 opções)";"Contém 47 faixas selecionadas no formulário";"Possível seleção genérica no formulário do AppSheet sem distribuição de vidas por faixa";"Preservar texto original; não inferir contagem específica por faixa"
"409";"48.856.927 TALITA ALINE MARQUES BEZERRA";"Seleção Completa de Faixas (47 opções)";"Contém 47 faixas selecionadas no formulário";"Possível seleção genérica no formulário do AppSheet sem distribuição de vidas por faixa";"Preservar texto original; não inferir contagem específica por faixa"
"410";"49.239.545 LEIA GUIMARAES NUNES PEREIRA";"Seleção Completa de Faixas (47 opções)";"Contém 47 faixas selecionadas no formulário";"Possível seleção genérica no formulário do AppSheet sem distribuição de vidas por faixa";"Preservar texto original; não inferir contagem específica por faixa"
"411";"49.953.996 JOSIEL ALMEIDA BASTOS DE JESUS";"Seleção Completa de Faixas (47 opções)";"Contém 47 faixas selecionadas no formulário";"Possível seleção genérica no formulário do AppSheet sem distribuição de vidas por faixa";"Preservar texto original; não inferir contagem específica por faixa"
"412";"49.982.609 GABRIEL PEREIRA TOSTA";"Seleção Completa de Faixas (47 opções)";"Contém 47 faixas selecionadas no formulário";"Possível seleção genérica no formulário do AppSheet sem distribuição de vidas por faixa";"Preservar texto original; não inferir contagem específica por faixa"
"413";"50.249.766 EVERTON DOS SANTOS SILVA";"Seleção Completa de Faixas (47 opções)";"Contém 47 faixas selecionadas no formulário";"Possível seleção genérica no formulário do AppSheet sem distribuição de vidas por faixa";"Preservar texto original; não inferir contagem específica por faixa"
"414";"51.214.125 FABIO DE OLIVEIRA MARTINS";"Seleção Completa de Faixas (47 opções)";"Contém 47 faixas selecionadas no formulário";"Possível seleção genérica no formulário do AppSheet sem distribuição de vidas por faixa";"Preservar texto original; não inferir contagem específica por faixa"
"415";"51.313.066 CLESTON ALVES DE QUEIROZ";"Seleção Completa de Faixas (47 opções)";"Contém 47 faixas selecionadas no formulário";"Possível seleção genérica no formulário do AppSheet sem distribuição de vidas por faixa";"Preservar texto original; não inferir contagem específica por faixa"
"416";"51.479.030 KAIQUE FLAVIO SILVA FRANCISCO";"Seleção Completa de Faixas (47 opções)";"Contém 47 faixas selecionadas no formulário";"Possível seleção genérica no formulário do AppSheet sem distribuição de vidas por faixa";"Preservar texto original; não inferir contagem específica por faixa"
"417";"52.306.551 KAMILA CIRILO ALBERGARIA";"Seleção Completa de Faixas (47 opções)";"Contém 47 faixas selecionadas no formulário";"Possível seleção genérica no formulário do AppSheet sem distribuição de vidas por faixa";"Preservar texto original; não inferir contagem específica por faixa"
"418";"52.462.126 MARIA VERONICA SILVA VIEIRA";"Seleção Completa de Faixas (47 opções)";"Contém 47 faixas selecionadas no formulário";"Possível seleção genérica no formulário do AppSheet sem distribuição de vidas por faixa";"Preservar texto original; não inferir contagem específica por faixa"
"419";"52.603.506 TATIANE SANTOS BEZERRA";"Seleção Completa de Faixas (47 opções)";"Contém 47 faixas selecionadas no formulário";"Possível seleção genérica no formulário do AppSheet sem distribuição de vidas por faixa";"Preservar texto original; não inferir contagem específica por faixa"
"420";"52.992.986 RONALDO ZUPO BERNARDO";"Seleção Completa de Faixas (47 opções)";"Contém 47 faixas selecionadas no formulário";"Possível seleção genérica no formulário do AppSheet sem distribuição de vidas por faixa";"Preservar texto original; não inferir contagem específica por faixa"
"421";"54.352.974 CELIA MARTINS DOS SANTOS";"Seleção Completa de Faixas (47 opções)";"Contém 47 faixas selecionadas no formulário";"Possível seleção genérica no formulário do AppSheet sem distribuição de vidas por faixa";"Preservar texto original; não inferir contagem específica por faixa"
"422";"54.942.877 FABIANA CRUZ PRATES";"Seleção Completa de Faixas (47 opções)";"Contém 47 faixas selecionadas no formulário";"Possível seleção genérica no formulário do AppSheet sem distribuição de vidas por faixa";"Preservar texto original; não inferir contagem específica por faixa"
"423";"55.242.123 MAURO SANTOS DE SOUZA";"Seleção Completa de Faixas (47 opções)";"Contém 47 faixas selecionadas no formulário";"Possível seleção genérica no formulário do AppSheet sem distribuição de vidas por faixa";"Preservar texto original; não inferir contagem específica por faixa"
"424";"55.751.324 ADRIANA PEREIRA GATTI";"Seleção Completa de Faixas (47 opções)";"Contém 47 faixas selecionadas no formulário";"Possível seleção genérica no formulário do AppSheet sem distribuição de vidas por faixa";"Preservar texto original; não inferir contagem específica por faixa"
"425";"56.112.951 SELMA DOS SANTOS FIGUEREDO LIMA";"Seleção Completa de Faixas (47 opções)";"Contém 47 faixas selecionadas no formulário";"Possível seleção genérica no formulário do AppSheet sem distribuição de vidas por faixa";"Preservar texto original; não inferir contagem específica por faixa"
"426";"ADCPLASP ASSESSORIA E COBRANCA LTDA";"Seleção Completa de Faixas (47 opções)";"Contém 47 faixas selecionadas no formulário";"Possível seleção genérica no formulário do AppSheet sem distribuição de vidas por faixa";"Preservar texto original; não inferir contagem específica por faixa"
"427";"ADRIANA DIAS NOGUEIRA 14784034897";"Seleção Completa de Faixas (47 opções)";"Contém 47 faixas selecionadas no formulário";"Possível seleção genérica no formulário do AppSheet sem distribuição de vidas por faixa";"Preservar texto original; não inferir contagem específica por faixa"
"428";"ADRIANO GERI DOS SANTOS";"Seleção Completa de Faixas (47 opções)";"Contém 47 faixas selecionadas no formulário";"Possível seleção genérica no formulário do AppSheet sem distribuição de vidas por faixa";"Preservar texto original; não inferir contagem específica por faixa"
"429";"AGNALDO ANTONIO VIANA 53031377591";"Seleção Completa de Faixas (47 opções)";"Contém 47 faixas selecionadas no formulário";"Possível seleção genérica no formulário do AppSheet sem distribuição de vidas por faixa";"Preservar texto original; não inferir contagem específica por faixa"
"430";"ALDENIR RAFAEL DA COSTA 30914139851";"Seleção Completa de Faixas (47 opções)";"Contém 47 faixas selecionadas no formulário";"Possível seleção genérica no formulário do AppSheet sem distribuição de vidas por faixa";"Preservar texto original; não inferir contagem específica por faixa"
"431";"AMANDA RODRIGUES DA SILVA 37025950823";"Seleção Completa de Faixas (47 opções)";"Contém 47 faixas selecionadas no formulário";"Possível seleção genérica no formulário do AppSheet sem distribuição de vidas por faixa";"Preservar texto original; não inferir contagem específica por faixa"
"432";"ANA CLAUDIA CASSIA SALLES PEDROSA 45370973881";"Seleção Completa de Faixas (47 opções)";"Contém 47 faixas selecionadas no formulário";"Possível seleção genérica no formulário do AppSheet sem distribuição de vidas por faixa";"Preservar texto original; não inferir contagem específica por faixa"
"433";"ANCHIETA CORRETORA DE PLANOS DE SAUDE LTDA";"Seleção Completa de Faixas (47 opções)";"Contém 47 faixas selecionadas no formulário";"Possível seleção genérica no formulário do AppSheet sem distribuição de vidas por faixa";"Preservar texto original; não inferir contagem específica por faixa"
"434";"ANDRE DE SOUSA OLIVEIRA 30405124805";"Seleção Completa de Faixas (47 opções)";"Contém 47 faixas selecionadas no formulário";"Possível seleção genérica no formulário do AppSheet sem distribuição de vidas por faixa";"Preservar texto original; não inferir contagem específica por faixa"
"435";"ANDRE FLORENCIO DA SILVA 38694481804";"Seleção Completa de Faixas (47 opções)";"Contém 47 faixas selecionadas no formulário";"Possível seleção genérica no formulário do AppSheet sem distribuição de vidas por faixa";"Preservar texto original; não inferir contagem específica por faixa"
"436";"ANDREIA GOMES DA COSTA SILVA 02077595370";"Seleção Completa de Faixas (47 opções)";"Contém 47 faixas selecionadas no formulário";"Possível seleção genérica no formulário do AppSheet sem distribuição de vidas por faixa";"Preservar texto original; não inferir contagem específica por faixa"
"437";"ARNALDO AMORIM DA FONSECA 07309779860";"Seleção Completa de Faixas (47 opções)";"Contém 47 faixas selecionadas no formulário";"Possível seleção genérica no formulário do AppSheet sem distribuição de vidas por faixa";"Preservar texto original; não inferir contagem específica por faixa"
"438";"ASSOCIACAO GIRASSOIS";"Seleção Completa de Faixas (47 opções)";"Contém 47 faixas selecionadas no formulário";"Possível seleção genérica no formulário do AppSheet sem distribuição de vidas por faixa";"Preservar texto original; não inferir contagem específica por faixa"
"439";"AWM LOCACAO E TRANSPORTES LTDA";"Seleção Completa de Faixas (47 opções)";"Contém 47 faixas selecionadas no formulário";"Possível seleção genérica no formulário do AppSheet sem distribuição de vidas por faixa";"Preservar texto original; não inferir contagem específica por faixa"
"440";"BANANEIRA RESTAURANTE E SERVICOS DE BUFFET LTDA";"Seleção Completa de Faixas (47 opções)";"Contém 47 faixas selecionadas no formulário";"Possível seleção genérica no formulário do AppSheet sem distribuição de vidas por faixa";"Preservar texto original; não inferir contagem específica por faixa"
"441";"BARBARA APARECIDA DE MOURA BRAINER - ENFERMAGEM";"Seleção Completa de Faixas (47 opções)";"Contém 47 faixas selecionadas no formulário";"Possível seleção genérica no formulário do AppSheet sem distribuição de vidas por faixa";"Preservar texto original; não inferir contagem específica por faixa"
"442";"BRUNA DA SILVA FERREIRA DE MORAES 51517845874";"Seleção Completa de Faixas (47 opções)";"Contém 47 faixas selecionadas no formulário";"Possível seleção genérica no formulário do AppSheet sem distribuição de vidas por faixa";"Preservar texto original; não inferir contagem específica por faixa"
"443";"CAIO CESAR DIAS DA SILVA 37475708870";"Seleção Completa de Faixas (47 opções)";"Contém 47 faixas selecionadas no formulário";"Possível seleção genérica no formulário do AppSheet sem distribuição de vidas por faixa";"Preservar texto original; não inferir contagem específica por faixa"
"444";"CAMILA DA SILVA";"Seleção Completa de Faixas (47 opções)";"Contém 47 faixas selecionadas no formulário";"Possível seleção genérica no formulário do AppSheet sem distribuição de vidas por faixa";"Preservar texto original; não inferir contagem específica por faixa"
"445";"CAMILA MARQUES DA PAIXAO SANTOS 39276004823";"Seleção Completa de Faixas (47 opções)";"Contém 47 faixas selecionadas no formulário";"Possível seleção genérica no formulário do AppSheet sem distribuição de vidas por faixa";"Preservar texto original; não inferir contagem específica por faixa"
"446";"CAMILE DE SOUZA LOPES 41715592867";"Seleção Completa de Faixas (47 opções)";"Contém 47 faixas selecionadas no formulário";"Possível seleção genérica no formulário do AppSheet sem distribuição de vidas por faixa";"Preservar texto original; não inferir contagem específica por faixa"
"447";"CARMEM LUCIA CARMO SILVA SANTANA 16823873809";"Seleção Completa de Faixas (47 opções)";"Contém 47 faixas selecionadas no formulário";"Possível seleção genérica no formulário do AppSheet sem distribuição de vidas por faixa";"Preservar texto original; não inferir contagem específica por faixa"
"448";"CIA ITALIANA DE COMERCIO E SERVICOS LTDA";"Seleção Completa de Faixas (47 opções)";"Contém 47 faixas selecionadas no formulário";"Possível seleção genérica no formulário do AppSheet sem distribuição de vidas por faixa";"Preservar texto original; não inferir contagem específica por faixa"
"449";"CLAUDIO JOAQUIM DA SILVA 22503101810";"Seleção Completa de Faixas (47 opções)";"Contém 47 faixas selecionadas no formulário";"Possível seleção genérica no formulário do AppSheet sem distribuição de vidas por faixa";"Preservar texto original; não inferir contagem específica por faixa"
"450";"CONFIANCA SEGURANCA E VIGILANCIA LTDA";"Seleção Completa de Faixas (47 opções)";"Contém 47 faixas selecionadas no formulário";"Possível seleção genérica no formulário do AppSheet sem distribuição de vidas por faixa";"Preservar texto original; não inferir contagem específica por faixa"
"451";"CONSTRUART OBRAS E SERVICOS LTDA";"Seleção Completa de Faixas (47 opções)";"Contém 47 faixas selecionadas no formulário";"Possível seleção genérica no formulário do AppSheet sem distribuição de vidas por faixa";"Preservar texto original; não inferir contagem específica por faixa"
"452";"CRISTIANE SEVERINO DE ARAUJO 11373902809";"Seleção Completa de Faixas (47 opções)";"Contém 47 faixas selecionadas no formulário";"Possível seleção genérica no formulário do AppSheet sem distribuição de vidas por faixa";"Preservar texto original; não inferir contagem específica por faixa"
"453";"DAIANE MELO DOS SANTOS";"Seleção Completa de Faixas (47 opções)";"Contém 47 faixas selecionadas no formulário";"Possível seleção genérica no formulário do AppSheet sem distribuição de vidas por faixa";"Preservar texto original; não inferir contagem específica por faixa"
"454";"DANIEL DE CASTRO 30632297840";"Seleção Completa de Faixas (47 opções)";"Contém 47 faixas selecionadas no formulário";"Possível seleção genérica no formulário do AppSheet sem distribuição de vidas por faixa";"Preservar texto original; não inferir contagem específica por faixa"
"455";"DANIEL PAULO GONCALVES RIBEIRO 32492055833";"Seleção Completa de Faixas (47 opções)";"Contém 47 faixas selecionadas no formulário";"Possível seleção genérica no formulário do AppSheet sem distribuição de vidas por faixa";"Preservar texto original; não inferir contagem específica por faixa"
"456";"DANIELA MENDES LEMOS 02783698552";"Seleção Completa de Faixas (47 opções)";"Contém 47 faixas selecionadas no formulário";"Possível seleção genérica no formulário do AppSheet sem distribuição de vidas por faixa";"Preservar texto original; não inferir contagem específica por faixa"
"457";"DANILO PEREIRA BARROS 36422172818";"Seleção Completa de Faixas (47 opções)";"Contém 47 faixas selecionadas no formulário";"Possível seleção genérica no formulário do AppSheet sem distribuição de vidas por faixa";"Preservar texto original; não inferir contagem específica por faixa"
"458";"DE SOUZA E DIAS LEVANTAMENTO DE INFORMACOES LTDA";"Seleção Completa de Faixas (47 opções)";"Contém 47 faixas selecionadas no formulário";"Possível seleção genérica no formulário do AppSheet sem distribuição de vidas por faixa";"Preservar texto original; não inferir contagem específica por faixa"
"459";"DERICK DEVALIAM DO NASCIMENTO CARDOSO SOUSA 48241027826";"Seleção Completa de Faixas (47 opções)";"Contém 47 faixas selecionadas no formulário";"Possível seleção genérica no formulário do AppSheet sem distribuição de vidas por faixa";"Preservar texto original; não inferir contagem específica por faixa"
"460";"DIOGO HERMINIO DOS ANJOS 39870805825";"Seleção Completa de Faixas (47 opções)";"Contém 47 faixas selecionadas no formulário";"Possível seleção genérica no formulário do AppSheet sem distribuição de vidas por faixa";"Preservar texto original; não inferir contagem específica por faixa"
"461";"DMS COMUNICACAO VISUAL LTDA";"Seleção Completa de Faixas (47 opções)";"Contém 47 faixas selecionadas no formulário";"Possível seleção genérica no formulário do AppSheet sem distribuição de vidas por faixa";"Preservar texto original; não inferir contagem específica por faixa"
"462";"EDSON SOUZA DA CUNHA 04607183555";"Seleção Completa de Faixas (47 opções)";"Contém 47 faixas selecionadas no formulário";"Possível seleção genérica no formulário do AppSheet sem distribuição de vidas por faixa";"Preservar texto original; não inferir contagem específica por faixa"
"463";"EDVAN DE SOUZA SANTOS 33093219833";"Seleção Completa de Faixas (47 opções)";"Contém 47 faixas selecionadas no formulário";"Possível seleção genérica no formulário do AppSheet sem distribuição de vidas por faixa";"Preservar texto original; não inferir contagem específica por faixa"
"464";"ELAINE CRISTINA DOS SANTOS ALVES 33147080846";"Seleção Completa de Faixas (47 opções)";"Contém 47 faixas selecionadas no formulário";"Possível seleção genérica no formulário do AppSheet sem distribuição de vidas por faixa";"Preservar texto original; não inferir contagem específica por faixa"
"465";"EMANUELLE CUCORROSSIO GOUVEA";"Seleção Completa de Faixas (47 opções)";"Contém 47 faixas selecionadas no formulário";"Possível seleção genérica no formulário do AppSheet sem distribuição de vidas por faixa";"Preservar texto original; não inferir contagem específica por faixa"
"466";"EMERSON ROLIM MOREIRA 26271934811";"Seleção Completa de Faixas (47 opções)";"Contém 47 faixas selecionadas no formulário";"Possível seleção genérica no formulário do AppSheet sem distribuição de vidas por faixa";"Preservar texto original; não inferir contagem específica por faixa"
"467";"EMILENE FERRAZ 03883059838";"Seleção Completa de Faixas (47 opções)";"Contém 47 faixas selecionadas no formulário";"Possível seleção genérica no formulário do AppSheet sem distribuição de vidas por faixa";"Preservar texto original; não inferir contagem específica por faixa"
"468";"EMPORIO DO SABOR BR LTDA";"Seleção Completa de Faixas (47 opções)";"Contém 47 faixas selecionadas no formulário";"Possível seleção genérica no formulário do AppSheet sem distribuição de vidas por faixa";"Preservar texto original; não inferir contagem específica por faixa"
"469";"ERIK VINICIOS CRISTOVAO 37896866897";"Seleção Completa de Faixas (47 opções)";"Contém 47 faixas selecionadas no formulário";"Possível seleção genérica no formulário do AppSheet sem distribuição de vidas por faixa";"Preservar texto original; não inferir contagem específica por faixa"
"470";"EUDES DA SILVEIRA SILVA LUIZ - REPRESENTACOES";"Seleção Completa de Faixas (47 opções)";"Contém 47 faixas selecionadas no formulário";"Possível seleção genérica no formulário do AppSheet sem distribuição de vidas por faixa";"Preservar texto original; não inferir contagem específica por faixa"
"471";"GISLAINE ERNANDES KOUNOVSKY 21608061884";"Seleção Completa de Faixas (47 opções)";"Contém 47 faixas selecionadas no formulário";"Possível seleção genérica no formulário do AppSheet sem distribuição de vidas por faixa";"Preservar texto original; não inferir contagem específica por faixa"
"472";"GL TRATAMENTO DE RESIDUOS LTDA";"Seleção Completa de Faixas (47 opções)";"Contém 47 faixas selecionadas no formulário";"Possível seleção genérica no formulário do AppSheet sem distribuição de vidas por faixa";"Preservar texto original; não inferir contagem específica por faixa"
"473";"GOLF MULTISERVICOS LTDA";"Seleção Completa de Faixas (47 opções)";"Contém 47 faixas selecionadas no formulário";"Possível seleção genérica no formulário do AppSheet sem distribuição de vidas por faixa";"Preservar texto original; não inferir contagem específica por faixa"
"474";"GOLF SEGURANCA LTDA";"Seleção Completa de Faixas (47 opções)";"Contém 47 faixas selecionadas no formulário";"Possível seleção genérica no formulário do AppSheet sem distribuição de vidas por faixa";"Preservar texto original; não inferir contagem específica por faixa"
"475";"GRAZIELLA MACHADO MOLNAR";"Seleção Completa de Faixas (47 opções)";"Contém 47 faixas selecionadas no formulário";"Possível seleção genérica no formulário do AppSheet sem distribuição de vidas por faixa";"Preservar texto original; não inferir contagem específica por faixa"
"476";"IDAEL DOS SANTOS 98999567591";"Seleção Completa de Faixas (47 opções)";"Contém 47 faixas selecionadas no formulário";"Possível seleção genérica no formulário do AppSheet sem distribuição de vidas por faixa";"Preservar texto original; não inferir contagem específica por faixa"
"477";"IGOR MAGNO FERNANDES DA SILVA 44841298843";"Seleção Completa de Faixas (47 opções)";"Contém 47 faixas selecionadas no formulário";"Possível seleção genérica no formulário do AppSheet sem distribuição de vidas por faixa";"Preservar texto original; não inferir contagem específica por faixa"
"478";"INOVASYNC SERVICOS PREDIAIS LTDA";"Seleção Completa de Faixas (47 opções)";"Contém 47 faixas selecionadas no formulário";"Possível seleção genérica no formulário do AppSheet sem distribuição de vidas por faixa";"Preservar texto original; não inferir contagem específica por faixa"
"479";"INSTITUTO JACK S CHILDREN";"Seleção Completa de Faixas (47 opções)";"Contém 47 faixas selecionadas no formulário";"Possível seleção genérica no formulário do AppSheet sem distribuição de vidas por faixa";"Preservar texto original; não inferir contagem específica por faixa"
"480";"INVICTA SOLUCOES EM SERVICOS LTDA";"Seleção Completa de Faixas (47 opções)";"Contém 47 faixas selecionadas no formulário";"Possível seleção genérica no formulário do AppSheet sem distribuição de vidas por faixa";"Preservar texto original; não inferir contagem específica por faixa"
"481";"IOLANDA RODRIGUES DA SILVA CORTEZ";"Seleção Completa de Faixas (47 opções)";"Contém 47 faixas selecionadas no formulário";"Possível seleção genérica no formulário do AppSheet sem distribuição de vidas por faixa";"Preservar texto original; não inferir contagem específica por faixa"
"482";"J.E. DE SOUSA - CANTINA";"Seleção Completa de Faixas (47 opções)";"Contém 47 faixas selecionadas no formulário";"Possível seleção genérica no formulário do AppSheet sem distribuição de vidas por faixa";"Preservar texto original; não inferir contagem específica por faixa"
"483";"J.L.R DE OLIVEIRA SERVICOS DE ENTREGA RAPIDA";"Seleção Completa de Faixas (47 opções)";"Contém 47 faixas selecionadas no formulário";"Possível seleção genérica no formulário do AppSheet sem distribuição de vidas por faixa";"Preservar texto original; não inferir contagem específica por faixa"
"484";"JACIEL DIAS SANTOS 39158709860";"Seleção Completa de Faixas (47 opções)";"Contém 47 faixas selecionadas no formulário";"Possível seleção genérica no formulário do AppSheet sem distribuição de vidas por faixa";"Preservar texto original; não inferir contagem específica por faixa"
"485";"JAIRO FERREIRA DA SILVA 35575944832";"Seleção Completa de Faixas (47 opções)";"Contém 47 faixas selecionadas no formulário";"Possível seleção genérica no formulário do AppSheet sem distribuição de vidas por faixa";"Preservar texto original; não inferir contagem específica por faixa"
"486";"JC REBOUCAS TRANSPORTES LTDA";"Seleção Completa de Faixas (47 opções)";"Contém 47 faixas selecionadas no formulário";"Possível seleção genérica no formulário do AppSheet sem distribuição de vidas por faixa";"Preservar texto original; não inferir contagem específica por faixa"
"487";"JEAN PIERRE DE JESUS SANTOS NASCIMENTO - ESTACIONAMENTO";"Seleção Completa de Faixas (47 opções)";"Contém 47 faixas selecionadas no formulário";"Possível seleção genérica no formulário do AppSheet sem distribuição de vidas por faixa";"Preservar texto original; não inferir contagem específica por faixa"
"488";"JEANE DOS SANTOS ALEXANDRINO 03326971508";"Seleção Completa de Faixas (47 opções)";"Contém 47 faixas selecionadas no formulário";"Possível seleção genérica no formulário do AppSheet sem distribuição de vidas por faixa";"Preservar texto original; não inferir contagem específica por faixa"
"489";"JESSICA CUNHA DIAS LTDA";"Seleção Completa de Faixas (47 opções)";"Contém 47 faixas selecionadas no formulário";"Possível seleção genérica no formulário do AppSheet sem distribuição de vidas por faixa";"Preservar texto original; não inferir contagem específica por faixa"
"490";"JOSE NILSON FRANCA DA SILVA 26725459870";"Seleção Completa de Faixas (47 opções)";"Contém 47 faixas selecionadas no formulário";"Possível seleção genérica no formulário do AppSheet sem distribuição de vidas por faixa";"Preservar texto original; não inferir contagem específica por faixa"
"491";"JOSE PAULO APARECIDO DA SILVA";"Seleção Completa de Faixas (47 opções)";"Contém 47 faixas selecionadas no formulário";"Possível seleção genérica no formulário do AppSheet sem distribuição de vidas por faixa";"Preservar texto original; não inferir contagem específica por faixa"
"492";"L. T. SIQUEIRA DA SILVA - FESTAS";"Seleção Completa de Faixas (47 opções)";"Contém 47 faixas selecionadas no formulário";"Possível seleção genérica no formulário do AppSheet sem distribuição de vidas por faixa";"Preservar texto original; não inferir contagem específica por faixa"
"493";"LETICIA SOARES PORTO";"Seleção Completa de Faixas (47 opções)";"Contém 47 faixas selecionadas no formulário";"Possível seleção genérica no formulário do AppSheet sem distribuição de vidas por faixa";"Preservar texto original; não inferir contagem específica por faixa"
"494";"LRJ CORRETORA DE SEGUROS LTDA";"Seleção Completa de Faixas (47 opções)";"Contém 47 faixas selecionadas no formulário";"Possível seleção genérica no formulário do AppSheet sem distribuição de vidas por faixa";"Preservar texto original; não inferir contagem específica por faixa"
"495";"LUANA REIS ESTETICA E TREINAMENTOS LTDA";"Seleção Completa de Faixas (47 opções)";"Contém 47 faixas selecionadas no formulário";"Possível seleção genérica no formulário do AppSheet sem distribuição de vidas por faixa";"Preservar texto original; não inferir contagem específica por faixa"
"496";"LUCAS BAGGIO BALLARIS";"Seleção Completa de Faixas (47 opções)";"Contém 47 faixas selecionadas no formulário";"Possível seleção genérica no formulário do AppSheet sem distribuição de vidas por faixa";"Preservar texto original; não inferir contagem específica por faixa"
"497";"MANOEL ALVES DE OLIVEIRA 18872179831";"Seleção Completa de Faixas (47 opções)";"Contém 47 faixas selecionadas no formulário";"Possível seleção genérica no formulário do AppSheet sem distribuição de vidas por faixa";"Preservar texto original; não inferir contagem específica por faixa"
"498";"MARCA DA PROMESSA CORRETORA DE SEGUROS LTDA";"Seleção Completa de Faixas (47 opções)";"Contém 47 faixas selecionadas no formulário";"Possível seleção genérica no formulário do AppSheet sem distribuição de vidas por faixa";"Preservar texto original; não inferir contagem específica por faixa"
"499";"MARCIO DA SILVEIRA DE CASTRO SANTOS 41811807860";"Seleção Completa de Faixas (47 opções)";"Contém 47 faixas selecionadas no formulário";"Possível seleção genérica no formulário do AppSheet sem distribuição de vidas por faixa";"Preservar texto original; não inferir contagem específica por faixa"
"500";"MARSHAL REGULADORA DE SINISTRO E OUTROS SERVICOS LTDA.";"Seleção Completa de Faixas (47 opções)";"Contém 47 faixas selecionadas no formulário";"Possível seleção genérica no formulário do AppSheet sem distribuição de vidas por faixa";"Preservar texto original; não inferir contagem específica por faixa"
"501";"MONIKE FLAVIA DA COSTA 44094764836";"Seleção Completa de Faixas (47 opções)";"Contém 47 faixas selecionadas no formulário";"Possível seleção genérica no formulário do AppSheet sem distribuição de vidas por faixa";"Preservar texto original; não inferir contagem específica por faixa"
"502";"MPN COMERCIO E SERVICOS DE MANUTENCAO DE EQUIPAMENTOS LTDA";"Seleção Completa de Faixas (47 opções)";"Contém 47 faixas selecionadas no formulário";"Possível seleção genérica no formulário do AppSheet sem distribuição de vidas por faixa";"Preservar texto original; não inferir contagem específica por faixa"
"503";"MUITASCOISAS COMERCIO DE OBJETOS DE DECORACOES LTDA";"Seleção Completa de Faixas (47 opções)";"Contém 47 faixas selecionadas no formulário";"Possível seleção genérica no formulário do AppSheet sem distribuição de vidas por faixa";"Preservar texto original; não inferir contagem específica por faixa"
"504";"NADOBLO TRANSPORTES LTDA";"Seleção Completa de Faixas (47 opções)";"Contém 47 faixas selecionadas no formulário";"Possível seleção genérica no formulário do AppSheet sem distribuição de vidas por faixa";"Preservar texto original; não inferir contagem específica por faixa"
"505";"NAGACOR & NAGACOR CORRETORA DE SEGUROS LTDA";"Seleção Completa de Faixas (47 opções)";"Contém 47 faixas selecionadas no formulário";"Possível seleção genérica no formulário do AppSheet sem distribuição de vidas por faixa";"Preservar texto original; não inferir contagem específica por faixa"
"506";"NEUZA MARIA DE SOUZA 13276544822";"Seleção Completa de Faixas (47 opções)";"Contém 47 faixas selecionadas no formulário";"Possível seleção genérica no formulário do AppSheet sem distribuição de vidas por faixa";"Preservar texto original; não inferir contagem específica por faixa"
"507";"NEWS MUDANCAS E TRANSPORTES LTDA";"Seleção Completa de Faixas (47 opções)";"Contém 47 faixas selecionadas no formulário";"Possível seleção genérica no formulário do AppSheet sem distribuição de vidas por faixa";"Preservar texto original; não inferir contagem específica por faixa"
"508";"NILTON FERNANDES DA SILVA 15695398800";"Seleção Completa de Faixas (47 opções)";"Contém 47 faixas selecionadas no formulário";"Possível seleção genérica no formulário do AppSheet sem distribuição de vidas por faixa";"Preservar texto original; não inferir contagem específica por faixa"
"509";"NOEMI QUITERIA DE LIMA SILVA 18164860867";"Seleção Completa de Faixas (47 opções)";"Contém 47 faixas selecionadas no formulário";"Possível seleção genérica no formulário do AppSheet sem distribuição de vidas por faixa";"Preservar texto original; não inferir contagem específica por faixa"
"510";"OTICAS DOSSI LTDA";"Seleção Completa de Faixas (47 opções)";"Contém 47 faixas selecionadas no formulário";"Possível seleção genérica no formulário do AppSheet sem distribuição de vidas por faixa";"Preservar texto original; não inferir contagem específica por faixa"
"511";"PACALUZ COMERCIO E LOGISTICA LTDA";"Seleção Completa de Faixas (47 opções)";"Contém 47 faixas selecionadas no formulário";"Possível seleção genérica no formulário do AppSheet sem distribuição de vidas por faixa";"Preservar texto original; não inferir contagem específica por faixa"
"512";"PALLOMA APARECIDA CAVALCANTE DA SILVA 41802751807";"Seleção Completa de Faixas (47 opções)";"Contém 47 faixas selecionadas no formulário";"Possível seleção genérica no formulário do AppSheet sem distribuição de vidas por faixa";"Preservar texto original; não inferir contagem específica por faixa"
"513";"PAULO FERREIRA DA SILVA 10042225809";"Seleção Completa de Faixas (47 opções)";"Contém 47 faixas selecionadas no formulário";"Possível seleção genérica no formulário do AppSheet sem distribuição de vidas por faixa";"Preservar texto original; não inferir contagem específica por faixa"
"514";"PEREGRINO CENTER LTDA";"Seleção Completa de Faixas (47 opções)";"Contém 47 faixas selecionadas no formulário";"Possível seleção genérica no formulário do AppSheet sem distribuição de vidas por faixa";"Preservar texto original; não inferir contagem específica por faixa"
"515";"POUSADA VARANDA DA HARMONIA LTDA";"Seleção Completa de Faixas (47 opções)";"Contém 47 faixas selecionadas no formulário";"Possível seleção genérica no formulário do AppSheet sem distribuição de vidas por faixa";"Preservar texto original; não inferir contagem específica por faixa"
"516";"QUITANDA & MERCEARIA LUMAB LTDA";"Seleção Completa de Faixas (47 opções)";"Contém 47 faixas selecionadas no formulário";"Possível seleção genérica no formulário do AppSheet sem distribuição de vidas por faixa";"Preservar texto original; não inferir contagem específica por faixa"
"517";"RESOLVE AVCB E LICENCIAMENTOS LTDA";"Seleção Completa de Faixas (47 opções)";"Contém 47 faixas selecionadas no formulário";"Possível seleção genérica no formulário do AppSheet sem distribuição de vidas por faixa";"Preservar texto original; não inferir contagem específica por faixa"
"518";"ROBERTO RUAS 06481905877";"Seleção Completa de Faixas (47 opções)";"Contém 47 faixas selecionadas no formulário";"Possível seleção genérica no formulário do AppSheet sem distribuição de vidas por faixa";"Preservar texto original; não inferir contagem específica por faixa"
"519";"RODRIGO SOUZA LIMA DOMINGUES 35736218801";"Seleção Completa de Faixas (47 opções)";"Contém 47 faixas selecionadas no formulário";"Possível seleção genérica no formulário do AppSheet sem distribuição de vidas por faixa";"Preservar texto original; não inferir contagem específica por faixa"
"520";"SANDRA MOREIRA DUTRA FISIOTERAPEUTA";"Seleção Completa de Faixas (47 opções)";"Contém 47 faixas selecionadas no formulário";"Possível seleção genérica no formulário do AppSheet sem distribuição de vidas por faixa";"Preservar texto original; não inferir contagem específica por faixa"
"521";"SANDY CRISTINA DE CARVALHO";"Seleção Completa de Faixas (47 opções)";"Contém 47 faixas selecionadas no formulário";"Possível seleção genérica no formulário do AppSheet sem distribuição de vidas por faixa";"Preservar texto original; não inferir contagem específica por faixa"
"522";"SANTOS SOUZA CONFECCOES LTDA";"Seleção Completa de Faixas (47 opções)";"Contém 47 faixas selecionadas no formulário";"Possível seleção genérica no formulário do AppSheet sem distribuição de vidas por faixa";"Preservar texto original; não inferir contagem específica por faixa"
"523";"SARA QUITERIA DE LIMA VALENTIM 25328447875";"Seleção Completa de Faixas (47 opções)";"Contém 47 faixas selecionadas no formulário";"Possível seleção genérica no formulário do AppSheet sem distribuição de vidas por faixa";"Preservar texto original; não inferir contagem específica por faixa"
"524";"SILVANIA CARLA DE OLIVEIRA SABINO";"Seleção Completa de Faixas (47 opções)";"Contém 47 faixas selecionadas no formulário";"Possível seleção genérica no formulário do AppSheet sem distribuição de vidas por faixa";"Preservar texto original; não inferir contagem específica por faixa"
"525";"SILVIA DA SILVA FERREIRA GIMENES 14608044818";"Seleção Completa de Faixas (47 opções)";"Contém 47 faixas selecionadas no formulário";"Possível seleção genérica no formulário do AppSheet sem distribuição de vidas por faixa";"Preservar texto original; não inferir contagem específica por faixa"
"526";"SOUSA SEGURANCA DO TRABALHO LTDA";"Seleção Completa de Faixas (47 opções)";"Contém 47 faixas selecionadas no formulário";"Possível seleção genérica no formulário do AppSheet sem distribuição de vidas por faixa";"Preservar texto original; não inferir contagem específica por faixa"
"527";"SUELLEN SANTOS DOMINGOS 39514573846";"Seleção Completa de Faixas (47 opções)";"Contém 47 faixas selecionadas no formulário";"Possível seleção genérica no formulário do AppSheet sem distribuição de vidas por faixa";"Preservar texto original; não inferir contagem específica por faixa"
"528";"TEMPLO ESPIRITUALISTA ESSENCIA DA ENERGIA";"Seleção Completa de Faixas (47 opções)";"Contém 47 faixas selecionadas no formulário";"Possível seleção genérica no formulário do AppSheet sem distribuição de vidas por faixa";"Preservar texto original; não inferir contagem específica por faixa"
"529";"THAIS MARQUES DOS SANTOS 50204028850";"Seleção Completa de Faixas (47 opções)";"Contém 47 faixas selecionadas no formulário";"Possível seleção genérica no formulário do AppSheet sem distribuição de vidas por faixa";"Preservar texto original; não inferir contagem específica por faixa"
"530";"THAYNARA SILVA SOUSA 06999811580";"Seleção Completa de Faixas (47 opções)";"Contém 47 faixas selecionadas no formulário";"Possível seleção genérica no formulário do AppSheet sem distribuição de vidas por faixa";"Preservar texto original; não inferir contagem específica por faixa"
"531";"VALDIRENE LAZARA MUNIZ DE SALES 14800911893";"Seleção Completa de Faixas (47 opções)";"Contém 47 faixas selecionadas no formulário";"Possível seleção genérica no formulário do AppSheet sem distribuição de vidas por faixa";"Preservar texto original; não inferir contagem específica por faixa"
"532";"VALORIZE CORRETORA ASSESSORIA CONSULTORIA E ADMINISTRADORA DE SEGUROS LTDA";"Seleção Completa de Faixas (47 opções)";"Contém 47 faixas selecionadas no formulário";"Possível seleção genérica no formulário do AppSheet sem distribuição de vidas por faixa";"Preservar texto original; não inferir contagem específica por faixa"
"533";"VITORIA EVANGELISTA DE CARVALHO 50659491826";"Seleção Completa de Faixas (47 opções)";"Contém 47 faixas selecionadas no formulário";"Possível seleção genérica no formulário do AppSheet sem distribuição de vidas por faixa";"Preservar texto original; não inferir contagem específica por faixa"
"d322dada";"CAQ CASA DA QUIMICA INDUSTRIA E COMERCIO LIMITADA";"Seleção Completa de Faixas (47 opções)";"Contém 47 faixas selecionadas no formulário";"Possível seleção genérica no formulário do AppSheet sem distribuição de vidas por faixa";"Preservar texto original; não inferir contagem específica por faixa"
"dc9f2256";"BAIANAO MOVEIS E ELETRODOMESTICOS LTDA";"Seleção Completa de Faixas (47 opções)";"Contém 47 faixas selecionadas no formulário";"Possível seleção genérica no formulário do AppSheet sem distribuição de vidas por faixa";"Preservar texto original; não inferir contagem específica por faixa"
"f3cf2ec6";"RF ATACADO DE ALIMENTOS S/A";"Seleção Completa de Faixas (47 opções)";"Contém 47 faixas selecionadas no formulário";"Possível seleção genérica no formulário do AppSheet sem distribuição de vidas por faixa";"Preservar texto original; não inferir contagem específica por faixa"
"a2f6f306";"SYSTEM ASSESORIS INSPEÇÃO E CONTROLE DA QUALIDADE LTDA";"Seleção Completa de Faixas (47 opções)";"Contém 47 faixas selecionadas no formulário";"Possível seleção genérica no formulário do AppSheet sem distribuição de vidas por faixa";"Preservar texto original; não inferir contagem específica por faixa"
"bc0d2bee";"GT PARTICIPAÇÃOES E SERVIÇOS LTDA";"Seleção Completa de Faixas (47 opções)";"Contém 47 faixas selecionadas no formulário";"Possível seleção genérica no formulário do AppSheet sem distribuição de vidas por faixa";"Preservar texto original; não inferir contagem específica por faixa"
"69d60a8a";"TERRE CONSULTORIA";"Seleção Completa de Faixas (47 opções)";"Contém 47 faixas selecionadas no formulário";"Possível seleção genérica no formulário do AppSheet sem distribuição de vidas por faixa";"Preservar texto original; não inferir contagem específica por faixa"
"9175c798";"TECEMP GROUP COMERCIO, MANUTENÇÃO E LOCAÇÃO DE EMPILHADEIRAS LTDA";"Seleção Completa de Faixas (47 opções)";"Contém 47 faixas selecionadas no formulário";"Possível seleção genérica no formulário do AppSheet sem distribuição de vidas por faixa";"Preservar texto original; não inferir contagem específica por faixa"
"f36eed0a";"ESTALEIRO ATLANTICO SUL";"Seleção Completa de Faixas (47 opções)";"Contém 47 faixas selecionadas no formulário";"Possível seleção genérica no formulário do AppSheet sem distribuição de vidas por faixa";"Preservar texto original; não inferir contagem específica por faixa"
"48312350";"IMPERIO MOVEIS E ELETRO S.A";"Seleção Completa de Faixas (47 opções)";"Contém 47 faixas selecionadas no formulário";"Possível seleção genérica no formulário do AppSheet sem distribuição de vidas por faixa";"Preservar texto original; não inferir contagem específica por faixa"
"d50dd4f4";"FLORIDA TRANSPORTES";"Seleção Completa de Faixas (47 opções)";"Contém 47 faixas selecionadas no formulário";"Possível seleção genérica no formulário do AppSheet sem distribuição de vidas por faixa";"Preservar texto original; não inferir contagem específica por faixa"
"9e230bd4";"OAHU ITACIMIRIM SPE LTDA";"Seleção Completa de Faixas (47 opções)";"Contém 47 faixas selecionadas no formulário";"Possível seleção genérica no formulário do AppSheet sem distribuição de vidas por faixa";"Preservar texto original; não inferir contagem específica por faixa"
"e3c2921f";"SINDITAXI";"Seleção Completa de Faixas (47 opções)";"Contém 47 faixas selecionadas no formulário";"Possível seleção genérica no formulário do AppSheet sem distribuição de vidas por faixa";"Preservar texto original; não inferir contagem específica por faixa"
"2f7d1992";"SINDICATO DOS TRABALHADORES VIGILANTES EMPREGADOS DE EMPRESAS DE TRANSPORTE DE VALORES E ESCOLTA ARMADA DO ESTADO DE PERNAMBUCO";"Seleção Completa de Faixas (47 opções)";"Contém 47 faixas selecionadas no formulário";"Possível seleção genérica no formulário do AppSheet sem distribuição de vidas por faixa";"Preservar texto original; não inferir contagem específica por faixa"
"b2d00430";"MARCOS INACIO ADVOGADOS";"Seleção Completa de Faixas (47 opções)";"Contém 47 faixas selecionadas no formulário";"Possível seleção genérica no formulário do AppSheet sem distribuição de vidas por faixa";"Preservar texto original; não inferir contagem específica por faixa"
"60430438";"MOURA DUBEUX ENGENHARIA S A";"Seleção Completa de Faixas (47 opções)";"Contém 47 faixas selecionadas no formulário";"Possível seleção genérica no formulário do AppSheet sem distribuição de vidas por faixa";"Preservar texto original; não inferir contagem específica por faixa"
"4b1bbcbf";"DUBICO LOGISTICA BALSAS";"Seleção Completa de Faixas (47 opções)";"Contém 47 faixas selecionadas no formulário";"Possível seleção genérica no formulário do AppSheet sem distribuição de vidas por faixa";"Preservar texto original; não inferir contagem específica por faixa"
"d47d495a";"WHKD INDUSTRIA, COMERCIO, IMPOTACAO E EXPORTACAO LTDA";"Seleção Completa de Faixas (47 opções)";"Contém 47 faixas selecionadas no formulário";"Possível seleção genérica no formulário do AppSheet sem distribuição de vidas por faixa";"Preservar texto original; não inferir contagem específica por faixa"
"046fc65e";"FESTPAN ALIMENTOS IMPORTACAO E EXPORTACAO LTDA";"Seleção Completa de Faixas (47 opções)";"Contém 47 faixas selecionadas no formulário";"Possível seleção genérica no formulário do AppSheet sem distribuição de vidas por faixa";"Preservar texto original; não inferir contagem específica por faixa"
"4316db1c";"INST- HOSPITAL DE BROTAS";"Seleção Completa de Faixas (47 opções)";"Contém 47 faixas selecionadas no formulário";"Possível seleção genérica no formulário do AppSheet sem distribuição de vidas por faixa";"Preservar texto original; não inferir contagem específica por faixa"
"daf13c9c";"AMERICA BRASIL SUL SERVIÇOS EIRELI";"Seleção Completa de Faixas (47 opções)";"Contém 47 faixas selecionadas no formulário";"Possível seleção genérica no formulário do AppSheet sem distribuição de vidas por faixa";"Preservar texto original; não inferir contagem específica por faixa"
"6de1254b";"SINTRANSTUR PE- SIND DOS TRAB TRANSP COLE INTERM INTER ROD TUR FRET, ESC,ALTERN E SIM NO RECI METRO E REG M";"Seleção Completa de Faixas (47 opções)";"Contém 47 faixas selecionadas no formulário";"Possível seleção genérica no formulário do AppSheet sem distribuição de vidas por faixa";"Preservar texto original; não inferir contagem específica por faixa"
"16fee536";"EDITORA A TARDE AS";"Seleção Completa de Faixas (47 opções)";"Contém 47 faixas selecionadas no formulário";"Possível seleção genérica no formulário do AppSheet sem distribuição de vidas por faixa";"Preservar texto original; não inferir contagem específica por faixa"
"376fc06a";"TRANSAGIL TRANSPORTES DE CARGA LTDA";"Seleção Completa de Faixas (47 opções)";"Contém 47 faixas selecionadas no formulário";"Possível seleção genérica no formulário do AppSheet sem distribuição de vidas por faixa";"Preservar texto original; não inferir contagem específica por faixa"
"9657fc36";"CONSORCIO NOVO SESC PIATA";"Seleção Completa de Faixas (47 opções)";"Contém 47 faixas selecionadas no formulário";"Possível seleção genérica no formulário do AppSheet sem distribuição de vidas por faixa";"Preservar texto original; não inferir contagem específica por faixa"
"504b5050";"RIOS SERVIÇOS EMPRESARIAIS EIRELI";"Seleção Completa de Faixas (47 opções)";"Contém 47 faixas selecionadas no formulário";"Possível seleção genérica no formulário do AppSheet sem distribuição de vidas por faixa";"Preservar texto original; não inferir contagem específica por faixa"
"2703f201";"GT PARTICIPAÇÃOES E SERVIÇOS LTDA";"Seleção Completa de Faixas (47 opções)";"Contém 47 faixas selecionadas no formulário";"Possível seleção genérica no formulário do AppSheet sem distribuição de vidas por faixa";"Preservar texto original; não inferir contagem específica por faixa"
"d444bf66";"SIND INT DOS TRAB VIG EM EMP DE VIG E SEG";"Seleção Completa de Faixas (47 opções)";"Contém 47 faixas selecionadas no formulário";"Possível seleção genérica no formulário do AppSheet sem distribuição de vidas por faixa";"Preservar texto original; não inferir contagem específica por faixa"
"2fd946ad";"VERDE PLANEJAMENTOS E SERVIÇOS LTDA";"Seleção Completa de Faixas (47 opções)";"Contém 47 faixas selecionadas no formulário";"Possível seleção genérica no formulário do AppSheet sem distribuição de vidas por faixa";"Preservar texto original; não inferir contagem específica por faixa"
"8f62390f";"ESTAF EQUIPAMENTOS SA";"Seleção Completa de Faixas (47 opções)";"Contém 47 faixas selecionadas no formulário";"Possível seleção genérica no formulário do AppSheet sem distribuição de vidas por faixa";"Preservar texto original; não inferir contagem específica por faixa"
"b3b460e8";"A 5 COMERCIO E REPRESENTAÇOES LTDA";"Seleção Completa de Faixas (47 opções)";"Contém 47 faixas selecionadas no formulário";"Possível seleção genérica no formulário do AppSheet sem distribuição de vidas por faixa";"Preservar texto original; não inferir contagem específica por faixa"
"7d5723a6";"FACILITY LTDA";"Seleção Completa de Faixas (47 opções)";"Contém 47 faixas selecionadas no formulário";"Possível seleção genérica no formulário do AppSheet sem distribuição de vidas por faixa";"Preservar texto original; não inferir contagem específica por faixa"
"6864c4db";"UNIÃO COMERCIAL BARAO SA LOCAÇÃO EMPREENDIMENTOS";"Seleção Completa de Faixas (47 opções)";"Contém 47 faixas selecionadas no formulário";"Possível seleção genérica no formulário do AppSheet sem distribuição de vidas por faixa";"Preservar texto original; não inferir contagem específica por faixa"
"949d0ec8";"DESENVOLVA- INSTIRUTO PARA DESENVOLVIMENTO HUMANO";"Seleção Completa de Faixas (47 opções)";"Contém 47 faixas selecionadas no formulário";"Possível seleção genérica no formulário do AppSheet sem distribuição de vidas por faixa";"Preservar texto original; não inferir contagem específica por faixa"
"cfbf9cc3";"BIOTUR";"Seleção Completa de Faixas (47 opções)";"Contém 47 faixas selecionadas no formulário";"Possível seleção genérica no formulário do AppSheet sem distribuição de vidas por faixa";"Preservar texto original; não inferir contagem específica por faixa"
"1623f287";"FJR- INFRAESTRUTURA E CONSTRUCOES LTDA";"Seleção Completa de Faixas (47 opções)";"Contém 47 faixas selecionadas no formulário";"Possível seleção genérica no formulário do AppSheet sem distribuição de vidas por faixa";"Preservar texto original; não inferir contagem específica por faixa"
"fc54270d";"MAXX GESTAO E ADMNISTRAÇAO DE NEGOCIOS LTDA";"Seleção Completa de Faixas (47 opções)";"Contém 47 faixas selecionadas no formulário";"Possível seleção genérica no formulário do AppSheet sem distribuição de vidas por faixa";"Preservar texto original; não inferir contagem específica por faixa"
"3cadae11";"BARCINO ESTEVE CONSTRUTORA LTDA";"Seleção Completa de Faixas (47 opções)";"Contém 47 faixas selecionadas no formulário";"Possível seleção genérica no formulário do AppSheet sem distribuição de vidas por faixa";"Preservar texto original; não inferir contagem específica por faixa"
"387d22bb";"DEL MAR REFEICOES LTDA";"Seleção Completa de Faixas (47 opções)";"Contém 47 faixas selecionadas no formulário";"Possível seleção genérica no formulário do AppSheet sem distribuição de vidas por faixa";"Preservar texto original; não inferir contagem específica por faixa"
"25116c23";"BEAUTY PROMOCAO E VENDAS LTDA";"Seleção Completa de Faixas (47 opções)";"Contém 47 faixas selecionadas no formulário";"Possível seleção genérica no formulário do AppSheet sem distribuição de vidas por faixa";"Preservar texto original; não inferir contagem específica por faixa"
"58e8ca03";"TRANSPORTADORA SAVO LTDA";"Seleção Completa de Faixas (47 opções)";"Contém 47 faixas selecionadas no formulário";"Possível seleção genérica no formulário do AppSheet sem distribuição de vidas por faixa";"Preservar texto original; não inferir contagem específica por faixa"
"006409b5";"CONDOMINIO VILLA PRIVILEGE";"Seleção Completa de Faixas (47 opções)";"Contém 47 faixas selecionadas no formulário";"Possível seleção genérica no formulário do AppSheet sem distribuição de vidas por faixa";"Preservar texto original; não inferir contagem específica por faixa"
"39f62434";"LATITUDE 13 CAFES ESPECIAIS DE CAFE E ACESSORIOS PARA CAFETERIA LTDA";"Seleção Completa de Faixas (47 opções)";"Contém 47 faixas selecionadas no formulário";"Possível seleção genérica no formulário do AppSheet sem distribuição de vidas por faixa";"Preservar texto original; não inferir contagem específica por faixa"
"154e65f6";"MAZZA ENGENHARIA LTDA";"Seleção Completa de Faixas (47 opções)";"Contém 47 faixas selecionadas no formulário";"Possível seleção genérica no formulário do AppSheet sem distribuição de vidas por faixa";"Preservar texto original; não inferir contagem específica por faixa"
"feb87126";"INOPEL INDUSTRIA NORDESTINA DE PRODUTOS ELETRICOS LTDA";"Seleção Completa de Faixas (47 opções)";"Contém 47 faixas selecionadas no formulário";"Possível seleção genérica no formulário do AppSheet sem distribuição de vidas por faixa";"Preservar texto original; não inferir contagem específica por faixa"
"1f4391b4";"SOHO RESTAURANTE LTDA";"Seleção Completa de Faixas (47 opções)";"Contém 47 faixas selecionadas no formulário";"Possível seleção genérica no formulário do AppSheet sem distribuição de vidas por faixa";"Preservar texto original; não inferir contagem específica por faixa"
"2d595677";"FREEDOM SOLUÇÃO EM SERVIÇOS LTDA";"Seleção Completa de Faixas (47 opções)";"Contém 47 faixas selecionadas no formulário";"Possível seleção genérica no formulário do AppSheet sem distribuição de vidas por faixa";"Preservar texto original; não inferir contagem específica por faixa"
"f471914e";"FUNDAÇÃO ADM";"Seleção Completa de Faixas (47 opções)";"Contém 47 faixas selecionadas no formulário";"Possível seleção genérica no formulário do AppSheet sem distribuição de vidas por faixa";"Preservar texto original; não inferir contagem específica por faixa"
"47703930";"EXPRESSO RODOVIARIO 1001 LTDA";"Seleção Completa de Faixas (47 opções)";"Contém 47 faixas selecionadas no formulário";"Possível seleção genérica no formulário do AppSheet sem distribuição de vidas por faixa";"Preservar texto original; não inferir contagem específica por faixa"
"5388cca6";"C3 ENGENHARIA";"Seleção Completa de Faixas (47 opções)";"Contém 47 faixas selecionadas no formulário";"Possível seleção genérica no formulário do AppSheet sem distribuição de vidas por faixa";"Preservar texto original; não inferir contagem específica por faixa"
"ca780c9b";"IMPERIO SECURITY VIGILANCIA PATRIMONIAL";"Seleção Completa de Faixas (47 opções)";"Contém 47 faixas selecionadas no formulário";"Possível seleção genérica no formulário do AppSheet sem distribuição de vidas por faixa";"Preservar texto original; não inferir contagem específica por faixa"
"41f1d77a";"UPLINK INTERNET LTDA";"Seleção Completa de Faixas (47 opções)";"Contém 47 faixas selecionadas no formulário";"Possível seleção genérica no formulário do AppSheet sem distribuição de vidas por faixa";"Preservar texto original; não inferir contagem específica por faixa"
"6b45cb82";"COMCARNE COMERCIAL DE CARNES LTDA";"Seleção Completa de Faixas (47 opções)";"Contém 47 faixas selecionadas no formulário";"Possível seleção genérica no formulário do AppSheet sem distribuição de vidas por faixa";"Preservar texto original; não inferir contagem específica por faixa"
"bec0fb34";"ARTEL ENGENHARIA E SERVIÇOS LTDA";"Seleção Completa de Faixas (47 opções)";"Contém 47 faixas selecionadas no formulário";"Possível seleção genérica no formulário do AppSheet sem distribuição de vidas por faixa";"Preservar texto original; não inferir contagem específica por faixa"
"e5a2d04a";"CEB SEGURANÇA LTDA";"Seleção Completa de Faixas (47 opções)";"Contém 47 faixas selecionadas no formulário";"Possível seleção genérica no formulário do AppSheet sem distribuição de vidas por faixa";"Preservar texto original; não inferir contagem específica por faixa"
"16f52d96";"CENEGED- COMPAHIA ELETROMECANICA E GERENCIAMENTO DE DADOS SA";"Seleção Completa de Faixas (47 opções)";"Contém 47 faixas selecionadas no formulário";"Possível seleção genérica no formulário do AppSheet sem distribuição de vidas por faixa";"Preservar texto original; não inferir contagem específica por faixa"
"4487a432";"TROPICAL MULTILOJA";"Seleção Completa de Faixas (47 opções)";"Contém 47 faixas selecionadas no formulário";"Possível seleção genérica no formulário do AppSheet sem distribuição de vidas por faixa";"Preservar texto original; não inferir contagem específica por faixa"
"7fb192d9";"SINDICATO DAS EMPRESAS DE TRANSPORTE DE CARGAS E LOGISTICA DO ESTADO DE MA ( SETECEMA)";"Seleção Completa de Faixas (47 opções)";"Contém 47 faixas selecionadas no formulário";"Possível seleção genérica no formulário do AppSheet sem distribuição de vidas por faixa";"Preservar texto original; não inferir contagem específica por faixa"
"727ce4ad";"SINDICATO DOS TRABALHADORES EM TRANSPORTE RODOVIARIOS DO ESTADO DO MARANHAO ( SETTREMA)";"Seleção Completa de Faixas (47 opções)";"Contém 47 faixas selecionadas no formulário";"Possível seleção genérica no formulário do AppSheet sem distribuição de vidas por faixa";"Preservar texto original; não inferir contagem específica por faixa"
"8c894576";"EQUILIBRIO PROTECAO FLORESTAL LTDA";"Seleção Completa de Faixas (47 opções)";"Contém 47 faixas selecionadas no formulário";"Possível seleção genérica no formulário do AppSheet sem distribuição de vidas por faixa";"Preservar texto original; não inferir contagem específica por faixa"
"8ab2e462";"IPHONE SELECT";"Seleção Completa de Faixas (47 opções)";"Contém 47 faixas selecionadas no formulário";"Possível seleção genérica no formulário do AppSheet sem distribuição de vidas por faixa";"Preservar texto original; não inferir contagem específica por faixa"
"f62544e3";"COLEGIO INA";"Seleção Completa de Faixas (47 opções)";"Contém 47 faixas selecionadas no formulário";"Possível seleção genérica no formulário do AppSheet sem distribuição de vidas por faixa";"Preservar texto original; não inferir contagem específica por faixa"
"d66fa2a9";"ALOK SERVICE LTDA";"Seleção Completa de Faixas (47 opções)";"Contém 47 faixas selecionadas no formulário";"Possível seleção genérica no formulário do AppSheet sem distribuição de vidas por faixa";"Preservar texto original; não inferir contagem específica por faixa"
"dcab2d55";"HOSPITAL MATER DEI";"Seleção Completa de Faixas (47 opções)";"Contém 47 faixas selecionadas no formulário";"Possível seleção genérica no formulário do AppSheet sem distribuição de vidas por faixa";"Preservar texto original; não inferir contagem específica por faixa"
"dd8fe584";"INSTITUTO DE REABILITAÇÃO E PREVENCAO EM SAUDE INDAIA";"Seleção Completa de Faixas (47 opções)";"Contém 47 faixas selecionadas no formulário";"Possível seleção genérica no formulário do AppSheet sem distribuição de vidas por faixa";"Preservar texto original; não inferir contagem específica por faixa"
"fa19d020";"HTD EMPREENDIMENTOS LTDA";"Seleção Completa de Faixas (47 opções)";"Contém 47 faixas selecionadas no formulário";"Possível seleção genérica no formulário do AppSheet sem distribuição de vidas por faixa";"Preservar texto original; não inferir contagem específica por faixa"
"29afd09b";"HTD SERVICOS E LOCAÇÕES LTDA";"Seleção Completa de Faixas (47 opções)";"Contém 47 faixas selecionadas no formulário";"Possível seleção genérica no formulário do AppSheet sem distribuição de vidas por faixa";"Preservar texto original; não inferir contagem específica por faixa"
"2aa85bd6";"ESFERA SERVIÇOS";"Seleção Completa de Faixas (47 opções)";"Contém 47 faixas selecionadas no formulário";"Possível seleção genérica no formulário do AppSheet sem distribuição de vidas por faixa";"Preservar texto original; não inferir contagem específica por faixa"
"f9c76339";"TOPSEG SEGURANCA PATRIMONIAL LTDA";"Seleção Completa de Faixas (47 opções)";"Contém 47 faixas selecionadas no formulário";"Possível seleção genérica no formulário do AppSheet sem distribuição de vidas por faixa";"Preservar texto original; não inferir contagem específica por faixa"
"b82f828d";"HOLISTE PSIQUIATRIA LTDA";"Seleção Completa de Faixas (47 opções)";"Contém 47 faixas selecionadas no formulário";"Possível seleção genérica no formulário do AppSheet sem distribuição de vidas por faixa";"Preservar texto original; não inferir contagem específica por faixa"
"ef8e91d2";"AA ALTERNATIVA TRANSPORTES LTDA";"Seleção Completa de Faixas (47 opções)";"Contém 47 faixas selecionadas no formulário";"Possível seleção genérica no formulário do AppSheet sem distribuição de vidas por faixa";"Preservar texto original; não inferir contagem específica por faixa"
"86948b2d";"RP TRANSPORTE E SERVIÇOS LTDA / RCS TRANSPORTE E SERVICOS LTDA";"Seleção Completa de Faixas (47 opções)";"Contém 47 faixas selecionadas no formulário";"Possível seleção genérica no formulário do AppSheet sem distribuição de vidas por faixa";"Preservar texto original; não inferir contagem específica por faixa"
"33b5b8f0";"PEDREIRAS LAGE LTDA";"Seleção Completa de Faixas (47 opções)";"Contém 47 faixas selecionadas no formulário";"Possível seleção genérica no formulário do AppSheet sem distribuição de vidas por faixa";"Preservar texto original; não inferir contagem específica por faixa"
"da487626";"TERMOPLAST EMBALAGENS LTDA";"Seleção Completa de Faixas (47 opções)";"Contém 47 faixas selecionadas no formulário";"Possível seleção genérica no formulário do AppSheet sem distribuição de vidas por faixa";"Preservar texto original; não inferir contagem específica por faixa"
"c7f0a430";"VAP BAHIA EMBIENTAL COLETA DE RESIDUOS LTDA";"Seleção Completa de Faixas (47 opções)";"Contém 47 faixas selecionadas no formulário";"Possível seleção genérica no formulário do AppSheet sem distribuição de vidas por faixa";"Preservar texto original; não inferir contagem específica por faixa"
"46f834c6";"CONDOMINIO EDIFICIO MORADA DOS CARDEAIS";"Seleção Completa de Faixas (47 opções)";"Contém 47 faixas selecionadas no formulário";"Possível seleção genérica no formulário do AppSheet sem distribuição de vidas por faixa";"Preservar texto original; não inferir contagem específica por faixa"
"13dfec18";"PARCEIRO SERVIÇOS ADMNISTRATIVOS LTDA";"Seleção Completa de Faixas (47 opções)";"Contém 47 faixas selecionadas no formulário";"Possível seleção genérica no formulário do AppSheet sem distribuição de vidas por faixa";"Preservar texto original; não inferir contagem específica por faixa"
"18db61ab";"LITORAL DISTRIBUIDORA DE BEBIDAS LTDA";"Seleção Completa de Faixas (47 opções)";"Contém 47 faixas selecionadas no formulário";"Possível seleção genérica no formulário do AppSheet sem distribuição de vidas por faixa";"Preservar texto original; não inferir contagem específica por faixa"
"473212fd";"DROGAFORTE LTDA";"Seleção Completa de Faixas (47 opções)";"Contém 47 faixas selecionadas no formulário";"Possível seleção genérica no formulário do AppSheet sem distribuição de vidas por faixa";"Preservar texto original; não inferir contagem específica por faixa"
"4d7bcb31";"COMERCIO DE FERRO AREVALO E JUNIOR LTDA";"Seleção Completa de Faixas (47 opções)";"Contém 47 faixas selecionadas no formulário";"Possível seleção genérica no formulário do AppSheet sem distribuição de vidas por faixa";"Preservar texto original; não inferir contagem específica por faixa"
"e4abe5e7";"KERO- KERO PAES EMBALADOS LTDA";"Seleção Completa de Faixas (47 opções)";"Contém 47 faixas selecionadas no formulário";"Possível seleção genérica no formulário do AppSheet sem distribuição de vidas por faixa";"Preservar texto original; não inferir contagem específica por faixa"
"f7729e67";"O BARATÃO AUTO PEÇAS";"Seleção Completa de Faixas (47 opções)";"Contém 47 faixas selecionadas no formulário";"Possível seleção genérica no formulário do AppSheet sem distribuição de vidas por faixa";"Preservar texto original; não inferir contagem específica por faixa"
"f9778e2d";"SINDPAN";"Seleção Completa de Faixas (47 opções)";"Contém 47 faixas selecionadas no formulário";"Possível seleção genérica no formulário do AppSheet sem distribuição de vidas por faixa";"Preservar texto original; não inferir contagem específica por faixa"
"c7345957";"ENGEPON TELECOM LTDA";"Seleção Completa de Faixas (47 opções)";"Contém 47 faixas selecionadas no formulário";"Possível seleção genérica no formulário do AppSheet sem distribuição de vidas por faixa";"Preservar texto original; não inferir contagem específica por faixa"
"babc649f";"ORV SERVICOS DE MANUTENÇÃO LTDA";"Seleção Completa de Faixas (47 opções)";"Contém 47 faixas selecionadas no formulário";"Possível seleção genérica no formulário do AppSheet sem distribuição de vidas por faixa";"Preservar texto original; não inferir contagem específica por faixa"
"98b63328";"MAPRON MATERIAIS PARA CONSTRUÇÃO LIMITADA";"Seleção Completa de Faixas (47 opções)";"Contém 47 faixas selecionadas no formulário";"Possível seleção genérica no formulário do AppSheet sem distribuição de vidas por faixa";"Preservar texto original; não inferir contagem específica por faixa"
"14203cd5";"PARCEIRO SERVIÇOS EDMNISTRATIVOS LTDA";"Seleção Completa de Faixas (47 opções)";"Contém 47 faixas selecionadas no formulário";"Possível seleção genérica no formulário do AppSheet sem distribuição de vidas por faixa";"Preservar texto original; não inferir contagem específica por faixa"
"9e8ab993";"TOPSEG SEGURANÇA PATRIMONIAL LTDA";"Seleção Completa de Faixas (47 opções)";"Contém 47 faixas selecionadas no formulário";"Possível seleção genérica no formulário do AppSheet sem distribuição de vidas por faixa";"Preservar texto original; não inferir contagem específica por faixa"
"746fbe1f";"EDITORA JORNAL DO COMMERCIO LTDA";"Seleção Completa de Faixas (47 opções)";"Contém 47 faixas selecionadas no formulário";"Possível seleção genérica no formulário do AppSheet sem distribuição de vidas por faixa";"Preservar texto original; não inferir contagem específica por faixa"
"df65db80";"SOLUTION DISTRIBUIDORA DE PRODUTOS VETERINARIOS LTDA";"Seleção Completa de Faixas (47 opções)";"Contém 47 faixas selecionadas no formulário";"Possível seleção genérica no formulário do AppSheet sem distribuição de vidas por faixa";"Preservar texto original; não inferir contagem específica por faixa"
"91780d59";"CENTRO DE MEDICINA HUMANA LTDA";"Seleção Completa de Faixas (47 opções)";"Contém 47 faixas selecionadas no formulário";"Possível seleção genérica no formulário do AppSheet sem distribuição de vidas por faixa";"Preservar texto original; não inferir contagem específica por faixa"
"f8b09101";"DINAMO ENGENHARIA LTDA";"Seleção Completa de Faixas (47 opções)";"Contém 47 faixas selecionadas no formulário";"Possível seleção genérica no formulário do AppSheet sem distribuição de vidas por faixa";"Preservar texto original; não inferir contagem específica por faixa"
"744d1a70";"PETROBAHIA SA";"Seleção Completa de Faixas (47 opções)";"Contém 47 faixas selecionadas no formulário";"Possível seleção genérica no formulário do AppSheet sem distribuição de vidas por faixa";"Preservar texto original; não inferir contagem específica por faixa"
"e5245852";"OUTBACK STEAKHOUSE RESTAURANTES BRASIL SA";"Seleção Completa de Faixas (47 opções)";"Contém 47 faixas selecionadas no formulário";"Possível seleção genérica no formulário do AppSheet sem distribuição de vidas por faixa";"Preservar texto original; não inferir contagem específica por faixa"
"f56fd802";"GLOBALTECH BRASIL LTDA";"Seleção Completa de Faixas (47 opções)";"Contém 47 faixas selecionadas no formulário";"Possível seleção genérica no formulário do AppSheet sem distribuição de vidas por faixa";"Preservar texto original; não inferir contagem específica por faixa"
"da7d64c8";"DP COMERCIO DE AGUA LTDA";"Seleção Completa de Faixas (47 opções)";"Contém 47 faixas selecionadas no formulário";"Possível seleção genérica no formulário do AppSheet sem distribuição de vidas por faixa";"Preservar texto original; não inferir contagem específica por faixa"
"71a92af1";"DB COMERCIO DE FRUTAS LTDA";"Seleção Completa de Faixas (47 opções)";"Contém 47 faixas selecionadas no formulário";"Possível seleção genérica no formulário do AppSheet sem distribuição de vidas por faixa";"Preservar texto original; não inferir contagem específica por faixa"
"e270b3a6";"OPEN BUILDING SYSTEM BRASIL LTDA";"Seleção Completa de Faixas (47 opções)";"Contém 47 faixas selecionadas no formulário";"Possível seleção genérica no formulário do AppSheet sem distribuição de vidas por faixa";"Preservar texto original; não inferir contagem específica por faixa"
"d71d9029";"AIR LESS SERRANA SERVIÇOS LTDA";"Seleção Completa de Faixas (47 opções)";"Contém 47 faixas selecionadas no formulário";"Possível seleção genérica no formulário do AppSheet sem distribuição de vidas por faixa";"Preservar texto original; não inferir contagem específica por faixa"
"25c3ba1b";"ZINNI E GYELL INDUSTRIA DE AUTO PEÇAS LTDA";"Seleção Completa de Faixas (47 opções)";"Contém 47 faixas selecionadas no formulário";"Possível seleção genérica no formulário do AppSheet sem distribuição de vidas por faixa";"Preservar texto original; não inferir contagem específica por faixa"
"c87b88bb";"PRISMA CONSULTORIA AMBIENTAL LTDA";"Seleção Completa de Faixas (47 opções)";"Contém 47 faixas selecionadas no formulário";"Possível seleção genérica no formulário do AppSheet sem distribuição de vidas por faixa";"Preservar texto original; não inferir contagem específica por faixa"
"e1b17ecf";"MUNICIPIO DE VALENCA";"Seleção Completa de Faixas (47 opções)";"Contém 47 faixas selecionadas no formulário";"Possível seleção genérica no formulário do AppSheet sem distribuição de vidas por faixa";"Preservar texto original; não inferir contagem específica por faixa"
"7965bdd4";"SOCIALIZA EMPREENDIMENTOS E SERVIÇOS DE MANUTENÇÃO LTDA";"Seleção Completa de Faixas (47 opções)";"Contém 47 faixas selecionadas no formulário";"Possível seleção genérica no formulário do AppSheet sem distribuição de vidas por faixa";"Preservar texto original; não inferir contagem específica por faixa"
"d116cd3f";"ML LOCAÇÃO DE MAQUINAS EQUIPAMENTOS";"Seleção Completa de Faixas (47 opções)";"Contém 47 faixas selecionadas no formulário";"Possível seleção genérica no formulário do AppSheet sem distribuição de vidas por faixa";"Preservar texto original; não inferir contagem específica por faixa"
"e9e5f65d";"BARROS SILVA CONSULTORIA";"Seleção Completa de Faixas (47 opções)";"Contém 47 faixas selecionadas no formulário";"Possível seleção genérica no formulário do AppSheet sem distribuição de vidas por faixa";"Preservar texto original; não inferir contagem específica por faixa"
"a4f2b817";"SINDICATO DOS EMPREGADOS DAS EMPRESAS DE TRANSPORTES DE CARGAS E LOGIST REGIÃO SUL ESTADO DO MARANHÃO";"Seleção Completa de Faixas (47 opções)";"Contém 47 faixas selecionadas no formulário";"Possível seleção genérica no formulário do AppSheet sem distribuição de vidas por faixa";"Preservar texto original; não inferir contagem específica por faixa"
"02432d9f";"GOTEMBURGO VEICULO LTDA";"Seleção Completa de Faixas (47 opções)";"Contém 47 faixas selecionadas no formulário";"Possível seleção genérica no formulário do AppSheet sem distribuição de vidas por faixa";"Preservar texto original; não inferir contagem específica por faixa"
"6fd760fe";"CRC DA COSTA TRANSPORTES LTDA";"Seleção Completa de Faixas (47 opções)";"Contém 47 faixas selecionadas no formulário";"Possível seleção genérica no formulário do AppSheet sem distribuição de vidas por faixa";"Preservar texto original; não inferir contagem específica por faixa"
"58927e5a";"QWA INSPERÇÃO E SERVIÇOS LTDA";"Seleção Completa de Faixas (47 opções)";"Contém 47 faixas selecionadas no formulário";"Possível seleção genérica no formulário do AppSheet sem distribuição de vidas por faixa";"Preservar texto original; não inferir contagem específica por faixa"
"bff8b901";"VEPER SERVIÇOS ESPECIALIZADOS";"Seleção Completa de Faixas (47 opções)";"Contém 47 faixas selecionadas no formulário";"Possível seleção genérica no formulário do AppSheet sem distribuição de vidas por faixa";"Preservar texto original; não inferir contagem específica por faixa"
"55bf9515";"HIGICLEAN TECNOLOGIA EM HIGIENIZAÇÃO E CONSERVAÇÃO LTDA";"Seleção Completa de Faixas (47 opções)";"Contém 47 faixas selecionadas no formulário";"Possível seleção genérica no formulário do AppSheet sem distribuição de vidas por faixa";"Preservar texto original; não inferir contagem específica por faixa"
"b104c3dc";"VAP BAHIA AMBIENTAL COLETA DE RESIDUOS LTDA";"Seleção Completa de Faixas (47 opções)";"Contém 47 faixas selecionadas no formulário";"Possível seleção genérica no formulário do AppSheet sem distribuição de vidas por faixa";"Preservar texto original; não inferir contagem específica por faixa"
"b9a852b7";"SSN INCORPORAÇÕES E EMPREENDIMENTOS LTDA";"Seleção Completa de Faixas (47 opções)";"Contém 47 faixas selecionadas no formulário";"Possível seleção genérica no formulário do AppSheet sem distribuição de vidas por faixa";"Preservar texto original; não inferir contagem específica por faixa"
"d202e899";"TIVIT TERCEIRIZAÇÃO DE PROCESSOS, SERVIÇOS E TECNOLOGIA S/A";"Seleção Completa de Faixas (47 opções)";"Contém 47 faixas selecionadas no formulário";"Possível seleção genérica no formulário do AppSheet sem distribuição de vidas por faixa";"Preservar texto original; não inferir contagem específica por faixa"
"d7e3afab";"METALCASTY LTDA";"Seleção Completa de Faixas (47 opções)";"Contém 47 faixas selecionadas no formulário";"Possível seleção genérica no formulário do AppSheet sem distribuição de vidas por faixa";"Preservar texto original; não inferir contagem específica por faixa"
"b17cb4a0";"ELOS ENGENHARIA";"Seleção Completa de Faixas (47 opções)";"Contém 47 faixas selecionadas no formulário";"Possível seleção genérica no formulário do AppSheet sem distribuição de vidas por faixa";"Preservar texto original; não inferir contagem específica por faixa"
"f0a74628";"PIGMA GRAFICA E EDITORA LTDA";"Seleção Completa de Faixas (47 opções)";"Contém 47 faixas selecionadas no formulário";"Possível seleção genérica no formulário do AppSheet sem distribuição de vidas por faixa";"Preservar texto original; não inferir contagem específica por faixa"
"8d552131";"ASOCIAÇÃO DOS TRABALHADORES E APOSENTADOS DA EMBASA";"Seleção Completa de Faixas (47 opções)";"Contém 47 faixas selecionadas no formulário";"Possível seleção genérica no formulário do AppSheet sem distribuição de vidas por faixa";"Preservar texto original; não inferir contagem específica por faixa"
"a0f5e7f6";"BARCINO ESTEVE CONSTRUTORA";"Seleção Completa de Faixas (47 opções)";"Contém 47 faixas selecionadas no formulário";"Possível seleção genérica no formulário do AppSheet sem distribuição de vidas por faixa";"Preservar texto original; não inferir contagem específica por faixa"
"11c67946";"PA ARQUIVOS LTDA";"Seleção Completa de Faixas (47 opções)";"Contém 47 faixas selecionadas no formulário";"Possível seleção genérica no formulário do AppSheet sem distribuição de vidas por faixa";"Preservar texto original; não inferir contagem específica por faixa"
"26013b7f";"AZ4 DISPLAYS INDUSTRIA E COMERCIO LTDA";"Seleção Completa de Faixas (47 opções)";"Contém 47 faixas selecionadas no formulário";"Possível seleção genérica no formulário do AppSheet sem distribuição de vidas por faixa";"Preservar texto original; não inferir contagem específica por faixa"
"6f34c062";"NX BOATS INDISTRIA E COMERCIO DE PRODUTOS NAUTICOS LTDA";"Seleção Completa de Faixas (47 opções)";"Contém 47 faixas selecionadas no formulário";"Possível seleção genérica no formulário do AppSheet sem distribuição de vidas por faixa";"Preservar texto original; não inferir contagem específica por faixa"
"d0f7afa0";"EXPRESSLIMP LIMPEZA E CONSERVAÇÃO LTDA";"Seleção Completa de Faixas (47 opções)";"Contém 47 faixas selecionadas no formulário";"Possível seleção genérica no formulário do AppSheet sem distribuição de vidas por faixa";"Preservar texto original; não inferir contagem específica por faixa"
"13ba2835";"YTAQUITI CONSTRUTORA LTDA";"Seleção Completa de Faixas (47 opções)";"Contém 47 faixas selecionadas no formulário";"Possível seleção genérica no formulário do AppSheet sem distribuição de vidas por faixa";"Preservar texto original; não inferir contagem específica por faixa"
"5f3dabe0";"MULTIMODAL TRANSPORTE E DEPOSITOS D K LTDA";"Seleção Completa de Faixas (47 opções)";"Contém 47 faixas selecionadas no formulário";"Possível seleção genérica no formulário do AppSheet sem distribuição de vidas por faixa";"Preservar texto original; não inferir contagem específica por faixa"
"ed892dbe";"ZE TELECOM SERVIÇOS";"Seleção Completa de Faixas (47 opções)";"Contém 47 faixas selecionadas no formulário";"Possível seleção genérica no formulário do AppSheet sem distribuição de vidas por faixa";"Preservar texto original; não inferir contagem específica por faixa"
"f7d8096b";"WERLANG CONFORT FOOD LTDA";"Seleção Completa de Faixas (47 opções)";"Contém 47 faixas selecionadas no formulário";"Possível seleção genérica no formulário do AppSheet sem distribuição de vidas por faixa";"Preservar texto original; não inferir contagem específica por faixa"
"f09b3ac7";"ITAPAGIPE GAS COMERCIO DE GLP LTDA";"Seleção Completa de Faixas (47 opções)";"Contém 47 faixas selecionadas no formulário";"Possível seleção genérica no formulário do AppSheet sem distribuição de vidas por faixa";"Preservar texto original; não inferir contagem específica por faixa"
"e0a30945";"ESCOLA MEDALHA MILAGROSA";"Seleção Completa de Faixas (47 opções)";"Contém 47 faixas selecionadas no formulário";"Possível seleção genérica no formulário do AppSheet sem distribuição de vidas por faixa";"Preservar texto original; não inferir contagem específica por faixa"
"231aa1d9";"VALDINEIA BATISTA MOTA FEITOSA";"Seleção Completa de Faixas (47 opções)";"Contém 47 faixas selecionadas no formulário";"Possível seleção genérica no formulário do AppSheet sem distribuição de vidas por faixa";"Preservar texto original; não inferir contagem específica por faixa"
"eb7a8ddb";"GRUPO DE AFINIDADE AERO HOTEL, LF EMPREENDIMENTOS, FIRME PRAIA";"Seleção Completa de Faixas (47 opções)";"Contém 47 faixas selecionadas no formulário";"Possível seleção genérica no formulário do AppSheet sem distribuição de vidas por faixa";"Preservar texto original; não inferir contagem específica por faixa"
"0a478a93";"BRASIL ATACADO LTDA";"Seleção Completa de Faixas (47 opções)";"Contém 47 faixas selecionadas no formulário";"Possível seleção genérica no formulário do AppSheet sem distribuição de vidas por faixa";"Preservar texto original; não inferir contagem específica por faixa"
"48b8985c";"POTIGUAR MATERIAIS DE CONSTRUÇÃO S.A";"Seleção Completa de Faixas (47 opções)";"Contém 47 faixas selecionadas no formulário";"Possível seleção genérica no formulário do AppSheet sem distribuição de vidas por faixa";"Preservar texto original; não inferir contagem específica por faixa"
"06203cff";"LYNKZ - VIEIRA BRASIL";"Seleção Completa de Faixas (47 opções)";"Contém 47 faixas selecionadas no formulário";"Possível seleção genérica no formulário do AppSheet sem distribuição de vidas por faixa";"Preservar texto original; não inferir contagem específica por faixa"
"b2d39255";"TRANSPORTADORA ROLIM LTDA";"Seleção Completa de Faixas (47 opções)";"Contém 47 faixas selecionadas no formulário";"Possível seleção genérica no formulário do AppSheet sem distribuição de vidas por faixa";"Preservar texto original; não inferir contagem específica por faixa"
"e2e1ff4f";"A GERADORA ALUGUEL DE MAQUINAS S.A";"Seleção Completa de Faixas (47 opções)";"Contém 47 faixas selecionadas no formulário";"Possível seleção genérica no formulário do AppSheet sem distribuição de vidas por faixa";"Preservar texto original; não inferir contagem específica por faixa"
"3ae6bd2d";"A.C. DE SOUZA TEIXEIRA E CIA LTDA";"Seleção Completa de Faixas (47 opções)";"Contém 47 faixas selecionadas no formulário";"Possível seleção genérica no formulário do AppSheet sem distribuição de vidas por faixa";"Preservar texto original; não inferir contagem específica por faixa"
"48428f54";"CHIACCHIO INDUSTRIA DE EMBALAGENS LTDA";"Seleção Completa de Faixas (47 opções)";"Contém 47 faixas selecionadas no formulário";"Possível seleção genérica no formulário do AppSheet sem distribuição de vidas por faixa";"Preservar texto original; não inferir contagem específica por faixa"
"ced01cda";"NMS SERVIÇOS LTDA";"Seleção Completa de Faixas (47 opções)";"Contém 47 faixas selecionadas no formulário";"Possível seleção genérica no formulário do AppSheet sem distribuição de vidas por faixa";"Preservar texto original; não inferir contagem específica por faixa"
"82a37041";"ELVIS ENGENHARIA LTDA";"Seleção Completa de Faixas (47 opções)";"Contém 47 faixas selecionadas no formulário";"Possível seleção genérica no formulário do AppSheet sem distribuição de vidas por faixa";"Preservar texto original; não inferir contagem específica por faixa"
"41595db9";"LABORATORIO DE ANALISES CLINICAS JAIME FELIX CERQUEIRA LTDA";"Seleção Completa de Faixas (47 opções)";"Contém 47 faixas selecionadas no formulário";"Possível seleção genérica no formulário do AppSheet sem distribuição de vidas por faixa";"Preservar texto original; não inferir contagem específica por faixa"
"b645ed43";"TRIX MIRIM ALIMENTAÇÃO ESCOLAR LTDA";"Seleção Completa de Faixas (47 opções)";"Contém 47 faixas selecionadas no formulário";"Possível seleção genérica no formulário do AppSheet sem distribuição de vidas por faixa";"Preservar texto original; não inferir contagem específica por faixa"
"7c2c9542";"GARRA SERVIÇOS LTDA";"Seleção Completa de Faixas (47 opções)";"Contém 47 faixas selecionadas no formulário";"Possível seleção genérica no formulário do AppSheet sem distribuição de vidas por faixa";"Preservar texto original; não inferir contagem específica por faixa"
"42ac8112";"CAPIBARIBE VIAGENS TURISMO E LOCADORA LTDA";"Seleção Completa de Faixas (47 opções)";"Contém 47 faixas selecionadas no formulário";"Possível seleção genérica no formulário do AppSheet sem distribuição de vidas por faixa";"Preservar texto original; não inferir contagem específica por faixa"
"e49eff1e";"PRO SECURITY SEGURANÇA PATRIMONIAL LTDA";"Seleção Completa de Faixas (47 opções)";"Contém 47 faixas selecionadas no formulário";"Possível seleção genérica no formulário do AppSheet sem distribuição de vidas por faixa";"Preservar texto original; não inferir contagem específica por faixa"
"fb9e5dfb";"BOMPLASTIL EMBALAGENS LTDA";"Seleção Completa de Faixas (47 opções)";"Contém 47 faixas selecionadas no formulário";"Possível seleção genérica no formulário do AppSheet sem distribuição de vidas por faixa";"Preservar texto original; não inferir contagem específica por faixa"
"6fc15886";"GALLOTTI TRUCKS VITORIA DA CONQUISTA";"Seleção Completa de Faixas (47 opções)";"Contém 47 faixas selecionadas no formulário";"Possível seleção genérica no formulário do AppSheet sem distribuição de vidas por faixa";"Preservar texto original; não inferir contagem específica por faixa"
"0e490a5f";"BLUE TINTAS LTDA";"Seleção Completa de Faixas (47 opções)";"Contém 47 faixas selecionadas no formulário";"Possível seleção genérica no formulário do AppSheet sem distribuição de vidas por faixa";"Preservar texto original; não inferir contagem específica por faixa"
"1e27267b";"PAMPULHA ENGENHARIA LTDA";"Seleção Completa de Faixas (47 opções)";"Contém 47 faixas selecionadas no formulário";"Possível seleção genérica no formulário do AppSheet sem distribuição de vidas por faixa";"Preservar texto original; não inferir contagem específica por faixa"
"1e12c968";"MIRASOL TRANSPORTE E ARMEZEM LTDA";"Seleção Completa de Faixas (47 opções)";"Contém 47 faixas selecionadas no formulário";"Possível seleção genérica no formulário do AppSheet sem distribuição de vidas por faixa";"Preservar texto original; não inferir contagem específica por faixa"
"c6863c74";"MAX FORTE SERVIÇOES DE SEGURANÇA LTDA";"Seleção Completa de Faixas (47 opções)";"Contém 47 faixas selecionadas no formulário";"Possível seleção genérica no formulário do AppSheet sem distribuição de vidas por faixa";"Preservar texto original; não inferir contagem específica por faixa"
"953f0e36";"LABORATORIO DE ANALISES CLINICAS FERNANDO QUEIROZ LTDA";"Seleção Completa de Faixas (47 opções)";"Contém 47 faixas selecionadas no formulário";"Possível seleção genérica no formulário do AppSheet sem distribuição de vidas por faixa";"Preservar texto original; não inferir contagem específica por faixa"
"ff9dfc96";"SALINOR- SALINAS DO NORDESTE S.A";"Seleção Completa de Faixas (47 opções)";"Contém 47 faixas selecionadas no formulário";"Possível seleção genérica no formulário do AppSheet sem distribuição de vidas por faixa";"Preservar texto original; não inferir contagem específica por faixa"
"a453343e";"SAMACA BENEFICIAMENTOS E PROCESSAMENTOS LTDA";"Seleção Completa de Faixas (47 opções)";"Contém 47 faixas selecionadas no formulário";"Possível seleção genérica no formulário do AppSheet sem distribuição de vidas por faixa";"Preservar texto original; não inferir contagem específica por faixa"
"bc791446";"HOSPITAL DAS CLINICAS DE ALAGOINHAS LTDA";"Seleção Completa de Faixas (47 opções)";"Contém 47 faixas selecionadas no formulário";"Possível seleção genérica no formulário do AppSheet sem distribuição de vidas por faixa";"Preservar texto original; não inferir contagem específica por faixa"
"7f2281bc";"SERV MAIS SERVIÇOS DE LIMPEZA LTDA";"Seleção Completa de Faixas (47 opções)";"Contém 47 faixas selecionadas no formulário";"Possível seleção genérica no formulário do AppSheet sem distribuição de vidas por faixa";"Preservar texto original; não inferir contagem específica por faixa"
"21708d16";"BR ADMNISTRADORA EM GESTAO DE SAUDE LTDA";"Seleção Completa de Faixas (47 opções)";"Contém 47 faixas selecionadas no formulário";"Possível seleção genérica no formulário do AppSheet sem distribuição de vidas por faixa";"Preservar texto original; não inferir contagem específica por faixa"
"fc882f31";"EMR EU MEDICO RESISTENTE ENSINO LTDA";"Seleção Completa de Faixas (47 opções)";"Contém 47 faixas selecionadas no formulário";"Possível seleção genérica no formulário do AppSheet sem distribuição de vidas por faixa";"Preservar texto original; não inferir contagem específica por faixa"
"611cf596";"SERV ELECTRIN SERVIÇOS ELETRICOS E INSTRUMENTAÇÃO LTDA";"Seleção Completa de Faixas (47 opções)";"Contém 47 faixas selecionadas no formulário";"Possível seleção genérica no formulário do AppSheet sem distribuição de vidas por faixa";"Preservar texto original; não inferir contagem específica por faixa"
"54c9b4b6";"CDP SUPERMERCADOS LTDA";"Seleção Completa de Faixas (47 opções)";"Contém 47 faixas selecionadas no formulário";"Possível seleção genérica no formulário do AppSheet sem distribuição de vidas por faixa";"Preservar texto original; não inferir contagem específica por faixa"
"9b3d58d5";"LABORATORIO LINUS PAULING";"Seleção Completa de Faixas (47 opções)";"Contém 47 faixas selecionadas no formulário";"Possível seleção genérica no formulário do AppSheet sem distribuição de vidas por faixa";"Preservar texto original; não inferir contagem específica por faixa"
"46493ca0";"TRACO TRANSPORTES LTDA";"Seleção Completa de Faixas (47 opções)";"Contém 47 faixas selecionadas no formulário";"Possível seleção genérica no formulário do AppSheet sem distribuição de vidas por faixa";"Preservar texto original; não inferir contagem específica por faixa"
"59c4b870";"CONDOMINIO RESERVA DAS ARVORES";"Seleção Completa de Faixas (47 opções)";"Contém 47 faixas selecionadas no formulário";"Possível seleção genérica no formulário do AppSheet sem distribuição de vidas por faixa";"Preservar texto original; não inferir contagem específica por faixa"
"7f843563";"GRUPO SOHO";"Seleção Completa de Faixas (47 opções)";"Contém 47 faixas selecionadas no formulário";"Possível seleção genérica no formulário do AppSheet sem distribuição de vidas por faixa";"Preservar texto original; não inferir contagem específica por faixa"
"f23260e7";"G A SERVIÇOS DE APOIO ADMNISTRATIVOS LTDA";"Seleção Completa de Faixas (47 opções)";"Contém 47 faixas selecionadas no formulário";"Possível seleção genérica no formulário do AppSheet sem distribuição de vidas por faixa";"Preservar texto original; não inferir contagem específica por faixa"
"bccd94c7";"PANIFICADORA LUMEN LTDA";"Seleção Completa de Faixas (47 opções)";"Contém 47 faixas selecionadas no formulário";"Possível seleção genérica no formulário do AppSheet sem distribuição de vidas por faixa";"Preservar texto original; não inferir contagem específica por faixa"
"41e22a6e";"ABRIGO DO SALVADOR";"Seleção Completa de Faixas (47 opções)";"Contém 47 faixas selecionadas no formulário";"Possível seleção genérica no formulário do AppSheet sem distribuição de vidas por faixa";"Preservar texto original; não inferir contagem específica por faixa"
"11b0d95c";"FORSEG SERVIÇOS DE APOIO";"Seleção Completa de Faixas (47 opções)";"Contém 47 faixas selecionadas no formulário";"Possível seleção genérica no formulário do AppSheet sem distribuição de vidas por faixa";"Preservar texto original; não inferir contagem específica por faixa"
"9d12f583";"GRUPO AMAVIVA";"Seleção Completa de Faixas (47 opções)";"Contém 47 faixas selecionadas no formulário";"Possível seleção genérica no formulário do AppSheet sem distribuição de vidas por faixa";"Preservar texto original; não inferir contagem específica por faixa"
"00a1eaa5";"TRANSPARANA";"Seleção Completa de Faixas (47 opções)";"Contém 47 faixas selecionadas no formulário";"Possível seleção genérica no formulário do AppSheet sem distribuição de vidas por faixa";"Preservar texto original; não inferir contagem específica por faixa"
"544af109";"WEB ESTACIONAMENTO";"Seleção Completa de Faixas (47 opções)";"Contém 47 faixas selecionadas no formulário";"Possível seleção genérica no formulário do AppSheet sem distribuição de vidas por faixa";"Preservar texto original; não inferir contagem específica por faixa"
"7f95a267";"NOGPACK";"Seleção Completa de Faixas (47 opções)";"Contém 47 faixas selecionadas no formulário";"Possível seleção genérica no formulário do AppSheet sem distribuição de vidas por faixa";"Preservar texto original; não inferir contagem específica por faixa"
"d1a9e9d8";"OASIS ALIMENTOS LTDA";"Seleção Completa de Faixas (47 opções)";"Contém 47 faixas selecionadas no formulário";"Possível seleção genérica no formulário do AppSheet sem distribuição de vidas por faixa";"Preservar texto original; não inferir contagem específica por faixa"
"3a67a769";"CONTEC CONTABILIDADE";"Seleção Completa de Faixas (47 opções)";"Contém 47 faixas selecionadas no formulário";"Possível seleção genérica no formulário do AppSheet sem distribuição de vidas por faixa";"Preservar texto original; não inferir contagem específica por faixa"
"b2002231";"NSPORTS CONTEUDO ESPORTIVO SA";"Seleção Completa de Faixas (47 opções)";"Contém 47 faixas selecionadas no formulário";"Possível seleção genérica no formulário do AppSheet sem distribuição de vidas por faixa";"Preservar texto original; não inferir contagem específica por faixa"
"ce990836";"E.R SEGURANÇA E VIGILANCIA LTDA";"Seleção Completa de Faixas (47 opções)";"Contém 47 faixas selecionadas no formulário";"Possível seleção genérica no formulário do AppSheet sem distribuição de vidas por faixa";"Preservar texto original; não inferir contagem específica por faixa"
"56de1f0c";"ALEPH CONSERVADORA LTDA";"Seleção Completa de Faixas (47 opções)";"Contém 47 faixas selecionadas no formulário";"Possível seleção genérica no formulário do AppSheet sem distribuição de vidas por faixa";"Preservar texto original; não inferir contagem específica por faixa"
"b683ffd2";"VERTICAL TERCEIRIZAÇÃO DE SERVIÇOS LTDA";"Seleção Completa de Faixas (47 opções)";"Contém 47 faixas selecionadas no formulário";"Possível seleção genérica no formulário do AppSheet sem distribuição de vidas por faixa";"Preservar texto original; não inferir contagem específica por faixa"
"a8592d4b";"PROTEÇÃO AGUIA SERVIÇOS EMPRESARIAIS";"Seleção Completa de Faixas (47 opções)";"Contém 47 faixas selecionadas no formulário";"Possível seleção genérica no formulário do AppSheet sem distribuição de vidas por faixa";"Preservar texto original; não inferir contagem específica por faixa"
"fbe9b194";"R.P.L ENGENHARIA E SERVIÇOS LTDA EM RECUPERAÇÃO JUDICIAL";"Seleção Completa de Faixas (47 opções)";"Contém 47 faixas selecionadas no formulário";"Possível seleção genérica no formulário do AppSheet sem distribuição de vidas por faixa";"Preservar texto original; não inferir contagem específica por faixa"
"6d5a5da8";"CENTRO SANEAMENTO E SERVIÇOS AVANÇADPS LTDA";"Seleção Completa de Faixas (47 opções)";"Contém 47 faixas selecionadas no formulário";"Possível seleção genérica no formulário do AppSheet sem distribuição de vidas por faixa";"Preservar texto original; não inferir contagem específica por faixa"
"865cca2a";"ERGOS DISTRIBUIDORA DE BEBIDAS LTDA";"Seleção Completa de Faixas (47 opções)";"Contém 47 faixas selecionadas no formulário";"Possível seleção genérica no formulário do AppSheet sem distribuição de vidas por faixa";"Preservar texto original; não inferir contagem específica por faixa"
"676a4d92";"ALIADO SERVIÇOS DE LOCAÇÃO LTDA";"Seleção Completa de Faixas (47 opções)";"Contém 47 faixas selecionadas no formulário";"Possível seleção genérica no formulário do AppSheet sem distribuição de vidas por faixa";"Preservar texto original; não inferir contagem específica por faixa"
"c2ec92ba";"ATENTO S.A";"Seleção Completa de Faixas (47 opções)";"Contém 47 faixas selecionadas no formulário";"Possível seleção genérica no formulário do AppSheet sem distribuição de vidas por faixa";"Preservar texto original; não inferir contagem específica por faixa"
"a846a705";"SOLUÇÕES SERVIÇOS TERCEIRADOS LTDA";"Seleção Completa de Faixas (47 opções)";"Contém 47 faixas selecionadas no formulário";"Possível seleção genérica no formulário do AppSheet sem distribuição de vidas por faixa";"Preservar texto original; não inferir contagem específica por faixa"
"baac0c38";"SPE JEQUIE EMPREENDIMENTOS LTDA";"Seleção Completa de Faixas (47 opções)";"Contém 47 faixas selecionadas no formulário";"Possível seleção genérica no formulário do AppSheet sem distribuição de vidas por faixa";"Preservar texto original; não inferir contagem específica por faixa"
"3259cf3c";"MEDRADO ADVICE CONSULTING E SERVICES LTDA";"Seleção Completa de Faixas (47 opções)";"Contém 47 faixas selecionadas no formulário";"Possível seleção genérica no formulário do AppSheet sem distribuição de vidas por faixa";"Preservar texto original; não inferir contagem específica por faixa"
"431757a6";"TELLUS INFORMATICA E TELECOMUNICACOES LTDA";"Seleção Completa de Faixas (47 opções)";"Contém 47 faixas selecionadas no formulário";"Possível seleção genérica no formulário do AppSheet sem distribuição de vidas por faixa";"Preservar texto original; não inferir contagem específica por faixa"
"6d72c454";"INTERMARITIMA PORTOS E LOGISTICA S/A";"Seleção Completa de Faixas (47 opções)";"Contém 47 faixas selecionadas no formulário";"Possível seleção genérica no formulário do AppSheet sem distribuição de vidas por faixa";"Preservar texto original; não inferir contagem específica por faixa"
"3b644145";"DATEN TECNOLOGIA LTDA";"Seleção Completa de Faixas (47 opções)";"Contém 47 faixas selecionadas no formulário";"Possível seleção genérica no formulário do AppSheet sem distribuição de vidas por faixa";"Preservar texto original; não inferir contagem específica por faixa"
"83bc2ad2";"C&M INDUSTRIA E COMERCIO DE ALIMENTOS LTDA";"Seleção Completa de Faixas (47 opções)";"Contém 47 faixas selecionadas no formulário";"Possível seleção genérica no formulário do AppSheet sem distribuição de vidas por faixa";"Preservar texto original; não inferir contagem específica por faixa"
"d0a10480";"PRESTMIX FABRICAÇÃO DE ARTEFATOS PLASTICOS LTDA";"Seleção Completa de Faixas (47 opções)";"Contém 47 faixas selecionadas no formulário";"Possível seleção genérica no formulário do AppSheet sem distribuição de vidas por faixa";"Preservar texto original; não inferir contagem específica por faixa"
"656892a6";"VOG AQUA E ATLANTICO EMPREENDIMENTOS IMOBILIARIOS SPE LTDA";"Seleção Completa de Faixas (47 opções)";"Contém 47 faixas selecionadas no formulário";"Possível seleção genérica no formulário do AppSheet sem distribuição de vidas por faixa";"Preservar texto original; não inferir contagem específica por faixa"
"09303dcc";"FLEX MARK PRODUÇÃO";"Seleção Completa de Faixas (47 opções)";"Contém 47 faixas selecionadas no formulário";"Possível seleção genérica no formulário do AppSheet sem distribuição de vidas por faixa";"Preservar texto original; não inferir contagem específica por faixa"
"ab6340ff";"MULTICRED PROMOTORA DE VENDAS E SERVIÇOS LTDA";"Seleção Completa de Faixas (47 opções)";"Contém 47 faixas selecionadas no formulário";"Possível seleção genérica no formulário do AppSheet sem distribuição de vidas por faixa";"Preservar texto original; não inferir contagem específica por faixa"
"8d159ed3";"GRAN SERVICES S.A";"Seleção Completa de Faixas (47 opções)";"Contém 47 faixas selecionadas no formulário";"Possível seleção genérica no formulário do AppSheet sem distribuição de vidas por faixa";"Preservar texto original; não inferir contagem específica por faixa"
"db2685a4";"DINAMO ENGENGARIA LTDA";"Seleção Completa de Faixas (47 opções)";"Contém 47 faixas selecionadas no formulário";"Possível seleção genérica no formulário do AppSheet sem distribuição de vidas por faixa";"Preservar texto original; não inferir contagem específica por faixa"
"b5e28950";"INTERBAHIA";"Seleção Completa de Faixas (47 opções)";"Contém 47 faixas selecionadas no formulário";"Possível seleção genérica no formulário do AppSheet sem distribuição de vidas por faixa";"Preservar texto original; não inferir contagem específica por faixa"
"3980540a";"UNITED CINEMAS INTERNATIONAL BRASIL LTDA";"Seleção Completa de Faixas (47 opções)";"Contém 47 faixas selecionadas no formulário";"Possível seleção genérica no formulário do AppSheet sem distribuição de vidas por faixa";"Preservar texto original; não inferir contagem específica por faixa"
"63294439";"MEGA 3";"Seleção Completa de Faixas (47 opções)";"Contém 47 faixas selecionadas no formulário";"Possível seleção genérica no formulário do AppSheet sem distribuição de vidas por faixa";"Preservar texto original; não inferir contagem específica por faixa"
"e7ffaac7";"QUALY ENGENHARIA LTDA";"Seleção Completa de Faixas (47 opções)";"Contém 47 faixas selecionadas no formulário";"Possível seleção genérica no formulário do AppSheet sem distribuição de vidas por faixa";"Preservar texto original; não inferir contagem específica por faixa"
"860a41db";"PONTUAL TRANSPORTES";"Seleção Completa de Faixas (47 opções)";"Contém 47 faixas selecionadas no formulário";"Possível seleção genérica no formulário do AppSheet sem distribuição de vidas por faixa";"Preservar texto original; não inferir contagem específica por faixa"
"6b5851b0";"CONSORCIO ILUMINA";"Seleção Completa de Faixas (47 opções)";"Contém 47 faixas selecionadas no formulário";"Possível seleção genérica no formulário do AppSheet sem distribuição de vidas por faixa";"Preservar texto original; não inferir contagem específica por faixa"
"892e6c35";"OSID-OBRAS SOCIAIS IRMA DULCE";"Seleção Completa de Faixas (47 opções)";"Contém 47 faixas selecionadas no formulário";"Possível seleção genérica no formulário do AppSheet sem distribuição de vidas por faixa";"Preservar texto original; não inferir contagem específica por faixa"
"007fe4d0";"SUPERMIX CONCRETO S/A";"Seleção Completa de Faixas (47 opções)";"Contém 47 faixas selecionadas no formulário";"Possível seleção genérica no formulário do AppSheet sem distribuição de vidas por faixa";"Preservar texto original; não inferir contagem específica por faixa"
"7f061cb9";"REISTAR INDUSTRIA E COMERCIO DE ELETRONICOS LTDA";"Seleção Completa de Faixas (47 opções)";"Contém 47 faixas selecionadas no formulário";"Possível seleção genérica no formulário do AppSheet sem distribuição de vidas por faixa";"Preservar texto original; não inferir contagem específica por faixa"
"6f0c9808";"MAXI SERVIÇOS E PRODUTOS LTDA";"Seleção Completa de Faixas (47 opções)";"Contém 47 faixas selecionadas no formulário";"Possível seleção genérica no formulário do AppSheet sem distribuição de vidas por faixa";"Preservar texto original; não inferir contagem específica por faixa"
"6a3c3e37";"SUPERMERCADO ALPHA LTDA";"Seleção Completa de Faixas (47 opções)";"Contém 47 faixas selecionadas no formulário";"Possível seleção genérica no formulário do AppSheet sem distribuição de vidas por faixa";"Preservar texto original; não inferir contagem específica por faixa"
"3acc4ee8";"ESFERA IGOR SERVIÇOS";"Seleção Completa de Faixas (47 opções)";"Contém 47 faixas selecionadas no formulário";"Possível seleção genérica no formulário do AppSheet sem distribuição de vidas por faixa";"Preservar texto original; não inferir contagem específica por faixa"
"7f5bfbdb";"LIMPO";"Seleção Completa de Faixas (47 opções)";"Contém 47 faixas selecionadas no formulário";"Possível seleção genérica no formulário do AppSheet sem distribuição de vidas por faixa";"Preservar texto original; não inferir contagem específica por faixa"
"1bee511c";"DIMARI INDUSTRIA";"Seleção Completa de Faixas (47 opções)";"Contém 47 faixas selecionadas no formulário";"Possível seleção genérica no formulário do AppSheet sem distribuição de vidas por faixa";"Preservar texto original; não inferir contagem específica por faixa"
"853a4bfd";"CACHOEIRA";"Seleção Completa de Faixas (47 opções)";"Contém 47 faixas selecionadas no formulário";"Possível seleção genérica no formulário do AppSheet sem distribuição de vidas por faixa";"Preservar texto original; não inferir contagem específica por faixa"
"cc262a64";"CONDOMINIO SHOPPING CENTER RECIFE";"Seleção Completa de Faixas (47 opções)";"Contém 47 faixas selecionadas no formulário";"Possível seleção genérica no formulário do AppSheet sem distribuição de vidas por faixa";"Preservar texto original; não inferir contagem específica por faixa"
"e3414c6c";"OSID-OBRAS SOCIAIS IRMÃ DULCE";"Seleção Completa de Faixas (47 opções)";"Contém 47 faixas selecionadas no formulário";"Possível seleção genérica no formulário do AppSheet sem distribuição de vidas por faixa";"Preservar texto original; não inferir contagem específica por faixa"
"b0492716";"GM ELETRODIESEL LTDA";"Seleção Completa de Faixas (47 opções)";"Contém 47 faixas selecionadas no formulário";"Possível seleção genérica no formulário do AppSheet sem distribuição de vidas por faixa";"Preservar texto original; não inferir contagem específica por faixa"
"118d1168";"PRIME SERVIÇOS DE LIMPEZA LTDA";"Seleção Completa de Faixas (47 opções)";"Contém 47 faixas selecionadas no formulário";"Possível seleção genérica no formulário do AppSheet sem distribuição de vidas por faixa";"Preservar texto original; não inferir contagem específica por faixa"
"7cfb2ba5";"ROBERTA LIMA MACEDO LTDA";"Seleção Completa de Faixas (47 opções)";"Contém 47 faixas selecionadas no formulário";"Possível seleção genérica no formulário do AppSheet sem distribuição de vidas por faixa";"Preservar texto original; não inferir contagem específica por faixa"
"2b899516";"ESCOLA BAIANA DE DIREITO E GESTAO LTDA";"Seleção Completa de Faixas (47 opções)";"Contém 47 faixas selecionadas no formulário";"Possível seleção genérica no formulário do AppSheet sem distribuição de vidas por faixa";"Preservar texto original; não inferir contagem específica por faixa"
"9a9d26cb";"SARGENT SEGURANÇA E VIGILANCIA LTDA";"Seleção Completa de Faixas (47 opções)";"Contém 47 faixas selecionadas no formulário";"Possível seleção genérica no formulário do AppSheet sem distribuição de vidas por faixa";"Preservar texto original; não inferir contagem específica por faixa"
"06d9c581";"LA VIE LEGACY LABS PRODUTOS MEDICOS E FARMACEUTICOS S.A";"Seleção Completa de Faixas (47 opções)";"Contém 47 faixas selecionadas no formulário";"Possível seleção genérica no formulário do AppSheet sem distribuição de vidas por faixa";"Preservar texto original; não inferir contagem específica por faixa"
"faf49677";"SRL REFEICOES COLETIVAS LTDA";"Seleção Completa de Faixas (47 opções)";"Contém 47 faixas selecionadas no formulário";"Possível seleção genérica no formulário do AppSheet sem distribuição de vidas por faixa";"Preservar texto original; não inferir contagem específica por faixa"
"add2ed84";"APLB SINDICATO- NUCLEO SINDICAL DE SANTA LUZ";"Seleção Completa de Faixas (47 opções)";"Contém 47 faixas selecionadas no formulário";"Possível seleção genérica no formulário do AppSheet sem distribuição de vidas por faixa";"Preservar texto original; não inferir contagem específica por faixa"
"6d6527d6";"MAIS HOTEL LTDA";"Seleção Completa de Faixas (47 opções)";"Contém 47 faixas selecionadas no formulário";"Possível seleção genérica no formulário do AppSheet sem distribuição de vidas por faixa";"Preservar texto original; não inferir contagem específica por faixa"
"d713259d";"LIMPSERV CONSERVAÇÃO E LIMPEZA DE IMOVEIS EIRELI";"Seleção Completa de Faixas (47 opções)";"Contém 47 faixas selecionadas no formulário";"Possível seleção genérica no formulário do AppSheet sem distribuição de vidas por faixa";"Preservar texto original; não inferir contagem específica por faixa"
"2339a878";"DELMAR REFEIÇÕES LTDA";"Seleção Completa de Faixas (47 opções)";"Contém 47 faixas selecionadas no formulário";"Possível seleção genérica no formulário do AppSheet sem distribuição de vidas por faixa";"Preservar texto original; não inferir contagem específica por faixa"
"00b979a5";"NATIVAS GRILL";"Seleção Completa de Faixas (47 opções)";"Contém 47 faixas selecionadas no formulário";"Possível seleção genérica no formulário do AppSheet sem distribuição de vidas por faixa";"Preservar texto original; não inferir contagem específica por faixa"
"a394b028";"SAFIRA TRANSPORTES E TURISMO LTDA";"Seleção Completa de Faixas (47 opções)";"Contém 47 faixas selecionadas no formulário";"Possível seleção genérica no formulário do AppSheet sem distribuição de vidas por faixa";"Preservar texto original; não inferir contagem específica por faixa"
"23cf0864";"BARRAPORTO CONDOMINIO CLUBE";"Seleção Completa de Faixas (47 opções)";"Contém 47 faixas selecionadas no formulário";"Possível seleção genérica no formulário do AppSheet sem distribuição de vidas por faixa";"Preservar texto original; não inferir contagem específica por faixa"
"4e6eddf4";"ORDEM DOS ADVOGADOS DO BRASIL SECAO DO MARANHÃO";"Seleção Completa de Faixas (47 opções)";"Contém 47 faixas selecionadas no formulário";"Possível seleção genérica no formulário do AppSheet sem distribuição de vidas por faixa";"Preservar texto original; não inferir contagem específica por faixa"
"afed85ae";"CONDOMINIO MANHATTAN SQUARE EDIFICIO TRIBECA";"Seleção Completa de Faixas (47 opções)";"Contém 47 faixas selecionadas no formulário";"Possível seleção genérica no formulário do AppSheet sem distribuição de vidas por faixa";"Preservar texto original; não inferir contagem específica por faixa"
"b04f29e5";"LEADEC SERVIÇOS INDUSTRIAIS DO PARANA LTDA";"Seleção Completa de Faixas (47 opções)";"Contém 47 faixas selecionadas no formulário";"Possível seleção genérica no formulário do AppSheet sem distribuição de vidas por faixa";"Preservar texto original; não inferir contagem específica por faixa"
"95605b0f";"REVENDA REVALLE DO NORDESTE DA BAHIA LTDA";"Seleção Completa de Faixas (47 opções)";"Contém 47 faixas selecionadas no formulário";"Possível seleção genérica no formulário do AppSheet sem distribuição de vidas por faixa";"Preservar texto original; não inferir contagem específica por faixa"
"9ec12710";"PATIOS NORDESTE SPE LTDA";"Seleção Completa de Faixas (47 opções)";"Contém 47 faixas selecionadas no formulário";"Possível seleção genérica no formulário do AppSheet sem distribuição de vidas por faixa";"Preservar texto original; não inferir contagem específica por faixa"
"dd1004b5";"CAMPO SANTO";"Seleção Completa de Faixas (47 opções)";"Contém 47 faixas selecionadas no formulário";"Possível seleção genérica no formulário do AppSheet sem distribuição de vidas por faixa";"Preservar texto original; não inferir contagem específica por faixa"
"20690dea";"CARATINHA EMPREENDIMENTO IMOBILIARIO SPE LTDA";"Seleção Completa de Faixas (47 opções)";"Contém 47 faixas selecionadas no formulário";"Possível seleção genérica no formulário do AppSheet sem distribuição de vidas por faixa";"Preservar texto original; não inferir contagem específica por faixa"
"17b20d52";"PERPEC OILFIELD SUPPLY EXPORTAÇÃO E IMPORTAÇÃO DE MAQUINAS LTDA";"Seleção Completa de Faixas (47 opções)";"Contém 47 faixas selecionadas no formulário";"Possível seleção genérica no formulário do AppSheet sem distribuição de vidas por faixa";"Preservar texto original; não inferir contagem específica por faixa"
"74761087";"LBGS GRUPOS E SERVIÇOS LTDA";"Seleção Completa de Faixas (47 opções)";"Contém 47 faixas selecionadas no formulário";"Possível seleção genérica no formulário do AppSheet sem distribuição de vidas por faixa";"Preservar texto original; não inferir contagem específica por faixa"
"e05be19e";"JRF MANUTENÇÃO E SERVIÇOS LTDA";"Seleção Completa de Faixas (47 opções)";"Contém 47 faixas selecionadas no formulário";"Possível seleção genérica no formulário do AppSheet sem distribuição de vidas por faixa";"Preservar texto original; não inferir contagem específica por faixa"
"16b68fc9";"REVIVER ADMNISTRAÇÃO ESPECIALIZADA";"Seleção Completa de Faixas (47 opções)";"Contém 47 faixas selecionadas no formulário";"Possível seleção genérica no formulário do AppSheet sem distribuição de vidas por faixa";"Preservar texto original; não inferir contagem específica por faixa"
"de9e5dee";"HEMATO- SERVIÇOS DE HEMOTERAPIA LTDA";"Seleção Completa de Faixas (47 opções)";"Contém 47 faixas selecionadas no formulário";"Possível seleção genérica no formulário do AppSheet sem distribuição de vidas por faixa";"Preservar texto original; não inferir contagem específica por faixa"
"812e098a";"CSU";"Seleção Completa de Faixas (47 opções)";"Contém 47 faixas selecionadas no formulário";"Possível seleção genérica no formulário do AppSheet sem distribuição de vidas por faixa";"Preservar texto original; não inferir contagem específica por faixa"
"eb0b01f8";"CONDOMINIO PORTO TRAPICHE RESIDENCE";"Seleção Completa de Faixas (47 opções)";"Contém 47 faixas selecionadas no formulário";"Possível seleção genérica no formulário do AppSheet sem distribuição de vidas por faixa";"Preservar texto original; não inferir contagem específica por faixa"
"8da50010";"MADRI SERVIÇOS COMBINADOS LTDA";"Seleção Completa de Faixas (47 opções)";"Contém 47 faixas selecionadas no formulário";"Possível seleção genérica no formulário do AppSheet sem distribuição de vidas por faixa";"Preservar texto original; não inferir contagem específica por faixa"
"88be4e8c";"CATERAIR SERVICOS DE BORDO E HOTELARIA LTDA";"Seleção Completa de Faixas (47 opções)";"Contém 47 faixas selecionadas no formulário";"Possível seleção genérica no formulário do AppSheet sem distribuição de vidas por faixa";"Preservar texto original; não inferir contagem específica por faixa"
"026bdd55";"CONSTRUTORA QUEBEC S/A";"Seleção Completa de Faixas (47 opções)";"Contém 47 faixas selecionadas no formulário";"Possível seleção genérica no formulário do AppSheet sem distribuição de vidas por faixa";"Preservar texto original; não inferir contagem específica por faixa"
"fad839c0";"JS DA SILVA SERVICOS ADMNISTRATIVOS LTDA";"Seleção Completa de Faixas (47 opções)";"Contém 47 faixas selecionadas no formulário";"Possível seleção genérica no formulário do AppSheet sem distribuição de vidas por faixa";"Preservar texto original; não inferir contagem específica por faixa"
"7b6d8577";"AB HOLDING S/A";"Seleção Completa de Faixas (47 opções)";"Contém 47 faixas selecionadas no formulário";"Possível seleção genérica no formulário do AppSheet sem distribuição de vidas por faixa";"Preservar texto original; não inferir contagem específica por faixa"
"4cb6db8b";"BLC SALVADOR S.A";"Seleção Completa de Faixas (47 opções)";"Contém 47 faixas selecionadas no formulário";"Possível seleção genérica no formulário do AppSheet sem distribuição de vidas por faixa";"Preservar texto original; não inferir contagem específica por faixa"
"0596d264";"ESPORTE CLUBE VITORIA";"Seleção Completa de Faixas (47 opções)";"Contém 47 faixas selecionadas no formulário";"Possível seleção genérica no formulário do AppSheet sem distribuição de vidas por faixa";"Preservar texto original; não inferir contagem específica por faixa"
"7ca6a8a0";"SIGMA RELOGIOS LTDA";"Seleção Completa de Faixas (47 opções)";"Contém 47 faixas selecionadas no formulário";"Possível seleção genérica no formulário do AppSheet sem distribuição de vidas por faixa";"Preservar texto original; não inferir contagem específica por faixa"
"0ed69469";"CONSTRUCAP CCPS ENGENHARIA E COMERCIO SA";"Seleção Completa de Faixas (47 opções)";"Contém 47 faixas selecionadas no formulário";"Possível seleção genérica no formulário do AppSheet sem distribuição de vidas por faixa";"Preservar texto original; não inferir contagem específica por faixa"
"a484e9d9";"ALECRIM";"Seleção Completa de Faixas (47 opções)";"Contém 47 faixas selecionadas no formulário";"Possível seleção genérica no formulário do AppSheet sem distribuição de vidas por faixa";"Preservar texto original; não inferir contagem específica por faixa"
"f1f63204";"LYCEG SEGURANÇA PATRIMONIAL LTDA";"Seleção Completa de Faixas (47 opções)";"Contém 47 faixas selecionadas no formulário";"Possível seleção genérica no formulário do AppSheet sem distribuição de vidas por faixa";"Preservar texto original; não inferir contagem específica por faixa"
"830396d1";"LIMPEX SERVIÇOS LTDA";"Seleção Completa de Faixas (47 opções)";"Contém 47 faixas selecionadas no formulário";"Possível seleção genérica no formulário do AppSheet sem distribuição de vidas por faixa";"Preservar texto original; não inferir contagem específica por faixa"
"ca9f03ae";"METAL SUCA LTDA";"Seleção Completa de Faixas (47 opções)";"Contém 47 faixas selecionadas no formulário";"Possível seleção genérica no formulário do AppSheet sem distribuição de vidas por faixa";"Preservar texto original; não inferir contagem específica por faixa"
"65f42b34";"ENGEMAN MANUTENÇÃO DE EQUIPAMENTOS COM E INDUSTRIA LTDA- MATRIZ";"Seleção Completa de Faixas (47 opções)";"Contém 47 faixas selecionadas no formulário";"Possível seleção genérica no formulário do AppSheet sem distribuição de vidas por faixa";"Preservar texto original; não inferir contagem específica por faixa"
"b4ab0a71";"PARANAPANEMA S/A";"Seleção Completa de Faixas (47 opções)";"Contém 47 faixas selecionadas no formulário";"Possível seleção genérica no formulário do AppSheet sem distribuição de vidas por faixa";"Preservar texto original; não inferir contagem específica por faixa"
"193bc31f";"HOSPITAL DA OBESIDADE LTDA";"Seleção Completa de Faixas (47 opções)";"Contém 47 faixas selecionadas no formulário";"Possível seleção genérica no formulário do AppSheet sem distribuição de vidas por faixa";"Preservar texto original; não inferir contagem específica por faixa"
"b39a0998";"CROMEX SA";"Seleção Completa de Faixas (47 opções)";"Contém 47 faixas selecionadas no formulário";"Possível seleção genérica no formulário do AppSheet sem distribuição de vidas por faixa";"Preservar texto original; não inferir contagem específica por faixa"
"e0573127";"CIA DE FERRO LIGAS DA BAHIA FERBASA";"Seleção Completa de Faixas (47 opções)";"Contém 47 faixas selecionadas no formulário";"Possível seleção genérica no formulário do AppSheet sem distribuição de vidas por faixa";"Preservar texto original; não inferir contagem específica por faixa"
"fba9c473";"MAX FORTE SERVIÇOS DE SEGURANÇA LTDA";"Seleção Completa de Faixas (47 opções)";"Contém 47 faixas selecionadas no formulário";"Possível seleção genérica no formulário do AppSheet sem distribuição de vidas por faixa";"Preservar texto original; não inferir contagem específica por faixa"
"d176da6b";"TEL CENTRO DE CONTATOS LTDA";"Seleção Completa de Faixas (47 opções)";"Contém 47 faixas selecionadas no formulário";"Possível seleção genérica no formulário do AppSheet sem distribuição de vidas por faixa";"Preservar texto original; não inferir contagem específica por faixa"
"034abe81";"ENGEMAN MANUTENÇÃO DE EQUIPAMENTOS COM E INDUSTRIA LTDA";"Seleção Completa de Faixas (47 opções)";"Contém 47 faixas selecionadas no formulário";"Possível seleção genérica no formulário do AppSheet sem distribuição de vidas por faixa";"Preservar texto original; não inferir contagem específica por faixa"
"658d1bc0";"LEADEC SERVICOS INDUSTRIAIS DO BRASIL LTDA";"Seleção Completa de Faixas (47 opções)";"Contém 47 faixas selecionadas no formulário";"Possível seleção genérica no formulário do AppSheet sem distribuição de vidas por faixa";"Preservar texto original; não inferir contagem específica por faixa"
"CIDADE_ROW_346";"(Catálogo Auxiliar de Cidades)";"Cidade com Nome Suspeito (Catálogo CIDADE)";"Linha 346: ""GuanMensalidadei"" (corrupção por substituição textual legada de ""amb"" por ""Mensalidade"")";"Nome de cidade corrompido no catálogo do AppSheet (ex: GuanMensalidadei em vez de Guanambi)";"Decisão humana: aprovar tabela de equivalência geográfica antes de corrigir no catálogo de cidades"
"CIDADE_ROW_368";"(Catálogo Auxiliar de Cidades)";"Cidade com Nome Suspeito (Catálogo CIDADE)";"Linha 368: ""InhMensalidadeupe"" (corrupção por substituição textual legada de ""amb"" por ""Mensalidade"")";"Nome de cidade corrompido no catálogo do AppSheet (ex: GuanMensalidadei em vez de Guanambi)";"Decisão humana: aprovar tabela de equivalência geográfica antes de corrigir no catálogo de cidades"
"CIDADE_ROW_391";"(Catálogo Auxiliar de Cidades)";"Cidade com Nome Suspeito (Catálogo CIDADE)";"Linha 391: ""ItMensalidadeé"" (corrupção por substituição textual legada de ""amb"" por ""Mensalidade"")";"Nome de cidade corrompido no catálogo do AppSheet (ex: GuanMensalidadei em vez de Guanambi)";"Decisão humana: aprovar tabela de equivalência geográfica antes de corrigir no catálogo de cidades"
"CIDADE_ROW_523";"(Catálogo Auxiliar de Cidades)";"Cidade com Nome Suspeito (Catálogo CIDADE)";"Linha 523: ""Rafael JMensalidadeeiro"" (corrupção por substituição textual legada de ""amb"" por ""Mensalidade"")";"Nome de cidade corrompido no catálogo do AppSheet (ex: GuanMensalidadei em vez de Guanambi)";"Decisão humana: aprovar tabela de equivalência geográfica antes de corrigir no catálogo de cidades"
"CIDADE_ROW_738";"(Catálogo Auxiliar de Cidades)";"Cidade com Nome Suspeito (Catálogo CIDADE)";"Linha 738: ""MucMensalidadeo"" (corrupção por substituição textual legada de ""amb"" por ""Mensalidade"")";"Nome de cidade corrompido no catálogo do AppSheet (ex: GuanMensalidadei em vez de Guanambi)";"Decisão humana: aprovar tabela de equivalência geográfica antes de corrigir no catálogo de cidades"
"CIDADE_ROW_753";"(Catálogo Auxiliar de Cidades)";"Cidade com Nome Suspeito (Catálogo CIDADE)";"Linha 753: ""ParMensalidadeu"" (corrupção por substituição textual legada de ""amb"" por ""Mensalidade"")";"Nome de cidade corrompido no catálogo do AppSheet (ex: GuanMensalidadei em vez de Guanambi)";"Decisão humana: aprovar tabela de equivalência geográfica antes de corrigir no catálogo de cidades"
"CIDADE_ROW_788";"(Catálogo Auxiliar de Cidades)";"Cidade com Nome Suspeito (Catálogo CIDADE)";"Linha 788: ""TMensalidadeoril"" (corrupção por substituição textual legada de ""amb"" por ""Mensalidade"")";"Nome de cidade corrompido no catálogo do AppSheet (ex: GuanMensalidadei em vez de Guanambi)";"Decisão humana: aprovar tabela de equivalência geográfica antes de corrigir no catálogo de cidades"
"CIDADE_ROW_976";"(Catálogo Auxiliar de Cidades)";"Cidade com Nome Suspeito (Catálogo CIDADE)";"Linha 976: ""MMensalidadeaí"" (corrupção por substituição textual legada de ""amb"" por ""Mensalidade"")";"Nome de cidade corrompido no catálogo do AppSheet (ex: GuanMensalidadei em vez de Guanambi)";"Decisão humana: aprovar tabela de equivalência geográfica antes de corrigir no catálogo de cidades"
"CIDADE_ROW_1.277";"(Catálogo Auxiliar de Cidades)";"Cidade com Nome Suspeito (Catálogo CIDADE)";"Linha 1.277: ""SMensalidadeaíba"" (corrupção por substituição textual legada de ""amb"" por ""Mensalidade"")";"Nome de cidade corrompido no catálogo do AppSheet (ex: GuanMensalidadei em vez de Guanambi)";"Decisão humana: aprovar tabela de equivalência geográfica antes de corrigir no catálogo de cidades"
"CIDADE_ROW_1.392";"(Catálogo Auxiliar de Cidades)";"Cidade com Nome Suspeito (Catálogo CIDADE)";"Linha 1.392: ""LMensalidadeari d'Oeste"" (corrupção por substituição textual legada de ""amb"" por ""Mensalidade"")";"Nome de cidade corrompido no catálogo do AppSheet (ex: GuanMensalidadei em vez de Guanambi)";"Decisão humana: aprovar tabela de equivalência geográfica antes de corrigir no catálogo de cidades"
"CIDADE_ROW_1.473";"(Catálogo Auxiliar de Cidades)";"Cidade com Nome Suspeito (Catálogo CIDADE)";"Linha 1.473: ""AmMensalidadeai"" (corrupção por substituição textual legada de ""amb"" por ""Mensalidade"")";"Nome de cidade corrompido no catálogo do AppSheet (ex: GuanMensalidadei em vez de Guanambi)";"Decisão humana: aprovar tabela de equivalência geográfica antes de corrigir no catálogo de cidades"
"CIDADE_ROW_1.599";"(Catálogo Auxiliar de Cidades)";"Cidade com Nome Suspeito (Catálogo CIDADE)";"Linha 1.599: ""BMensalidadeuí"" (corrupção por substituição textual legada de ""amb"" por ""Mensalidade"")";"Nome de cidade corrompido no catálogo do AppSheet (ex: GuanMensalidadei em vez de Guanambi)";"Decisão humana: aprovar tabela de equivalência geográfica antes de corrigir no catálogo de cidades"
"CIDADE_ROW_1.657";"(Catálogo Auxiliar de Cidades)";"Cidade com Nome Suspeito (Catálogo CIDADE)";"Linha 1.657: ""CMensalidadeuí"" (corrupção por substituição textual legada de ""amb"" por ""Mensalidade"")";"Nome de cidade corrompido no catálogo do AppSheet (ex: GuanMensalidadei em vez de Guanambi)";"Decisão humana: aprovar tabela de equivalência geográfica antes de corrigir no catálogo de cidades"
"CIDADE_ROW_1.658";"(Catálogo Auxiliar de Cidades)";"Cidade com Nome Suspeito (Catálogo CIDADE)";"Linha 1.658: ""CMensalidadeuquira"" (corrupção por substituição textual legada de ""amb"" por ""Mensalidade"")";"Nome de cidade corrompido no catálogo do AppSheet (ex: GuanMensalidadei em vez de Guanambi)";"Decisão humana: aprovar tabela de equivalência geográfica antes de corrigir no catálogo de cidades"
"CIDADE_ROW_1.709";"(Catálogo Auxiliar de Cidades)";"Cidade com Nome Suspeito (Catálogo CIDADE)";"Linha 1.709: ""CaxMensalidadeu"" (corrupção por substituição textual legada de ""amb"" por ""Mensalidade"")";"Nome de cidade corrompido no catálogo do AppSheet (ex: GuanMensalidadei em vez de Guanambi)";"Decisão humana: aprovar tabela de equivalência geográfica antes de corrigir no catálogo de cidades"
"CIDADE_ROW_1.901";"(Catálogo Auxiliar de Cidades)";"Cidade com Nome Suspeito (Catálogo CIDADE)";"Linha 1.901: ""ItacMensalidadeira"" (corrupção por substituição textual legada de ""amb"" por ""Mensalidade"")";"Nome de cidade corrompido no catálogo do AppSheet (ex: GuanMensalidadei em vez de Guanambi)";"Decisão humana: aprovar tabela de equivalência geográfica antes de corrigir no catálogo de cidades"
"CIDADE_ROW_1.902";"(Catálogo Auxiliar de Cidades)";"Cidade com Nome Suspeito (Catálogo CIDADE)";"Linha 1.902: ""ItacarMensalidadei"" (corrupção por substituição textual legada de ""amb"" por ""Mensalidade"")";"Nome de cidade corrompido no catálogo do AppSheet (ex: GuanMensalidadei em vez de Guanambi)";"Decisão humana: aprovar tabela de equivalência geográfica antes de corrigir no catálogo de cidades"
"CIDADE_ROW_1.908";"(Catálogo Auxiliar de Cidades)";"Cidade com Nome Suspeito (Catálogo CIDADE)";"Linha 1.908: ""ItMensalidadeacuri"" (corrupção por substituição textual legada de ""amb"" por ""Mensalidade"")";"Nome de cidade corrompido no catálogo do AppSheet (ex: GuanMensalidadei em vez de Guanambi)";"Decisão humana: aprovar tabela de equivalência geográfica antes de corrigir no catálogo de cidades"
"CIDADE_ROW_1.909";"(Catálogo Auxiliar de Cidades)";"Cidade com Nome Suspeito (Catálogo CIDADE)";"Linha 1.909: ""ItMensalidadeé do Mato Dentro"" (corrupção por substituição textual legada de ""amb"" por ""Mensalidade"")";"Nome de cidade corrompido no catálogo do AppSheet (ex: GuanMensalidadei em vez de Guanambi)";"Decisão humana: aprovar tabela de equivalência geográfica antes de corrigir no catálogo de cidades"
"CIDADE_ROW_1.968";"(Catálogo Auxiliar de Cidades)";"Cidade com Nome Suspeito (Catálogo CIDADE)";"Linha 1.968: ""LMensalidadeari"" (corrupção por substituição textual legada de ""amb"" por ""Mensalidade"")";"Nome de cidade corrompido no catálogo do AppSheet (ex: GuanMensalidadei em vez de Guanambi)";"Decisão humana: aprovar tabela de equivalência geográfica antes de corrigir no catálogo de cidades"
"CIDADE_ROW_2.045";"(Catálogo Auxiliar de Cidades)";"Cidade com Nome Suspeito (Catálogo CIDADE)";"Linha 2.045: ""MuzMensalidadeinho"" (corrupção por substituição textual legada de ""amb"" por ""Mensalidade"")";"Nome de cidade corrompido no catálogo do AppSheet (ex: GuanMensalidadei em vez de Guanambi)";"Decisão humana: aprovar tabela de equivalência geográfica antes de corrigir no catálogo de cidades"
"CIDADE_ROW_2.224";"(Catálogo Auxiliar de Cidades)";"Cidade com Nome Suspeito (Catálogo CIDADE)";"Linha 2.224: ""Santana do GarMensalidadeéu"" (corrupção por substituição textual legada de ""amb"" por ""Mensalidade"")";"Nome de cidade corrompido no catálogo do AppSheet (ex: GuanMensalidadei em vez de Guanambi)";"Decisão humana: aprovar tabela de equivalência geográfica antes de corrigir no catálogo de cidades"
"CIDADE_ROW_2.233";"(Catálogo Auxiliar de Cidades)";"Cidade com Nome Suspeito (Catálogo CIDADE)";"Linha 2.233: ""Santo Antônio do ItMensalidadeé"" (corrupção por substituição textual legada de ""amb"" por ""Mensalidade"")";"Nome de cidade corrompido no catálogo do AppSheet (ex: GuanMensalidadei em vez de Guanambi)";"Decisão humana: aprovar tabela de equivalência geográfica antes de corrigir no catálogo de cidades"
"CIDADE_ROW_2.773";"(Catálogo Auxiliar de Cidades)";"Cidade com Nome Suspeito (Catálogo CIDADE)";"Linha 2.773: ""CMensalidadeará"" (corrupção por substituição textual legada de ""amb"" por ""Mensalidade"")";"Nome de cidade corrompido no catálogo do AppSheet (ex: GuanMensalidadei em vez de Guanambi)";"Decisão humana: aprovar tabela de equivalência geográfica antes de corrigir no catálogo de cidades"
"CIDADE_ROW_2.774";"(Catálogo Auxiliar de Cidades)";"Cidade com Nome Suspeito (Catálogo CIDADE)";"Linha 2.774: ""CMensalidadeé"" (corrupção por substituição textual legada de ""amb"" por ""Mensalidade"")";"Nome de cidade corrompido no catálogo do AppSheet (ex: GuanMensalidadei em vez de Guanambi)";"Decisão humana: aprovar tabela de equivalência geográfica antes de corrigir no catálogo de cidades"
"CIDADE_ROW_2.775";"(Catálogo Auxiliar de Cidades)";"Cidade com Nome Suspeito (Catálogo CIDADE)";"Linha 2.775: ""CMensalidadeira"" (corrupção por substituição textual legada de ""amb"" por ""Mensalidade"")";"Nome de cidade corrompido no catálogo do AppSheet (ex: GuanMensalidadei em vez de Guanambi)";"Decisão humana: aprovar tabela de equivalência geográfica antes de corrigir no catálogo de cidades"
"CIDADE_ROW_2.787";"(Catálogo Auxiliar de Cidades)";"Cidade com Nome Suspeito (Catálogo CIDADE)";"Linha 2.787: ""CarMensalidadeeí"" (corrupção por substituição textual legada de ""amb"" por ""Mensalidade"")";"Nome de cidade corrompido no catálogo do AppSheet (ex: GuanMensalidadei em vez de Guanambi)";"Decisão humana: aprovar tabela de equivalência geográfica antes de corrigir no catálogo de cidades"
"CIDADE_ROW_2.872";"(Catálogo Auxiliar de Cidades)";"Cidade com Nome Suspeito (Catálogo CIDADE)";"Linha 2.872: ""ItMensalidadearacá"" (corrupção por substituição textual legada de ""amb"" por ""Mensalidade"")";"Nome de cidade corrompido no catálogo do AppSheet (ex: GuanMensalidadei em vez de Guanambi)";"Decisão humana: aprovar tabela de equivalência geográfica antes de corrigir no catálogo de cidades"
"CIDADE_ROW_2.907";"(Catálogo Auxiliar de Cidades)";"Cidade com Nome Suspeito (Catálogo CIDADE)";"Linha 2.907: ""MMensalidadeorê"" (corrupção por substituição textual legada de ""amb"" por ""Mensalidade"")";"Nome de cidade corrompido no catálogo do AppSheet (ex: GuanMensalidadei em vez de Guanambi)";"Decisão humana: aprovar tabela de equivalência geográfica antes de corrigir no catálogo de cidades"
"CIDADE_ROW_3.072";"(Catálogo Auxiliar de Cidades)";"Cidade com Nome Suspeito (Catálogo CIDADE)";"Linha 3.072: ""TMensalidadeoara"" (corrupção por substituição textual legada de ""amb"" por ""Mensalidade"")";"Nome de cidade corrompido no catálogo do AppSheet (ex: GuanMensalidadei em vez de Guanambi)";"Decisão humana: aprovar tabela de equivalência geográfica antes de corrigir no catálogo de cidades"
"CIDADE_ROW_3.097";"(Catálogo Auxiliar de Cidades)";"Cidade com Nome Suspeito (Catálogo CIDADE)";"Linha 3.097: ""XMensalidaderê"" (corrupção por substituição textual legada de ""amb"" por ""Mensalidade"")";"Nome de cidade corrompido no catálogo do AppSheet (ex: GuanMensalidadei em vez de Guanambi)";"Decisão humana: aprovar tabela de equivalência geográfica antes de corrigir no catálogo de cidades"
"CIDADE_ROW_3.229";"(Catálogo Auxiliar de Cidades)";"Cidade com Nome Suspeito (Catálogo CIDADE)";"Linha 3.229: ""Santa Maria do CMensalidadeucá"" (corrupção por substituição textual legada de ""amb"" por ""Mensalidade"")";"Nome de cidade corrompido no catálogo do AppSheet (ex: GuanMensalidadei em vez de Guanambi)";"Decisão humana: aprovar tabela de equivalência geográfica antes de corrigir no catálogo de cidades"
"CIDADE_ROW_3.468";"(Catálogo Auxiliar de Cidades)";"Cidade com Nome Suspeito (Catálogo CIDADE)";"Linha 3.468: ""TMensalidadeoril do Piauí"" (corrupção por substituição textual legada de ""amb"" por ""Mensalidade"")";"Nome de cidade corrompido no catálogo do AppSheet (ex: GuanMensalidadei em vez de Guanambi)";"Decisão humana: aprovar tabela de equivalência geográfica antes de corrigir no catálogo de cidades"
"CIDADE_ROW_3.490";"(Catálogo Auxiliar de Cidades)";"Cidade com Nome Suspeito (Catálogo CIDADE)";"Linha 3.490: ""CMensalidadeuci"" (corrupção por substituição textual legada de ""amb"" por ""Mensalidade"")";"Nome de cidade corrompido no catálogo do AppSheet (ex: GuanMensalidadei em vez de Guanambi)";"Decisão humana: aprovar tabela de equivalência geográfica antes de corrigir no catálogo de cidades"
"CIDADE_ROW_3.525";"(Catálogo Auxiliar de Cidades)";"Cidade com Nome Suspeito (Catálogo CIDADE)";"Linha 3.525: ""ParacMensalidadei"" (corrupção por substituição textual legada de ""amb"" por ""Mensalidade"")";"Nome de cidade corrompido no catálogo do AppSheet (ex: GuanMensalidadei em vez de Guanambi)";"Decisão humana: aprovar tabela de equivalência geográfica antes de corrigir no catálogo de cidades"
"CIDADE_ROW_3.725";"(Catálogo Auxiliar de Cidades)";"Cidade com Nome Suspeito (Catálogo CIDADE)";"Linha 3.725: ""ArMensalidadearé"" (corrupção por substituição textual legada de ""amb"" por ""Mensalidade"")";"Nome de cidade corrompido no catálogo do AppSheet (ex: GuanMensalidadei em vez de Guanambi)";"Decisão humana: aprovar tabela de equivalência geográfica antes de corrigir no catálogo de cidades"
"CIDADE_ROW_3.771";"(Catálogo Auxiliar de Cidades)";"Cidade com Nome Suspeito (Catálogo CIDADE)";"Linha 3.771: ""CMensalidadeará do Sul"" (corrupção por substituição textual legada de ""amb"" por ""Mensalidade"")";"Nome de cidade corrompido no catálogo do AppSheet (ex: GuanMensalidadei em vez de Guanambi)";"Decisão humana: aprovar tabela de equivalência geográfica antes de corrigir no catálogo de cidades"
"CIDADE_ROW_3.935";"(Catálogo Auxiliar de Cidades)";"Cidade com Nome Suspeito (Catálogo CIDADE)";"Linha 3.935: ""MaçMensalidadeará"" (corrupção por substituição textual legada de ""amb"" por ""Mensalidade"")";"Nome de cidade corrompido no catálogo do AppSheet (ex: GuanMensalidadei em vez de Guanambi)";"Decisão humana: aprovar tabela de equivalência geográfica antes de corrigir no catálogo de cidades"
"CIDADE_ROW_3.984";"(Catálogo Auxiliar de Cidades)";"Cidade com Nome Suspeito (Catálogo CIDADE)";"Linha 3.984: ""Novo HMensalidadeurgo"" (corrupção por substituição textual legada de ""amb"" por ""Mensalidade"")";"Nome de cidade corrompido no catálogo do AppSheet (ex: GuanMensalidadei em vez de Guanambi)";"Decisão humana: aprovar tabela de equivalência geográfica antes de corrigir no catálogo de cidades"
"CIDADE_ROW_3.993";"(Catálogo Auxiliar de Cidades)";"Cidade com Nome Suspeito (Catálogo CIDADE)";"Linha 3.993: ""PanMensalidadei"" (corrupção por substituição textual legada de ""amb"" por ""Mensalidade"")";"Nome de cidade corrompido no catálogo do AppSheet (ex: GuanMensalidadei em vez de Guanambi)";"Decisão humana: aprovar tabela de equivalência geográfica antes de corrigir no catálogo de cidades"
"CIDADE_ROW_4.265";"(Catálogo Auxiliar de Cidades)";"Cidade com Nome Suspeito (Catálogo CIDADE)";"Linha 4.265: ""Balneário CMensalidadeoriú"" (corrupção por substituição textual legada de ""amb"" por ""Mensalidade"")";"Nome de cidade corrompido no catálogo do AppSheet (ex: GuanMensalidadei em vez de Guanambi)";"Decisão humana: aprovar tabela de equivalência geográfica antes de corrigir no catálogo de cidades"
"CIDADE_ROW_4.288";"(Catálogo Auxiliar de Cidades)";"Cidade com Nome Suspeito (Catálogo CIDADE)";"Linha 4.288: ""CMensalidadeoriú"" (corrupção por substituição textual legada de ""amb"" por ""Mensalidade"")";"Nome de cidade corrompido no catálogo do AppSheet (ex: GuanMensalidadei em vez de Guanambi)";"Decisão humana: aprovar tabela de equivalência geográfica antes de corrigir no catálogo de cidades"
"CIDADE_ROW_4.297";"(Catálogo Auxiliar de Cidades)";"Cidade com Nome Suspeito (Catálogo CIDADE)";"Linha 4.297: ""CaxMensalidadeu do Sul"" (corrupção por substituição textual legada de ""amb"" por ""Mensalidade"")";"Nome de cidade corrompido no catálogo do AppSheet (ex: GuanMensalidadei em vez de Guanambi)";"Decisão humana: aprovar tabela de equivalência geográfica antes de corrigir no catálogo de cidades"
"CIDADE_ROW_4.336";"(Catálogo Auxiliar de Cidades)";"Cidade com Nome Suspeito (Catálogo CIDADE)";"Linha 4.336: ""GuatMensalidadeú"" (corrupção por substituição textual legada de ""amb"" por ""Mensalidade"")";"Nome de cidade corrompido no catálogo do AppSheet (ex: GuanMensalidadei em vez de Guanambi)";"Decisão humana: aprovar tabela de equivalência geográfica antes de corrigir no catálogo de cidades"
"CIDADE_ROW_4.518";"(Catálogo Auxiliar de Cidades)";"Cidade com Nome Suspeito (Catálogo CIDADE)";"Linha 4.518: ""AlMensalidadeari"" (corrupção por substituição textual legada de ""amb"" por ""Mensalidade"")";"Nome de cidade corrompido no catálogo do AppSheet (ex: GuanMensalidadei em vez de Guanambi)";"Decisão humana: aprovar tabela de equivalência geográfica antes de corrigir no catálogo de cidades"
"CIDADE_ROW_4.714";"(Catálogo Auxiliar de Cidades)";"Cidade com Nome Suspeito (Catálogo CIDADE)";"Linha 4.714: ""HolMensalidadera"" (corrupção por substituição textual legada de ""amb"" por ""Mensalidade"")";"Nome de cidade corrompido no catálogo do AppSheet (ex: GuanMensalidadei em vez de Guanambi)";"Decisão humana: aprovar tabela de equivalência geográfica antes de corrigir no catálogo de cidades"
"CIDADE_ROW_4.777";"(Catálogo Auxiliar de Cidades)";"Cidade com Nome Suspeito (Catálogo CIDADE)";"Linha 4.777: ""JMensalidadeeiro"" (corrupção por substituição textual legada de ""amb"" por ""Mensalidade"")";"Nome de cidade corrompido no catálogo do AppSheet (ex: GuanMensalidadei em vez de Guanambi)";"Decisão humana: aprovar tabela de equivalência geográfica antes de corrigir no catálogo de cidades"
"CIDADE_ROW_5.063";"(Catálogo Auxiliar de Cidades)";"Cidade com Nome Suspeito (Catálogo CIDADE)";"Linha 5.063: ""TMensalidadeaú"" (corrupção por substituição textual legada de ""amb"" por ""Mensalidade"")";"Nome de cidade corrompido no catálogo do AppSheet (ex: GuanMensalidadei em vez de Guanambi)";"Decisão humana: aprovar tabela de equivalência geográfica antes de corrigir no catálogo de cidades"
"CIDADE_ROW_5.139";"(Catálogo Auxiliar de Cidades)";"Cidade com Nome Suspeito (Catálogo CIDADE)";"Linha 5.139: ""MacMensalidadeira"" (corrupção por substituição textual legada de ""amb"" por ""Mensalidade"")";"Nome de cidade corrompido no catálogo do AppSheet (ex: GuanMensalidadei em vez de Guanambi)";"Decisão humana: aprovar tabela de equivalência geográfica antes de corrigir no catálogo de cidades"
"CIDADE_ROW_5.154";"(Catálogo Auxiliar de Cidades)";"Cidade com Nome Suspeito (Catálogo CIDADE)";"Linha 5.154: ""PirMensalidadeu"" (corrupção por substituição textual legada de ""amb"" por ""Mensalidade"")";"Nome de cidade corrompido no catálogo do AppSheet (ex: GuanMensalidadei em vez de Guanambi)";"Decisão humana: aprovar tabela de equivalência geográfica antes de corrigir no catálogo de cidades"
"CIDADE_ROW_5.296";"(Catálogo Auxiliar de Cidades)";"Cidade com Nome Suspeito (Catálogo CIDADE)";"Linha 5.296: ""XMensalidadeioá"" (corrupção por substituição textual legada de ""amb"" por ""Mensalidade"")";"Nome de cidade corrompido no catálogo do AppSheet (ex: GuanMensalidadei em vez de Guanambi)";"Decisão humana: aprovar tabela de equivalência geográfica antes de corrigir no catálogo de cidades"
"812e098a";"CSU";"Proposta sem Campanha";"Competência ""01/04/2026"" sem campanha correspondente";"Proposta fora de campanhas sazonais ativas";"Manter como ""Sem Campanha"" / ""Competência sem Campanha"", não associar campanha por inferência"
"eb0b01f8";"CONDOMINIO PORTO TRAPICHE RESIDENCE";"Proposta sem Campanha";"Competência ""01/04/2026"" sem campanha correspondente";"Proposta fora de campanhas sazonais ativas";"Manter como ""Sem Campanha"" / ""Competência sem Campanha"", não associar campanha por inferência"
"8da50010";"MADRI SERVIÇOS COMBINADOS LTDA";"Proposta sem Campanha";"Competência ""01/04/2026"" sem campanha correspondente";"Proposta fora de campanhas sazonais ativas";"Manter como ""Sem Campanha"" / ""Competência sem Campanha"", não associar campanha por inferência"
"88be4e8c";"CATERAIR SERVICOS DE BORDO E HOTELARIA LTDA";"Proposta sem Campanha";"Competência ""01/06/2026"" sem campanha correspondente";"Proposta fora de campanhas sazonais ativas";"Manter como ""Sem Campanha"" / ""Competência sem Campanha"", não associar campanha por inferência"
"026bdd55";"CONSTRUTORA QUEBEC S/A";"Proposta sem Campanha";"Competência ""01/07/2026"" sem campanha correspondente";"Proposta fora de campanhas sazonais ativas";"Manter como ""Sem Campanha"" / ""Competência sem Campanha"", não associar campanha por inferência"
"fad839c0";"JS DA SILVA SERVICOS ADMNISTRATIVOS LTDA";"Proposta sem Campanha";"Competência ""01/06/2026"" sem campanha correspondente";"Proposta fora de campanhas sazonais ativas";"Manter como ""Sem Campanha"" / ""Competência sem Campanha"", não associar campanha por inferência"
"7b6d8577";"AB HOLDING S/A";"Proposta sem Campanha";"Competência ""01/05/2026"" sem campanha correspondente";"Proposta fora de campanhas sazonais ativas";"Manter como ""Sem Campanha"" / ""Competência sem Campanha"", não associar campanha por inferência"
"4cb6db8b";"BLC SALVADOR S.A";"Proposta sem Campanha";"Competência ""01/05/2026"" sem campanha correspondente";"Proposta fora de campanhas sazonais ativas";"Manter como ""Sem Campanha"" / ""Competência sem Campanha"", não associar campanha por inferência"
"0596d264";"ESPORTE CLUBE VITORIA";"Proposta sem Campanha";"Competência ""01/05/2026"" sem campanha correspondente";"Proposta fora de campanhas sazonais ativas";"Manter como ""Sem Campanha"" / ""Competência sem Campanha"", não associar campanha por inferência"
"7ca6a8a0";"SIGMA RELOGIOS LTDA";"Proposta sem Campanha";"Competência ""01/05/2026"" sem campanha correspondente";"Proposta fora de campanhas sazonais ativas";"Manter como ""Sem Campanha"" / ""Competência sem Campanha"", não associar campanha por inferência"
"0ed69469";"CONSTRUCAP CCPS ENGENHARIA E COMERCIO SA";"Proposta sem Campanha";"Competência ""01/04/2026"" sem campanha correspondente";"Proposta fora de campanhas sazonais ativas";"Manter como ""Sem Campanha"" / ""Competência sem Campanha"", não associar campanha por inferência"
"a484e9d9";"ALECRIM";"Proposta sem Campanha";"Competência ""01/04/2026"" sem campanha correspondente";"Proposta fora de campanhas sazonais ativas";"Manter como ""Sem Campanha"" / ""Competência sem Campanha"", não associar campanha por inferência"
"f1f63204";"LYCEG SEGURANÇA PATRIMONIAL LTDA";"Proposta sem Campanha";"Competência ""01/07/2026"" sem campanha correspondente";"Proposta fora de campanhas sazonais ativas";"Manter como ""Sem Campanha"" / ""Competência sem Campanha"", não associar campanha por inferência"
"830396d1";"LIMPEX SERVIÇOS LTDA";"Proposta sem Campanha";"Competência ""01/07/2026"" sem campanha correspondente";"Proposta fora de campanhas sazonais ativas";"Manter como ""Sem Campanha"" / ""Competência sem Campanha"", não associar campanha por inferência"
"ca9f03ae";"METAL SUCA LTDA";"Proposta sem Campanha";"Competência ""01/07/2026"" sem campanha correspondente";"Proposta fora de campanhas sazonais ativas";"Manter como ""Sem Campanha"" / ""Competência sem Campanha"", não associar campanha por inferência"
"65f42b34";"ENGEMAN MANUTENÇÃO DE EQUIPAMENTOS COM E INDUSTRIA LTDA- MATRIZ";"Proposta sem Campanha";"Competência ""01/07/2026"" sem campanha correspondente";"Proposta fora de campanhas sazonais ativas";"Manter como ""Sem Campanha"" / ""Competência sem Campanha"", não associar campanha por inferência"
"b4ab0a71";"PARANAPANEMA S/A";"Proposta sem Campanha";"Competência ""01/07/2026"" sem campanha correspondente";"Proposta fora de campanhas sazonais ativas";"Manter como ""Sem Campanha"" / ""Competência sem Campanha"", não associar campanha por inferência"
"193bc31f";"HOSPITAL DA OBESIDADE LTDA";"Proposta sem Campanha";"Competência ""01/06/2026"" sem campanha correspondente";"Proposta fora de campanhas sazonais ativas";"Manter como ""Sem Campanha"" / ""Competência sem Campanha"", não associar campanha por inferência"
"b39a0998";"CROMEX SA";"Proposta sem Campanha";"Competência ""01/07/2026"" sem campanha correspondente";"Proposta fora de campanhas sazonais ativas";"Manter como ""Sem Campanha"" / ""Competência sem Campanha"", não associar campanha por inferência"
"e0573127";"CIA DE FERRO LIGAS DA BAHIA FERBASA";"Proposta sem Campanha";"Competência ""01/07/2026"" sem campanha correspondente";"Proposta fora de campanhas sazonais ativas";"Manter como ""Sem Campanha"" / ""Competência sem Campanha"", não associar campanha por inferência"
"fba9c473";"MAX FORTE SERVIÇOS DE SEGURANÇA LTDA";"Proposta sem Campanha";"Competência ""01/07/2026"" sem campanha correspondente";"Proposta fora de campanhas sazonais ativas";"Manter como ""Sem Campanha"" / ""Competência sem Campanha"", não associar campanha por inferência"
"d176da6b";"TEL CENTRO DE CONTATOS LTDA";"Proposta sem Campanha";"Competência ""01/07/2026"" sem campanha correspondente";"Proposta fora de campanhas sazonais ativas";"Manter como ""Sem Campanha"" / ""Competência sem Campanha"", não associar campanha por inferência"
"034abe81";"ENGEMAN MANUTENÇÃO DE EQUIPAMENTOS COM E INDUSTRIA LTDA";"Proposta sem Campanha";"Competência ""01/08/2026"" sem campanha correspondente";"Proposta fora de campanhas sazonais ativas";"Manter como ""Sem Campanha"" / ""Competência sem Campanha"", não associar campanha por inferência"
"658d1bc0";"LEADEC SERVICOS INDUSTRIAIS DO BRASIL LTDA";"Proposta sem Campanha";"Competência ""01/08/2026"" sem campanha correspondente";"Proposta fora de campanhas sazonais ativas";"Manter como ""Sem Campanha"" / ""Competência sem Campanha"", não associar campanha por inferência"
"325";"UNICA SOROCABA VIGILANCIA E SEGUROS";"Declínio sem Justificativa (RN-06)";"Status é ""Declinado pela SB Saúde"", mas Motivo_Declinio está vazio";"Violação da RN-06 no dado histórico original";"Solicitar justificativa retroativa formal ao gestor comercial responsável"
"985b949e";"TRASJOI TRANSPORTES LTDA";"Proposta sem Usuário Responsável";"Campo Usuario está vazio no registro histórico";"Não rastreabilidade de autoria inicial";"Decisão do administrador para atribuição de custódia da proposta"
"393";"30.490.224 WELLINGTON GOMES CAPISTRANO";"Faturamento Histórico Divergente de Vidas × TKM";"Faturamento Original: R$ 411,58 (411.58) | Calculado Vidas × TKM: R$ 411.60 | Dif: R$ -0.02";"Divergência matemática de centavos no legado; faturamento nominal original preservado";"Preservar o faturamento histórico original sem sobrescrever por fórmula matemática"
"401";"3G ELETRICIDADE LTDA";"Faturamento Histórico Divergente de Vidas × TKM";"Faturamento Original: R$ 437,74 (437.74) | Calculado Vidas × TKM: R$ 437.76 | Dif: R$ -0.02";"Divergência matemática de centavos no legado; faturamento nominal original preservado";"Preservar o faturamento histórico original sem sobrescrever por fórmula matemática"
"405";"44.879.469 JAKELINY ARAUJO DO NASCIMENTO";"Faturamento Histórico Divergente de Vidas × TKM";"Faturamento Original: R$ 647,66 (647.66) | Calculado Vidas × TKM: R$ 647.68 | Dif: R$ -0.02";"Divergência matemática de centavos no legado; faturamento nominal original preservado";"Preservar o faturamento histórico original sem sobrescrever por fórmula matemática"
"411";"49.953.996 JOSIEL ALMEIDA BASTOS DE JESUS";"Faturamento Histórico Divergente de Vidas × TKM";"Faturamento Original: R$ 437,74 (437.74) | Calculado Vidas × TKM: R$ 437.76 | Dif: R$ -0.02";"Divergência matemática de centavos no legado; faturamento nominal original preservado";"Preservar o faturamento histórico original sem sobrescrever por fórmula matemática"
"420";"52.992.986 RONALDO ZUPO BERNARDO";"Faturamento Histórico Divergente de Vidas × TKM";"Faturamento Original: R$ 724,13 (724.13) | Calculado Vidas × TKM: R$ 724.15 | Dif: R$ -0.02";"Divergência matemática de centavos no legado; faturamento nominal original preservado";"Preservar o faturamento histórico original sem sobrescrever por fórmula matemática"
"426";"ADCPLASP ASSESSORIA E COBRANCA LTDA";"Faturamento Histórico Divergente de Vidas × TKM";"Faturamento Original: R$ 40.327,64 (40327.64) | Calculado Vidas × TKM: R$ 40326.80 | Dif: R$ 0.84";"Divergência matemática de centavos no legado; faturamento nominal original preservado";"Preservar o faturamento histórico original sem sobrescrever por fórmula matemática"
"439";"AWM LOCACAO E TRANSPORTES LTDA";"Faturamento Histórico Divergente de Vidas × TKM";"Faturamento Original: R$ 5.008,63 (5008.63) | Calculado Vidas × TKM: R$ 5008.71 | Dif: R$ -0.08";"Divergência matemática de centavos no legado; faturamento nominal original preservado";"Preservar o faturamento histórico original sem sobrescrever por fórmula matemática"
"448";"CIA ITALIANA DE COMERCIO E SERVICOS LTDA";"Faturamento Histórico Divergente de Vidas × TKM";"Faturamento Original: R$ 1.150,22 (1150.22) | Calculado Vidas × TKM: R$ 1150.20 | Dif: R$ 0.02";"Divergência matemática de centavos no legado; faturamento nominal original preservado";"Preservar o faturamento histórico original sem sobrescrever por fórmula matemática"
"456";"DANIELA MENDES LEMOS 02783698552";"Faturamento Histórico Divergente de Vidas × TKM";"Faturamento Original: R$ 611,60 (611.6) | Calculado Vidas × TKM: R$ 611.58 | Dif: R$ 0.02";"Divergência matemática de centavos no legado; faturamento nominal original preservado";"Preservar o faturamento histórico original sem sobrescrever por fórmula matemática"
"457";"DANILO PEREIRA BARROS 36422172818";"Faturamento Histórico Divergente de Vidas × TKM";"Faturamento Original: R$ 513,77 (513.77) | Calculado Vidas × TKM: R$ 513.75 | Dif: R$ 0.02";"Divergência matemática de centavos no legado; faturamento nominal original preservado";"Preservar o faturamento histórico original sem sobrescrever por fórmula matemática"
"468";"EMPORIO DO SABOR BR LTDA";"Faturamento Histórico Divergente de Vidas × TKM";"Faturamento Original: R$ 432,18 (432.18) | Calculado Vidas × TKM: R$ 432.20 | Dif: R$ -0.02";"Divergência matemática de centavos no legado; faturamento nominal original preservado";"Preservar o faturamento histórico original sem sobrescrever por fórmula matemática"
"471";"GISLAINE ERNANDES KOUNOVSKY 21608061884";"Faturamento Histórico Divergente de Vidas × TKM";"Faturamento Original: R$ 761,28 (761.28) | Calculado Vidas × TKM: R$ 761.25 | Dif: R$ 0.03";"Divergência matemática de centavos no legado; faturamento nominal original preservado";"Preservar o faturamento histórico original sem sobrescrever por fórmula matemática"
"472";"GL TRATAMENTO DE RESIDUOS LTDA";"Faturamento Histórico Divergente de Vidas × TKM";"Faturamento Original: R$ 3.139,71 (3139.71) | Calculado Vidas × TKM: R$ 3139.62 | Dif: R$ 0.09";"Divergência matemática de centavos no legado; faturamento nominal original preservado";"Preservar o faturamento histórico original sem sobrescrever por fórmula matemática"
"474";"GOLF SEGURANCA LTDA";"Faturamento Histórico Divergente de Vidas × TKM";"Faturamento Original: R$ 5.886,25 (5886.25) | Calculado Vidas × TKM: R$ 5886.42 | Dif: R$ -0.17";"Divergência matemática de centavos no legado; faturamento nominal original preservado";"Preservar o faturamento histórico original sem sobrescrever por fórmula matemática"
"477";"IGOR MAGNO FERNANDES DA SILVA 44841298843";"Faturamento Histórico Divergente de Vidas × TKM";"Faturamento Original: R$ 520,33 (520.33) | Calculado Vidas × TKM: R$ 520.35 | Dif: R$ -0.02";"Divergência matemática de centavos no legado; faturamento nominal original preservado";"Preservar o faturamento histórico original sem sobrescrever por fórmula matemática"
"480";"INVICTA SOLUCOES EM SERVICOS LTDA";"Faturamento Histórico Divergente de Vidas × TKM";"Faturamento Original: R$ 13.423,79 (13423.79) | Calculado Vidas × TKM: R$ 13423.66 | Dif: R$ 0.13";"Divergência matemática de centavos no legado; faturamento nominal original preservado";"Preservar o faturamento histórico original sem sobrescrever por fórmula matemática"
"502";"MPN COMERCIO E SERVICOS DE MANUTENCAO DE EQUIPAMENTOS LTDA";"Faturamento Histórico Divergente de Vidas × TKM";"Faturamento Original: R$ 466,82 (466.82) | Calculado Vidas × TKM: R$ 466.84 | Dif: R$ -0.02";"Divergência matemática de centavos no legado; faturamento nominal original preservado";"Preservar o faturamento histórico original sem sobrescrever por fórmula matemática"
"514";"PEREGRINO CENTER LTDA";"Faturamento Histórico Divergente de Vidas × TKM";"Faturamento Original: R$ 775,77 (775.77) | Calculado Vidas × TKM: R$ 775.80 | Dif: R$ -0.03";"Divergência matemática de centavos no legado; faturamento nominal original preservado";"Preservar o faturamento histórico original sem sobrescrever por fórmula matemática"
"519";"RODRIGO SOUZA LIMA DOMINGUES 35736218801";"Faturamento Histórico Divergente de Vidas × TKM";"Faturamento Original: R$ 411,58 (411.58) | Calculado Vidas × TKM: R$ 411.60 | Dif: R$ -0.02";"Divergência matemática de centavos no legado; faturamento nominal original preservado";"Preservar o faturamento histórico original sem sobrescrever por fórmula matemática"
"532";"VALORIZE CORRETORA ASSESSORIA CONSULTORIA E ADMINISTRADORA DE SEGUROS LTDA";"Faturamento Histórico Divergente de Vidas × TKM";"Faturamento Original: R$ 3.038,27 (3038.27) | Calculado Vidas × TKM: R$ 3038.16 | Dif: R$ 0.11";"Divergência matemática de centavos no legado; faturamento nominal original preservado";"Preservar o faturamento histórico original sem sobrescrever por fórmula matemática"